cluster_method,threshold,cluster_parameter,weighted_entropy,relative_num_clusters,weighted_dissimilarity
agglomerative,0.0,1,999,0.00019007793195210037,0.5577239990234375
agglomerative,0.0,56,999,0.01064436418931762,0.40802115201950073
agglomerative,0.0,112,999,0.02128872837863524,0.34705406427383423
agglomerative,0.0,167,999,0.03174301463600076,0.31969451904296875
agglomerative,0.0,222,999,0.04219730089336628,0.3009956479072571
agglomerative,0.0,278,999,0.0528416650826839,0.28765755891799927
agglomerative,0.0,333,999,0.06329595134004942,0.27822232246398926
agglomerative,0.0,389,999,0.07394031552936704,0.26988399028778076
agglomerative,0.0,444,999,0.08439460178673255,0.26128411293029785
agglomerative,0.0,499,999,0.09484888804409808,0.25438392162323
agglomerative,0.0,555,999,0.1054932522334157,0.247738778591156
agglomerative,0.0,610,999,0.11594753849078122,0.24092888832092285
agglomerative,0.0,665,999,0.12640182474814673,0.23447483777999878
agglomerative,0.0,721,999,0.13704618893746437,0.22737926244735718
agglomerative,0.0,776,999,0.14750047519482987,0.22208213806152344
agglomerative,0.0,832,999,0.1581448393841475,0.21480590105056763
agglomerative,0.0,887,999,0.16859912564151303,0.21081817150115967
agglomerative,0.0,942,999,0.17905341189887855,0.20681285858154297
agglomerative,0.0,998,999,0.18969777608819616,0.20176690816879272
agglomerative,0.0,1053,999,0.20015206234556168,0.19738554954528809
agglomerative,0.0,1108,999,0.2106063486029272,0.19374418258666992
agglomerative,0.0,1164,999,0.2212507127922448,0.18903589248657227
agglomerative,0.0,1219,999,0.23170499904961034,0.18362587690353394
agglomerative,0.0,1274,999,0.24215928530697586,0.18021810054779053
agglomerative,0.0,1330,999,0.25280364949629347,0.1761791706085205
agglomerative,0.0,1385,999,0.263257935753659,0.17245244979858398
agglomerative,0.0,1441,999,0.2739022999429766,0.16738677024841309
agglomerative,0.0,1496,999,0.28435658620034215,0.16434210538864136
agglomerative,0.0,1551,999,0.29481087245770765,0.16124027967453003
agglomerative,0.0,1607,999,0.3054552366470253,0.15726375579833984
agglomerative,0.0,1662,999,0.3159095229043908,0.15383416414260864
agglomerative,0.0,1717,999,0.32636380916175634,0.14979779720306396
agglomerative,0.0,1773,999,0.3370081733510739,0.1462957262992859
agglomerative,0.0,1828,999,0.34746245960843947,0.1435028314590454
agglomerative,0.0,1884,999,0.3581068237977571,0.1399674415588379
agglomerative,0.0,1939,999,0.3685611100551226,0.13629919290542603
agglomerative,0.0,1994,999,0.3790153963124881,0.13353180885314941
agglomerative,0.0,2050,999,0.38965976050180573,0.13030380010604858
agglomerative,0.0,2105,999,0.4001140467591713,0.12737363576889038
agglomerative,0.0,2160,999,0.4105683330165368,0.12440437078475952
agglomerative,0.0,2216,999,0.4212126972058544,0.12050288915634155
agglomerative,0.0,2271,999,0.4316669834632199,0.1175183653831482
agglomerative,0.0,2326,999,0.44212126972058546,0.11465060710906982
agglomerative,0.0,2382,999,0.45276563390990304,0.1119648814201355
agglomerative,0.0,2437,999,0.4632199201672686,0.10917001962661743
agglomerative,0.0,2493,999,0.4738642843565862,0.10622227191925049
agglomerative,0.0,2548,999,0.4843185706139517,0.10317736864089966
agglomerative,0.0,2603,999,0.4947728568713172,0.10010296106338501
agglomerative,0.0,2659,999,0.5054172210606349,0.09711021184921265
agglomerative,0.0,2714,999,0.5158715073180004,0.09375131130218506
agglomerative,0.0,2769,999,0.5263257935753659,0.0907248854637146
agglomerative,0.0,2825,999,0.5369701577646835,0.08808696269989014
agglomerative,0.0,2880,999,0.547424444022049,0.08492696285247803
agglomerative,0.0,2936,999,0.5580688082113666,0.08232557773590088
agglomerative,0.0,2991,999,0.5685230944687322,0.0794907808303833
agglomerative,0.0,3046,999,0.5789773807260977,0.07675081491470337
agglomerative,0.0,3102,999,0.5896217449154153,0.07412564754486084
agglomerative,0.0,3157,999,0.6000760311727809,0.07114219665527344
agglomerative,0.0,3212,999,0.6105303174301464,0.06834566593170166
agglomerative,0.0,3268,999,0.621174681619464,0.06537818908691406
agglomerative,0.0,3323,999,0.6316289678768295,0.06254845857620239
agglomerative,0.0,3378,999,0.642083254134195,0.05993276834487915
agglomerative,0.0,3434,999,0.6527276183235127,0.057363927364349365
agglomerative,0.0,3489,999,0.6631819045808781,0.05474412441253662
agglomerative,0.0,3545,999,0.6738262687701958,0.052416443824768066
agglomerative,0.0,3600,999,0.6842805550275614,0.05016261339187622
agglomerative,0.0,3655,999,0.6947348412849268,0.048027634620666504
agglomerative,0.0,3711,999,0.7053792054742445,0.045967280864715576
agglomerative,0.0,3766,999,0.7158334917316099,0.043714284896850586
agglomerative,0.0,3821,999,0.7262877779889755,0.041697025299072266
agglomerative,0.0,3877,999,0.7369321421782931,0.03981727361679077
agglomerative,0.0,3932,999,0.7473864284356586,0.03797781467437744
agglomerative,0.0,3988,999,0.7580307926249762,0.03635376691818237
agglomerative,0.0,4043,999,0.7684850788823417,0.03449881076812744
agglomerative,0.0,4098,999,0.7789393651397073,0.03274446725845337
agglomerative,0.0,4154,999,0.7895837293290249,0.031235218048095703
agglomerative,0.0,4209,999,0.8000380155863904,0.029814958572387695
agglomerative,0.0,4264,999,0.810492301843756,0.028199195861816406
agglomerative,0.0,4320,999,0.8211366660330736,0.026737570762634277
agglomerative,0.0,4375,999,0.8315909522904391,0.025334537029266357
agglomerative,0.0,4430,999,0.8420452385478046,0.02358400821685791
agglomerative,0.0,4486,999,0.8526896027371222,0.022075235843658447
agglomerative,0.0,4541,999,0.8631438889944877,0.020731449127197266
agglomerative,0.0,4597,999,0.8737882531838054,0.019293785095214844
agglomerative,0.0,4652,999,0.8842425394411709,0.01798766851425171
agglomerative,0.0,4707,999,0.8946968256985364,0.016705751419067383
agglomerative,0.0,4763,999,0.9053411898878541,0.015252470970153809
agglomerative,0.0,4818,999,0.9157954761452195,0.013816118240356445
agglomerative,0.0,4873,999,0.926249762402585,0.012338101863861084
agglomerative,0.0,4929,999,0.9368941265919026,0.010680198669433594
agglomerative,0.0,4984,999,0.9473484128492682,0.009021639823913574
agglomerative,0.0,5040,999,0.9579927770385859,0.00724184513092041
agglomerative,0.0,5095,999,0.9684470632959513,0.0052343010902404785
agglomerative,0.0,5150,999,0.9789013495533169,0.0029491186141967773
agglomerative,0.0,5206,999,0.9895457137426344,0.000409543514251709
agglomerative,0.0,5261,999,1.0,0.0
agglomerative,0.01,1,999,0.00019007793195210037,0.5577239990234375
agglomerative,0.01,56,999,0.01064436418931762,0.40802115201950073
agglomerative,0.01,112,999,0.02128872837863524,0.34705406427383423
agglomerative,0.01,167,999,0.03174301463600076,0.31969451904296875
agglomerative,0.01,222,999,0.04219730089336628,0.3009956479072571
agglomerative,0.01,278,999,0.0528416650826839,0.28765755891799927
agglomerative,0.01,333,999,0.06329595134004942,0.27822232246398926
agglomerative,0.01,389,999,0.07394031552936704,0.26988399028778076
agglomerative,0.01,444,999,0.08439460178673255,0.26128411293029785
agglomerative,0.01,499,999,0.09484888804409808,0.25438392162323
agglomerative,0.01,555,999,0.1054932522334157,0.247738778591156
agglomerative,0.01,610,999,0.11594753849078122,0.24092888832092285
agglomerative,0.01,665,999,0.12640182474814673,0.23447483777999878
agglomerative,0.01,721,999,0.13704618893746437,0.22737926244735718
agglomerative,0.01,776,999,0.14750047519482987,0.22208213806152344
agglomerative,0.01,832,999,0.1581448393841475,0.21480590105056763
agglomerative,0.01,887,999,0.16859912564151303,0.21081817150115967
agglomerative,0.01,942,999,0.17905341189887855,0.20681285858154297
agglomerative,0.01,998,999,0.18969777608819616,0.20176690816879272
agglomerative,0.01,1053,999,0.20015206234556168,0.19738554954528809
agglomerative,0.01,1108,999,0.2106063486029272,0.19374418258666992
agglomerative,0.01,1164,999,0.2212507127922448,0.18903589248657227
agglomerative,0.01,1219,999,0.23170499904961034,0.18362587690353394
agglomerative,0.01,1274,999,0.24215928530697586,0.18021810054779053
agglomerative,0.01,1330,999,0.25280364949629347,0.1761791706085205
agglomerative,0.01,1385,999,0.263257935753659,0.17245244979858398
agglomerative,0.01,1441,999,0.2739022999429766,0.16738677024841309
agglomerative,0.01,1496,999,0.28435658620034215,0.16434210538864136
agglomerative,0.01,1551,999,0.29481087245770765,0.16124027967453003
agglomerative,0.01,1607,999,0.3054552366470253,0.15726375579833984
agglomerative,0.01,1662,999,0.3159095229043908,0.15383416414260864
agglomerative,0.01,1717,999,0.32636380916175634,0.14979779720306396
agglomerative,0.01,1773,999,0.3370081733510739,0.1462957262992859
agglomerative,0.01,1828,999,0.34746245960843947,0.1435028314590454
agglomerative,0.01,1884,999,0.3581068237977571,0.1399674415588379
agglomerative,0.01,1939,999,0.3685611100551226,0.13629919290542603
agglomerative,0.01,1994,999,0.3790153963124881,0.13353180885314941
agglomerative,0.01,2050,999,0.38965976050180573,0.13030380010604858
agglomerative,0.01,2105,999,0.4001140467591713,0.12737363576889038
agglomerative,0.01,2160,999,0.4105683330165368,0.12440437078475952
agglomerative,0.01,2216,999,0.4212126972058544,0.12050288915634155
agglomerative,0.01,2271,999,0.4316669834632199,0.1175183653831482
agglomerative,0.01,2326,999,0.44212126972058546,0.11465060710906982
agglomerative,0.01,2382,999,0.45276563390990304,0.1119648814201355
agglomerative,0.01,2437,999,0.4632199201672686,0.10917001962661743
agglomerative,0.01,2493,999,0.4738642843565862,0.10622227191925049
agglomerative,0.01,2548,999,0.4843185706139517,0.10317736864089966
agglomerative,0.01,2603,999,0.4947728568713172,0.10010296106338501
agglomerative,0.01,2659,999,0.5054172210606349,0.09711021184921265
agglomerative,0.01,2714,999,0.5158715073180004,0.09375131130218506
agglomerative,0.01,2769,999,0.5263257935753659,0.0907248854637146
agglomerative,0.01,2825,999,0.5369701577646835,0.08808696269989014
agglomerative,0.01,2880,999,0.547424444022049,0.08492696285247803
agglomerative,0.01,2936,999,0.5580688082113666,0.08232557773590088
agglomerative,0.01,2991,999,0.5685230944687322,0.0794907808303833
agglomerative,0.01,3046,999,0.5789773807260977,0.07675081491470337
agglomerative,0.01,3102,999,0.5896217449154153,0.07412564754486084
agglomerative,0.01,3157,999,0.6000760311727809,0.07114219665527344
agglomerative,0.01,3212,999,0.6105303174301464,0.06834566593170166
agglomerative,0.01,3268,999,0.621174681619464,0.06537818908691406
agglomerative,0.01,3323,999,0.6316289678768295,0.06254845857620239
agglomerative,0.01,3378,999,0.642083254134195,0.05993276834487915
agglomerative,0.01,3434,999,0.6527276183235127,0.057363927364349365
agglomerative,0.01,3489,999,0.6631819045808781,0.05474412441253662
agglomerative,0.01,3545,999,0.6738262687701958,0.052416443824768066
agglomerative,0.01,3600,999,0.6842805550275614,0.05016261339187622
agglomerative,0.01,3655,999,0.6947348412849268,0.048027634620666504
agglomerative,0.01,3711,999,0.7053792054742445,0.045967280864715576
agglomerative,0.01,3766,999,0.7158334917316099,0.043714284896850586
agglomerative,0.01,3821,999,0.7262877779889755,0.041697025299072266
agglomerative,0.01,3877,999,0.7369321421782931,0.03981727361679077
agglomerative,0.01,3932,999,0.7473864284356586,0.03797781467437744
agglomerative,0.01,3988,999,0.7580307926249762,0.03635376691818237
agglomerative,0.01,4043,999,0.7684850788823417,0.03449881076812744
agglomerative,0.01,4098,999,0.7789393651397073,0.03274446725845337
agglomerative,0.01,4154,999,0.7895837293290249,0.031235218048095703
agglomerative,0.01,4209,999,0.8000380155863904,0.029814958572387695
agglomerative,0.01,4264,999,0.810492301843756,0.028199195861816406
agglomerative,0.01,4320,999,0.8211366660330736,0.026737570762634277
agglomerative,0.01,4375,999,0.8315909522904391,0.025334537029266357
agglomerative,0.01,4430,999,0.8420452385478046,0.02358400821685791
agglomerative,0.01,4486,999,0.8526896027371222,0.022075235843658447
agglomerative,0.01,4541,999,0.8631438889944877,0.020731449127197266
agglomerative,0.01,4597,999,0.8737882531838054,0.019293785095214844
agglomerative,0.01,4652,999,0.8842425394411709,0.01798766851425171
agglomerative,0.01,4707,999,0.8946968256985364,0.016705751419067383
agglomerative,0.01,4763,999,0.9053411898878541,0.015252470970153809
agglomerative,0.01,4818,999,0.9157954761452195,0.013816118240356445
agglomerative,0.01,4873,999,0.926249762402585,0.012338101863861084
agglomerative,0.01,4929,999,0.9368941265919026,0.010680198669433594
agglomerative,0.01,4984,999,0.9473484128492682,0.009021639823913574
agglomerative,0.01,5040,999,0.9579927770385859,0.00724184513092041
agglomerative,0.01,5095,999,0.9684470632959513,0.0052343010902404785
agglomerative,0.01,5150,999,0.9789013495533169,0.0029491186141967773
agglomerative,0.01,5206,999,0.9895457137426344,0.000409543514251709
agglomerative,0.01,5261,999,1.0,0.0
agglomerative,0.02,1,999,0.00019007793195210037,0.5577239990234375
agglomerative,0.02,56,999,0.01064436418931762,0.40802115201950073
agglomerative,0.02,112,999,0.02128872837863524,0.34705406427383423
agglomerative,0.02,167,999,0.03174301463600076,0.31969451904296875
agglomerative,0.02,222,999,0.04219730089336628,0.3009956479072571
agglomerative,0.02,278,999,0.0528416650826839,0.28765755891799927
agglomerative,0.02,333,999,0.06329595134004942,0.27822232246398926
agglomerative,0.02,389,999,0.07394031552936704,0.26988399028778076
agglomerative,0.02,444,999,0.08439460178673255,0.26128411293029785
agglomerative,0.02,499,999,0.09484888804409808,0.25438392162323
agglomerative,0.02,555,999,0.1054932522334157,0.247738778591156
agglomerative,0.02,610,999,0.11594753849078122,0.24092888832092285
agglomerative,0.02,665,999,0.12640182474814673,0.23447483777999878
agglomerative,0.02,721,999,0.13704618893746437,0.22737926244735718
agglomerative,0.02,776,999,0.14750047519482987,0.22208213806152344
agglomerative,0.02,832,999,0.1581448393841475,0.21480590105056763
agglomerative,0.02,887,999,0.16859912564151303,0.21081817150115967
agglomerative,0.02,942,999,0.17905341189887855,0.20681285858154297
agglomerative,0.02,998,999,0.18969777608819616,0.20176690816879272
agglomerative,0.02,1053,999,0.20015206234556168,0.19738554954528809
agglomerative,0.02,1108,999,0.2106063486029272,0.19374418258666992
agglomerative,0.02,1164,999,0.2212507127922448,0.18903589248657227
agglomerative,0.02,1219,999,0.23170499904961034,0.18362587690353394
agglomerative,0.02,1274,999,0.24215928530697586,0.18021810054779053
agglomerative,0.02,1330,999,0.25280364949629347,0.1761791706085205
agglomerative,0.02,1385,999,0.263257935753659,0.17245244979858398
agglomerative,0.02,1441,999,0.2739022999429766,0.16738677024841309
agglomerative,0.02,1496,999,0.28435658620034215,0.16434210538864136
agglomerative,0.02,1551,999,0.29481087245770765,0.16124027967453003
agglomerative,0.02,1607,999,0.3054552366470253,0.15726375579833984
agglomerative,0.02,1662,999,0.3159095229043908,0.15383416414260864
agglomerative,0.02,1717,999,0.32636380916175634,0.14979779720306396
agglomerative,0.02,1773,999,0.3370081733510739,0.1462957262992859
agglomerative,0.02,1828,999,0.34746245960843947,0.1435028314590454
agglomerative,0.02,1884,999,0.3581068237977571,0.1399674415588379
agglomerative,0.02,1939,999,0.3685611100551226,0.13629919290542603
agglomerative,0.02,1994,999,0.3790153963124881,0.13353180885314941
agglomerative,0.02,2050,999,0.38965976050180573,0.13030380010604858
agglomerative,0.02,2105,999,0.4001140467591713,0.12737363576889038
agglomerative,0.02,2160,999,0.4105683330165368,0.12440437078475952
agglomerative,0.02,2216,999,0.4212126972058544,0.12050288915634155
agglomerative,0.02,2271,999,0.4316669834632199,0.1175183653831482
agglomerative,0.02,2326,999,0.44212126972058546,0.11465060710906982
agglomerative,0.02,2382,999,0.45276563390990304,0.1119648814201355
agglomerative,0.02,2437,999,0.4632199201672686,0.10917001962661743
agglomerative,0.02,2493,999,0.4738642843565862,0.10622227191925049
agglomerative,0.02,2548,999,0.4843185706139517,0.10317736864089966
agglomerative,0.02,2603,999,0.4947728568713172,0.10010296106338501
agglomerative,0.02,2659,999,0.5054172210606349,0.09711021184921265
agglomerative,0.02,2714,999,0.5158715073180004,0.09375131130218506
agglomerative,0.02,2769,999,0.5263257935753659,0.0907248854637146
agglomerative,0.02,2825,999,0.5369701577646835,0.08808696269989014
agglomerative,0.02,2880,999,0.547424444022049,0.08492696285247803
agglomerative,0.02,2936,999,0.5580688082113666,0.08232557773590088
agglomerative,0.02,2991,999,0.5685230944687322,0.0794907808303833
agglomerative,0.02,3046,999,0.5789773807260977,0.07675081491470337
agglomerative,0.02,3102,999,0.5896217449154153,0.07412564754486084
agglomerative,0.02,3157,999,0.6000760311727809,0.07114219665527344
agglomerative,0.02,3212,999,0.6105303174301464,0.06834566593170166
agglomerative,0.02,3268,999,0.621174681619464,0.06537818908691406
agglomerative,0.02,3323,999,0.6316289678768295,0.06254845857620239
agglomerative,0.02,3378,999,0.642083254134195,0.05993276834487915
agglomerative,0.02,3434,999,0.6527276183235127,0.057363927364349365
agglomerative,0.02,3489,999,0.6631819045808781,0.05474412441253662
agglomerative,0.02,3545,999,0.6738262687701958,0.052416443824768066
agglomerative,0.02,3600,999,0.6842805550275614,0.05016261339187622
agglomerative,0.02,3655,999,0.6947348412849268,0.048027634620666504
agglomerative,0.02,3711,999,0.7053792054742445,0.045967280864715576
agglomerative,0.02,3766,999,0.7158334917316099,0.043714284896850586
agglomerative,0.02,3821,999,0.7262877779889755,0.041697025299072266
agglomerative,0.02,3877,999,0.7369321421782931,0.03981727361679077
agglomerative,0.02,3932,999,0.7473864284356586,0.03797781467437744
agglomerative,0.02,3988,999,0.7580307926249762,0.03635376691818237
agglomerative,0.02,4043,999,0.7684850788823417,0.03449881076812744
agglomerative,0.02,4098,999,0.7789393651397073,0.03274446725845337
agglomerative,0.02,4154,999,0.7895837293290249,0.031235218048095703
agglomerative,0.02,4209,999,0.8000380155863904,0.029814958572387695
agglomerative,0.02,4264,999,0.810492301843756,0.028199195861816406
agglomerative,0.02,4320,999,0.8211366660330736,0.026737570762634277
agglomerative,0.02,4375,999,0.8315909522904391,0.025334537029266357
agglomerative,0.02,4430,999,0.8420452385478046,0.02358400821685791
agglomerative,0.02,4486,999,0.8526896027371222,0.022075235843658447
agglomerative,0.02,4541,999,0.8631438889944877,0.020731449127197266
agglomerative,0.02,4597,999,0.8737882531838054,0.019293785095214844
agglomerative,0.02,4652,999,0.8842425394411709,0.01798766851425171
agglomerative,0.02,4707,999,0.8946968256985364,0.016705751419067383
agglomerative,0.02,4763,999,0.9053411898878541,0.015252470970153809
agglomerative,0.02,4818,999,0.9157954761452195,0.013816118240356445
agglomerative,0.02,4873,999,0.926249762402585,0.012338101863861084
agglomerative,0.02,4929,999,0.9368941265919026,0.010680198669433594
agglomerative,0.02,4984,999,0.9473484128492682,0.009021639823913574
agglomerative,0.02,5040,999,0.9579927770385859,0.00724184513092041
agglomerative,0.02,5095,999,0.9684470632959513,0.0052343010902404785
agglomerative,0.02,5150,999,0.9789013495533169,0.0029491186141967773
agglomerative,0.02,5206,999,0.9895457137426344,0.000409543514251709
agglomerative,0.02,5261,999,1.0,0.0
agglomerative,0.03,1,999,0.00019007793195210037,0.5577239990234375
agglomerative,0.03,56,999,0.01064436418931762,0.40802115201950073
agglomerative,0.03,112,999,0.02128872837863524,0.34705406427383423
agglomerative,0.03,167,999,0.03174301463600076,0.31969451904296875
agglomerative,0.03,222,999,0.04219730089336628,0.3009956479072571
agglomerative,0.03,278,999,0.0528416650826839,0.28765755891799927
agglomerative,0.03,333,999,0.06329595134004942,0.27822232246398926
agglomerative,0.03,389,999,0.07394031552936704,0.26988399028778076
agglomerative,0.03,444,999,0.08439460178673255,0.26128411293029785
agglomerative,0.03,499,999,0.09484888804409808,0.25438392162323
agglomerative,0.03,555,999,0.1054932522334157,0.247738778591156
agglomerative,0.03,610,999,0.11594753849078122,0.24092888832092285
agglomerative,0.03,665,999,0.12640182474814673,0.23447483777999878
agglomerative,0.03,721,999,0.13704618893746437,0.22737926244735718
agglomerative,0.03,776,999,0.14750047519482987,0.22208213806152344
agglomerative,0.03,832,999,0.1581448393841475,0.21480590105056763
agglomerative,0.03,887,999,0.16859912564151303,0.21081817150115967
agglomerative,0.03,942,999,0.17905341189887855,0.20681285858154297
agglomerative,0.03,998,999,0.18969777608819616,0.20176690816879272
agglomerative,0.03,1053,999,0.20015206234556168,0.19738554954528809
agglomerative,0.03,1108,999,0.2106063486029272,0.19374418258666992
agglomerative,0.03,1164,999,0.2212507127922448,0.18903589248657227
agglomerative,0.03,1219,999,0.23170499904961034,0.18362587690353394
agglomerative,0.03,1274,999,0.24215928530697586,0.18021810054779053
agglomerative,0.03,1330,999,0.25280364949629347,0.1761791706085205
agglomerative,0.03,1385,999,0.263257935753659,0.17245244979858398
agglomerative,0.03,1441,999,0.2739022999429766,0.16738677024841309
agglomerative,0.03,1496,999,0.28435658620034215,0.16434210538864136
agglomerative,0.03,1551,999,0.29481087245770765,0.16124027967453003
agglomerative,0.03,1607,999,0.3054552366470253,0.15726375579833984
agglomerative,0.03,1662,999,0.3159095229043908,0.15383416414260864
agglomerative,0.03,1717,999,0.32636380916175634,0.14979779720306396
agglomerative,0.03,1773,999,0.3370081733510739,0.1462957262992859
agglomerative,0.03,1828,999,0.34746245960843947,0.1435028314590454
agglomerative,0.03,1884,999,0.3581068237977571,0.1399674415588379
agglomerative,0.03,1939,999,0.3685611100551226,0.13629919290542603
agglomerative,0.03,1994,999,0.3790153963124881,0.13353180885314941
agglomerative,0.03,2050,999,0.38965976050180573,0.13030380010604858
agglomerative,0.03,2105,999,0.4001140467591713,0.12737363576889038
agglomerative,0.03,2160,999,0.4105683330165368,0.12440437078475952
agglomerative,0.03,2216,999,0.4212126972058544,0.12050288915634155
agglomerative,0.03,2271,999,0.4316669834632199,0.1175183653831482
agglomerative,0.03,2326,999,0.44212126972058546,0.11465060710906982
agglomerative,0.03,2382,999,0.45276563390990304,0.1119648814201355
agglomerative,0.03,2437,999,0.4632199201672686,0.10917001962661743
agglomerative,0.03,2493,999,0.4738642843565862,0.10622227191925049
agglomerative,0.03,2548,999,0.4843185706139517,0.10317736864089966
agglomerative,0.03,2603,999,0.4947728568713172,0.10010296106338501
agglomerative,0.03,2659,999,0.5054172210606349,0.09711021184921265
agglomerative,0.03,2714,999,0.5158715073180004,0.09375131130218506
agglomerative,0.03,2769,999,0.5263257935753659,0.0907248854637146
agglomerative,0.03,2825,999,0.5369701577646835,0.08808696269989014
agglomerative,0.03,2880,999,0.547424444022049,0.08492696285247803
agglomerative,0.03,2936,999,0.5580688082113666,0.08232557773590088
agglomerative,0.03,2991,999,0.5685230944687322,0.0794907808303833
agglomerative,0.03,3046,999,0.5789773807260977,0.07675081491470337
agglomerative,0.03,3102,999,0.5896217449154153,0.07412564754486084
agglomerative,0.03,3157,999,0.6000760311727809,0.07114219665527344
agglomerative,0.03,3212,999,0.6105303174301464,0.06834566593170166
agglomerative,0.03,3268,999,0.621174681619464,0.06537818908691406
agglomerative,0.03,3323,999,0.6316289678768295,0.06254845857620239
agglomerative,0.03,3378,999,0.642083254134195,0.05993276834487915
agglomerative,0.03,3434,999,0.6527276183235127,0.057363927364349365
agglomerative,0.03,3489,999,0.6631819045808781,0.05474412441253662
agglomerative,0.03,3545,999,0.6738262687701958,0.052416443824768066
agglomerative,0.03,3600,999,0.6842805550275614,0.05016261339187622
agglomerative,0.03,3655,999,0.6947348412849268,0.048027634620666504
agglomerative,0.03,3711,999,0.7053792054742445,0.045967280864715576
agglomerative,0.03,3766,999,0.7158334917316099,0.043714284896850586
agglomerative,0.03,3821,999,0.7262877779889755,0.041697025299072266
agglomerative,0.03,3877,999,0.7369321421782931,0.03981727361679077
agglomerative,0.03,3932,999,0.7473864284356586,0.03797781467437744
agglomerative,0.03,3988,999,0.7580307926249762,0.03635376691818237
agglomerative,0.03,4043,999,0.7684850788823417,0.03449881076812744
agglomerative,0.03,4098,999,0.7789393651397073,0.03274446725845337
agglomerative,0.03,4154,999,0.7895837293290249,0.031235218048095703
agglomerative,0.03,4209,999,0.8000380155863904,0.029814958572387695
agglomerative,0.03,4264,999,0.810492301843756,0.028199195861816406
agglomerative,0.03,4320,999,0.8211366660330736,0.026737570762634277
agglomerative,0.03,4375,999,0.8315909522904391,0.025334537029266357
agglomerative,0.03,4430,999,0.8420452385478046,0.02358400821685791
agglomerative,0.03,4486,999,0.8526896027371222,0.022075235843658447
agglomerative,0.03,4541,999,0.8631438889944877,0.020731449127197266
agglomerative,0.03,4597,999,0.8737882531838054,0.019293785095214844
agglomerative,0.03,4652,999,0.8842425394411709,0.01798766851425171
agglomerative,0.03,4707,999,0.8946968256985364,0.016705751419067383
agglomerative,0.03,4763,999,0.9053411898878541,0.015252470970153809
agglomerative,0.03,4818,999,0.9157954761452195,0.013816118240356445
agglomerative,0.03,4873,999,0.926249762402585,0.012338101863861084
agglomerative,0.03,4929,999,0.9368941265919026,0.010680198669433594
agglomerative,0.03,4984,999,0.9473484128492682,0.009021639823913574
agglomerative,0.03,5040,999,0.9579927770385859,0.00724184513092041
agglomerative,0.03,5095,999,0.9684470632959513,0.0052343010902404785
agglomerative,0.03,5150,999,0.9789013495533169,0.0029491186141967773
agglomerative,0.03,5206,999,0.9895457137426344,0.000409543514251709
agglomerative,0.03,5261,999,1.0,0.0
agglomerative,0.04,1,999,0.00019007793195210037,0.5577240586280823
agglomerative,0.04,56,999,0.01064436418931762,0.40802115201950073
agglomerative,0.04,112,999,0.02128872837863524,0.34705406427383423
agglomerative,0.04,167,999,0.03174301463600076,0.31969451904296875
agglomerative,0.04,222,999,0.04219730089336628,0.3009956479072571
agglomerative,0.04,278,999,0.0528416650826839,0.28765755891799927
agglomerative,0.04,333,999,0.06329595134004942,0.27822232246398926
agglomerative,0.04,389,999,0.07394031552936704,0.26988399028778076
agglomerative,0.04,444,999,0.08439460178673255,0.26128411293029785
agglomerative,0.04,499,999,0.09484888804409808,0.25438392162323
agglomerative,0.04,555,999,0.1054932522334157,0.247738778591156
agglomerative,0.04,610,999,0.11594753849078122,0.24092888832092285
agglomerative,0.04,665,999,0.12640182474814673,0.23447483777999878
agglomerative,0.04,721,999,0.13704618893746437,0.22737926244735718
agglomerative,0.04,776,999,0.14750047519482987,0.22208213806152344
agglomerative,0.04,832,999,0.1581448393841475,0.21480590105056763
agglomerative,0.04,887,999,0.16859912564151303,0.21081817150115967
agglomerative,0.04,942,999,0.17905341189887855,0.20681285858154297
agglomerative,0.04,998,999,0.18969777608819616,0.20176690816879272
agglomerative,0.04,1053,999,0.20015206234556168,0.19738554954528809
agglomerative,0.04,1108,999,0.2106063486029272,0.19374418258666992
agglomerative,0.04,1164,999,0.2212507127922448,0.18903589248657227
agglomerative,0.04,1219,999,0.23170499904961034,0.18362587690353394
agglomerative,0.04,1274,999,0.24215928530697586,0.18021810054779053
agglomerative,0.04,1330,999,0.25280364949629347,0.1761791706085205
agglomerative,0.04,1385,999,0.263257935753659,0.17245244979858398
agglomerative,0.04,1441,999,0.2739022999429766,0.16738677024841309
agglomerative,0.04,1496,999,0.28435658620034215,0.16434210538864136
agglomerative,0.04,1551,999,0.29481087245770765,0.16124027967453003
agglomerative,0.04,1607,999,0.3054552366470253,0.15726375579833984
agglomerative,0.04,1662,999,0.3159095229043908,0.15383416414260864
agglomerative,0.04,1717,999,0.32636380916175634,0.14979779720306396
agglomerative,0.04,1773,999,0.3370081733510739,0.1462957262992859
agglomerative,0.04,1828,999,0.34746245960843947,0.1435028314590454
agglomerative,0.04,1884,999,0.3581068237977571,0.1399674415588379
agglomerative,0.04,1939,999,0.3685611100551226,0.13629919290542603
agglomerative,0.04,1994,999,0.3790153963124881,0.13353180885314941
agglomerative,0.04,2050,999,0.38965976050180573,0.13030380010604858
agglomerative,0.04,2105,999,0.4001140467591713,0.12737363576889038
agglomerative,0.04,2160,999,0.4105683330165368,0.12440437078475952
agglomerative,0.04,2216,999,0.4212126972058544,0.12050288915634155
agglomerative,0.04,2271,999,0.4316669834632199,0.1175183653831482
agglomerative,0.04,2326,999,0.44212126972058546,0.11465060710906982
agglomerative,0.04,2382,999,0.45276563390990304,0.1119648814201355
agglomerative,0.04,2437,999,0.4632199201672686,0.10917001962661743
agglomerative,0.04,2493,999,0.4738642843565862,0.10622227191925049
agglomerative,0.04,2548,999,0.4843185706139517,0.10317736864089966
agglomerative,0.04,2603,999,0.4947728568713172,0.10010296106338501
agglomerative,0.04,2659,999,0.5054172210606349,0.09711021184921265
agglomerative,0.04,2714,999,0.5158715073180004,0.09375131130218506
agglomerative,0.04,2769,999,0.5263257935753659,0.0907248854637146
agglomerative,0.04,2825,999,0.5369701577646835,0.08808696269989014
agglomerative,0.04,2880,999,0.547424444022049,0.08492696285247803
agglomerative,0.04,2936,999,0.5580688082113666,0.08232557773590088
agglomerative,0.04,2991,999,0.5685230944687322,0.0794907808303833
agglomerative,0.04,3046,999,0.5789773807260977,0.07675081491470337
agglomerative,0.04,3102,999,0.5896217449154153,0.07412564754486084
agglomerative,0.04,3157,999,0.6000760311727809,0.07114219665527344
agglomerative,0.04,3212,999,0.6105303174301464,0.06834566593170166
agglomerative,0.04,3268,999,0.621174681619464,0.06537818908691406
agglomerative,0.04,3323,999,0.6316289678768295,0.06254845857620239
agglomerative,0.04,3378,999,0.642083254134195,0.05993276834487915
agglomerative,0.04,3434,999,0.6527276183235127,0.057363927364349365
agglomerative,0.04,3489,999,0.6631819045808781,0.05474412441253662
agglomerative,0.04,3545,999,0.6738262687701958,0.052416443824768066
agglomerative,0.04,3600,999,0.6842805550275614,0.05016261339187622
agglomerative,0.04,3655,999,0.6947348412849268,0.048027634620666504
agglomerative,0.04,3711,999,0.7053792054742445,0.045967280864715576
agglomerative,0.04,3766,999,0.7158334917316099,0.043714284896850586
agglomerative,0.04,3821,999,0.7262877779889755,0.041697025299072266
agglomerative,0.04,3877,999,0.7369321421782931,0.03981727361679077
agglomerative,0.04,3932,999,0.7473864284356586,0.03797781467437744
agglomerative,0.04,3988,999,0.7580307926249762,0.03635376691818237
agglomerative,0.04,4043,999,0.7684850788823417,0.03449881076812744
agglomerative,0.04,4098,999,0.7789393651397073,0.03274446725845337
agglomerative,0.04,4154,999,0.7895837293290249,0.031235218048095703
agglomerative,0.04,4209,999,0.8000380155863904,0.029814958572387695
agglomerative,0.04,4264,999,0.810492301843756,0.028199195861816406
agglomerative,0.04,4320,999,0.8211366660330736,0.026737570762634277
agglomerative,0.04,4375,999,0.8315909522904391,0.025334537029266357
agglomerative,0.04,4430,999,0.8420452385478046,0.02358400821685791
agglomerative,0.04,4486,999,0.8526896027371222,0.022075235843658447
agglomerative,0.04,4541,999,0.8631438889944877,0.020731449127197266
agglomerative,0.04,4597,999,0.8737882531838054,0.019293785095214844
agglomerative,0.04,4652,999,0.8842425394411709,0.01798766851425171
agglomerative,0.04,4707,999,0.8946968256985364,0.016705751419067383
agglomerative,0.04,4763,999,0.9053411898878541,0.015252470970153809
agglomerative,0.04,4818,999,0.9157954761452195,0.013816118240356445
agglomerative,0.04,4873,999,0.926249762402585,0.012338101863861084
agglomerative,0.04,4929,999,0.9368941265919026,0.010680198669433594
agglomerative,0.04,4984,999,0.9473484128492682,0.009021639823913574
agglomerative,0.04,5040,999,0.9579927770385859,0.00724184513092041
agglomerative,0.04,5095,999,0.9684470632959513,0.0052343010902404785
agglomerative,0.04,5150,999,0.9789013495533169,0.0029491186141967773
agglomerative,0.04,5206,999,0.9895457137426344,0.000409543514251709
agglomerative,0.04,5261,999,1.0,0.0
agglomerative,0.05,1,999,0.00019007793195210037,0.557724118232727
agglomerative,0.05,56,999,0.01064436418931762,0.40802115201950073
agglomerative,0.05,112,999,0.02128872837863524,0.34705406427383423
agglomerative,0.05,167,999,0.03174301463600076,0.31969451904296875
agglomerative,0.05,222,999,0.04219730089336628,0.3009956479072571
agglomerative,0.05,278,999,0.0528416650826839,0.28765755891799927
agglomerative,0.05,333,999,0.06329595134004942,0.27822232246398926
agglomerative,0.05,389,999,0.07394031552936704,0.26988399028778076
agglomerative,0.05,444,999,0.08439460178673255,0.26128411293029785
agglomerative,0.05,499,999,0.09484888804409808,0.25438392162323
agglomerative,0.05,555,999,0.1054932522334157,0.247738778591156
agglomerative,0.05,610,999,0.11594753849078122,0.24092888832092285
agglomerative,0.05,665,999,0.12640182474814673,0.23447483777999878
agglomerative,0.05,721,999,0.13704618893746437,0.22737926244735718
agglomerative,0.05,776,999,0.14750047519482987,0.22208213806152344
agglomerative,0.05,832,999,0.1581448393841475,0.21480590105056763
agglomerative,0.05,887,999,0.16859912564151303,0.21081817150115967
agglomerative,0.05,942,999,0.17905341189887855,0.20681285858154297
agglomerative,0.05,998,999,0.18969777608819616,0.20176690816879272
agglomerative,0.05,1053,999,0.20015206234556168,0.19738554954528809
agglomerative,0.05,1108,999,0.2106063486029272,0.19374418258666992
agglomerative,0.05,1164,999,0.2212507127922448,0.18903589248657227
agglomerative,0.05,1219,999,0.23170499904961034,0.18362587690353394
agglomerative,0.05,1274,999,0.24215928530697586,0.18021810054779053
agglomerative,0.05,1330,999,0.25280364949629347,0.1761791706085205
agglomerative,0.05,1385,999,0.263257935753659,0.17245244979858398
agglomerative,0.05,1441,999,0.2739022999429766,0.16738677024841309
agglomerative,0.05,1496,999,0.28435658620034215,0.16434210538864136
agglomerative,0.05,1551,999,0.29481087245770765,0.16124027967453003
agglomerative,0.05,1607,999,0.3054552366470253,0.15726375579833984
agglomerative,0.05,1662,999,0.3159095229043908,0.15383416414260864
agglomerative,0.05,1717,999,0.32636380916175634,0.14979779720306396
agglomerative,0.05,1773,999,0.3370081733510739,0.1462957262992859
agglomerative,0.05,1828,999,0.34746245960843947,0.1435028314590454
agglomerative,0.05,1884,999,0.3581068237977571,0.1399674415588379
agglomerative,0.05,1939,999,0.3685611100551226,0.13629919290542603
agglomerative,0.05,1994,999,0.3790153963124881,0.13353180885314941
agglomerative,0.05,2050,999,0.38965976050180573,0.13030380010604858
agglomerative,0.05,2105,999,0.4001140467591713,0.12737363576889038
agglomerative,0.05,2160,999,0.4105683330165368,0.12440437078475952
agglomerative,0.05,2216,999,0.4212126972058544,0.12050288915634155
agglomerative,0.05,2271,999,0.4316669834632199,0.1175183653831482
agglomerative,0.05,2326,999,0.44212126972058546,0.11465060710906982
agglomerative,0.05,2382,999,0.45276563390990304,0.1119648814201355
agglomerative,0.05,2437,999,0.4632199201672686,0.10917001962661743
agglomerative,0.05,2493,999,0.4738642843565862,0.10622227191925049
agglomerative,0.05,2548,999,0.4843185706139517,0.10317736864089966
agglomerative,0.05,2603,999,0.4947728568713172,0.10010296106338501
agglomerative,0.05,2659,999,0.5054172210606349,0.09711021184921265
agglomerative,0.05,2714,999,0.5158715073180004,0.09375131130218506
agglomerative,0.05,2769,999,0.5263257935753659,0.0907248854637146
agglomerative,0.05,2825,999,0.5369701577646835,0.08808696269989014
agglomerative,0.05,2880,999,0.547424444022049,0.08492696285247803
agglomerative,0.05,2936,999,0.5580688082113666,0.08232557773590088
agglomerative,0.05,2991,999,0.5685230944687322,0.0794907808303833
agglomerative,0.05,3046,999,0.5789773807260977,0.07675081491470337
agglomerative,0.05,3102,999,0.5896217449154153,0.07412564754486084
agglomerative,0.05,3157,999,0.6000760311727809,0.07114219665527344
agglomerative,0.05,3212,999,0.6105303174301464,0.06834566593170166
agglomerative,0.05,3268,999,0.621174681619464,0.06537818908691406
agglomerative,0.05,3323,999,0.6316289678768295,0.06254845857620239
agglomerative,0.05,3378,999,0.642083254134195,0.05993276834487915
agglomerative,0.05,3434,999,0.6527276183235127,0.057363927364349365
agglomerative,0.05,3489,999,0.6631819045808781,0.05474412441253662
agglomerative,0.05,3545,999,0.6738262687701958,0.052416443824768066
agglomerative,0.05,3600,999,0.6842805550275614,0.05016261339187622
agglomerative,0.05,3655,999,0.6947348412849268,0.048027634620666504
agglomerative,0.05,3711,999,0.7053792054742445,0.045967280864715576
agglomerative,0.05,3766,999,0.7158334917316099,0.043714284896850586
agglomerative,0.05,3821,999,0.7262877779889755,0.041697025299072266
agglomerative,0.05,3877,999,0.7369321421782931,0.03981727361679077
agglomerative,0.05,3932,999,0.7473864284356586,0.03797781467437744
agglomerative,0.05,3988,999,0.7580307926249762,0.03635376691818237
agglomerative,0.05,4043,999,0.7684850788823417,0.03449881076812744
agglomerative,0.05,4098,999,0.7789393651397073,0.03274446725845337
agglomerative,0.05,4154,999,0.7895837293290249,0.031235218048095703
agglomerative,0.05,4209,999,0.8000380155863904,0.029814958572387695
agglomerative,0.05,4264,999,0.810492301843756,0.028199195861816406
agglomerative,0.05,4320,999,0.8211366660330736,0.026737570762634277
agglomerative,0.05,4375,999,0.8315909522904391,0.025334537029266357
agglomerative,0.05,4430,999,0.8420452385478046,0.02358400821685791
agglomerative,0.05,4486,999,0.8526896027371222,0.022075235843658447
agglomerative,0.05,4541,999,0.8631438889944877,0.020731449127197266
agglomerative,0.05,4597,999,0.8737882531838054,0.019293785095214844
agglomerative,0.05,4652,999,0.8842425394411709,0.01798766851425171
agglomerative,0.05,4707,999,0.8946968256985364,0.016705751419067383
agglomerative,0.05,4763,999,0.9053411898878541,0.015252470970153809
agglomerative,0.05,4818,999,0.9157954761452195,0.013816118240356445
agglomerative,0.05,4873,999,0.926249762402585,0.012338101863861084
agglomerative,0.05,4929,999,0.9368941265919026,0.010680198669433594
agglomerative,0.05,4984,999,0.9473484128492682,0.009021639823913574
agglomerative,0.05,5040,999,0.9579927770385859,0.00724184513092041
agglomerative,0.05,5095,999,0.9684470632959513,0.0052343010902404785
agglomerative,0.05,5150,999,0.9789013495533169,0.0029491186141967773
agglomerative,0.05,5206,999,0.9895457137426344,0.000409543514251709
agglomerative,0.05,5261,999,1.0,0.0
agglomerative,0.06,1,999,0.00019007793195210037,0.5577244758605957
agglomerative,0.06,56,999,0.01064436418931762,0.40802115201950073
agglomerative,0.06,112,999,0.02128872837863524,0.34705406427383423
agglomerative,0.06,167,999,0.03174301463600076,0.31969451904296875
agglomerative,0.06,222,999,0.04219730089336628,0.3009956479072571
agglomerative,0.06,278,999,0.0528416650826839,0.28765755891799927
agglomerative,0.06,333,999,0.06329595134004942,0.27822232246398926
agglomerative,0.06,389,999,0.07394031552936704,0.26988399028778076
agglomerative,0.06,444,999,0.08439460178673255,0.26128411293029785
agglomerative,0.06,499,999,0.09484888804409808,0.25438392162323
agglomerative,0.06,555,999,0.1054932522334157,0.247738778591156
agglomerative,0.06,610,999,0.11594753849078122,0.24092888832092285
agglomerative,0.06,665,999,0.12640182474814673,0.23447483777999878
agglomerative,0.06,721,999,0.13704618893746437,0.22737926244735718
agglomerative,0.06,776,999,0.14750047519482987,0.22208213806152344
agglomerative,0.06,832,999,0.1581448393841475,0.21480590105056763
agglomerative,0.06,887,999,0.16859912564151303,0.21081817150115967
agglomerative,0.06,942,999,0.17905341189887855,0.20681285858154297
agglomerative,0.06,998,999,0.18969777608819616,0.20176690816879272
agglomerative,0.06,1053,999,0.20015206234556168,0.19738554954528809
agglomerative,0.06,1108,999,0.2106063486029272,0.19374418258666992
agglomerative,0.06,1164,999,0.2212507127922448,0.18903589248657227
agglomerative,0.06,1219,999,0.23170499904961034,0.18362587690353394
agglomerative,0.06,1274,999,0.24215928530697586,0.18021810054779053
agglomerative,0.06,1330,999,0.25280364949629347,0.1761791706085205
agglomerative,0.06,1385,999,0.263257935753659,0.17245244979858398
agglomerative,0.06,1441,999,0.2739022999429766,0.16738677024841309
agglomerative,0.06,1496,999,0.28435658620034215,0.16434210538864136
agglomerative,0.06,1551,999,0.29481087245770765,0.16124027967453003
agglomerative,0.06,1607,999,0.3054552366470253,0.15726375579833984
agglomerative,0.06,1662,999,0.3159095229043908,0.15383416414260864
agglomerative,0.06,1717,999,0.32636380916175634,0.14979779720306396
agglomerative,0.06,1773,999,0.3370081733510739,0.1462957262992859
agglomerative,0.06,1828,999,0.34746245960843947,0.1435028314590454
agglomerative,0.06,1884,999,0.3581068237977571,0.1399674415588379
agglomerative,0.06,1939,999,0.3685611100551226,0.13629919290542603
agglomerative,0.06,1994,999,0.3790153963124881,0.13353180885314941
agglomerative,0.06,2050,999,0.38965976050180573,0.13030380010604858
agglomerative,0.06,2105,999,0.4001140467591713,0.12737363576889038
agglomerative,0.06,2160,999,0.4105683330165368,0.12440437078475952
agglomerative,0.06,2216,999,0.4212126972058544,0.12050288915634155
agglomerative,0.06,2271,999,0.4316669834632199,0.1175183653831482
agglomerative,0.06,2326,999,0.44212126972058546,0.11465060710906982
agglomerative,0.06,2382,999,0.45276563390990304,0.1119648814201355
agglomerative,0.06,2437,999,0.4632199201672686,0.10917001962661743
agglomerative,0.06,2493,999,0.4738642843565862,0.10622227191925049
agglomerative,0.06,2548,999,0.4843185706139517,0.10317736864089966
agglomerative,0.06,2603,999,0.4947728568713172,0.10010296106338501
agglomerative,0.06,2659,999,0.5054172210606349,0.09711021184921265
agglomerative,0.06,2714,999,0.5158715073180004,0.09375131130218506
agglomerative,0.06,2769,999,0.5263257935753659,0.0907248854637146
agglomerative,0.06,2825,999,0.5369701577646835,0.08808696269989014
agglomerative,0.06,2880,999,0.547424444022049,0.08492696285247803
agglomerative,0.06,2936,999,0.5580688082113666,0.08232557773590088
agglomerative,0.06,2991,999,0.5685230944687322,0.0794907808303833
agglomerative,0.06,3046,999,0.5789773807260977,0.07675081491470337
agglomerative,0.06,3102,999,0.5896217449154153,0.07412564754486084
agglomerative,0.06,3157,999,0.6000760311727809,0.07114219665527344
agglomerative,0.06,3212,999,0.6105303174301464,0.06834566593170166
agglomerative,0.06,3268,999,0.621174681619464,0.06537818908691406
agglomerative,0.06,3323,999,0.6316289678768295,0.06254845857620239
agglomerative,0.06,3378,999,0.642083254134195,0.05993276834487915
agglomerative,0.06,3434,999,0.6527276183235127,0.057363927364349365
agglomerative,0.06,3489,999,0.6631819045808781,0.05474412441253662
agglomerative,0.06,3545,999,0.6738262687701958,0.052416443824768066
agglomerative,0.06,3600,999,0.6842805550275614,0.05016261339187622
agglomerative,0.06,3655,999,0.6947348412849268,0.048027634620666504
agglomerative,0.06,3711,999,0.7053792054742445,0.045967280864715576
agglomerative,0.06,3766,999,0.7158334917316099,0.043714284896850586
agglomerative,0.06,3821,999,0.7262877779889755,0.041697025299072266
agglomerative,0.06,3877,999,0.7369321421782931,0.03981727361679077
agglomerative,0.06,3932,999,0.7473864284356586,0.03797781467437744
agglomerative,0.06,3988,999,0.7580307926249762,0.03635376691818237
agglomerative,0.06,4043,999,0.7684850788823417,0.03449881076812744
agglomerative,0.06,4098,999,0.7789393651397073,0.03274446725845337
agglomerative,0.06,4154,999,0.7895837293290249,0.031235218048095703
agglomerative,0.06,4209,999,0.8000380155863904,0.029814958572387695
agglomerative,0.06,4264,999,0.810492301843756,0.028199195861816406
agglomerative,0.06,4320,999,0.8211366660330736,0.026737570762634277
agglomerative,0.06,4375,999,0.8315909522904391,0.025334537029266357
agglomerative,0.06,4430,999,0.8420452385478046,0.02358400821685791
agglomerative,0.06,4486,999,0.8526896027371222,0.022075235843658447
agglomerative,0.06,4541,999,0.8631438889944877,0.020731449127197266
agglomerative,0.06,4597,999,0.8737882531838054,0.019293785095214844
agglomerative,0.06,4652,999,0.8842425394411709,0.01798766851425171
agglomerative,0.06,4707,999,0.8946968256985364,0.016705751419067383
agglomerative,0.06,4763,999,0.9053411898878541,0.015252470970153809
agglomerative,0.06,4818,999,0.9157954761452195,0.013816118240356445
agglomerative,0.06,4873,999,0.926249762402585,0.012338101863861084
agglomerative,0.06,4929,999,0.9368941265919026,0.010680198669433594
agglomerative,0.06,4984,999,0.9473484128492682,0.009021639823913574
agglomerative,0.06,5040,999,0.9579927770385859,0.00724184513092041
agglomerative,0.06,5095,999,0.9684470632959513,0.0052343010902404785
agglomerative,0.06,5150,999,0.9789013495533169,0.0029491186141967773
agglomerative,0.06,5206,999,0.9895457137426344,0.000409543514251709
agglomerative,0.06,5261,999,1.0,0.0
agglomerative,0.07,1,999,0.00019007793195210037,0.5577249526977539
agglomerative,0.07,56,999,0.01064436418931762,0.40802115201950073
agglomerative,0.07,112,999,0.02128872837863524,0.34705406427383423
agglomerative,0.07,167,999,0.03174301463600076,0.31969451904296875
agglomerative,0.07,222,999,0.04219730089336628,0.3009956479072571
agglomerative,0.07,278,999,0.0528416650826839,0.28765755891799927
agglomerative,0.07,333,999,0.06329595134004942,0.27822232246398926
agglomerative,0.07,389,999,0.07394031552936704,0.26988399028778076
agglomerative,0.07,444,999,0.08439460178673255,0.26128411293029785
agglomerative,0.07,499,999,0.09484888804409808,0.25438392162323
agglomerative,0.07,555,999,0.1054932522334157,0.247738778591156
agglomerative,0.07,610,999,0.11594753849078122,0.24092888832092285
agglomerative,0.07,665,999,0.12640182474814673,0.23447483777999878
agglomerative,0.07,721,999,0.13704618893746437,0.22737926244735718
agglomerative,0.07,776,999,0.14750047519482987,0.22208213806152344
agglomerative,0.07,832,999,0.1581448393841475,0.21480590105056763
agglomerative,0.07,887,999,0.16859912564151303,0.21081817150115967
agglomerative,0.07,942,999,0.17905341189887855,0.20681285858154297
agglomerative,0.07,998,999,0.18969777608819616,0.20176690816879272
agglomerative,0.07,1053,999,0.20015206234556168,0.19738554954528809
agglomerative,0.07,1108,999,0.2106063486029272,0.19374418258666992
agglomerative,0.07,1164,999,0.2212507127922448,0.18903589248657227
agglomerative,0.07,1219,999,0.23170499904961034,0.18362587690353394
agglomerative,0.07,1274,999,0.24215928530697586,0.18021810054779053
agglomerative,0.07,1330,999,0.25280364949629347,0.1761791706085205
agglomerative,0.07,1385,999,0.263257935753659,0.17245244979858398
agglomerative,0.07,1441,999,0.2739022999429766,0.16738677024841309
agglomerative,0.07,1496,999,0.28435658620034215,0.16434210538864136
agglomerative,0.07,1551,999,0.29481087245770765,0.16124027967453003
agglomerative,0.07,1607,999,0.3054552366470253,0.15726375579833984
agglomerative,0.07,1662,999,0.3159095229043908,0.15383416414260864
agglomerative,0.07,1717,999,0.32636380916175634,0.14979779720306396
agglomerative,0.07,1773,999,0.3370081733510739,0.1462957262992859
agglomerative,0.07,1828,999,0.34746245960843947,0.1435028314590454
agglomerative,0.07,1884,999,0.3581068237977571,0.1399674415588379
agglomerative,0.07,1939,999,0.3685611100551226,0.13629919290542603
agglomerative,0.07,1994,999,0.3790153963124881,0.13353180885314941
agglomerative,0.07,2050,999,0.38965976050180573,0.13030380010604858
agglomerative,0.07,2105,999,0.4001140467591713,0.12737363576889038
agglomerative,0.07,2160,999,0.4105683330165368,0.12440437078475952
agglomerative,0.07,2216,999,0.4212126972058544,0.12050288915634155
agglomerative,0.07,2271,999,0.4316669834632199,0.1175183653831482
agglomerative,0.07,2326,999,0.44212126972058546,0.11465060710906982
agglomerative,0.07,2382,999,0.45276563390990304,0.1119648814201355
agglomerative,0.07,2437,999,0.4632199201672686,0.10917001962661743
agglomerative,0.07,2493,999,0.4738642843565862,0.10622227191925049
agglomerative,0.07,2548,999,0.4843185706139517,0.10317736864089966
agglomerative,0.07,2603,999,0.4947728568713172,0.10010296106338501
agglomerative,0.07,2659,999,0.5054172210606349,0.09711021184921265
agglomerative,0.07,2714,999,0.5158715073180004,0.09375131130218506
agglomerative,0.07,2769,999,0.5263257935753659,0.0907248854637146
agglomerative,0.07,2825,999,0.5369701577646835,0.08808696269989014
agglomerative,0.07,2880,999,0.547424444022049,0.08492696285247803
agglomerative,0.07,2936,999,0.5580688082113666,0.08232557773590088
agglomerative,0.07,2991,999,0.5685230944687322,0.0794907808303833
agglomerative,0.07,3046,999,0.5789773807260977,0.07675081491470337
agglomerative,0.07,3102,999,0.5896217449154153,0.07412564754486084
agglomerative,0.07,3157,999,0.6000760311727809,0.07114219665527344
agglomerative,0.07,3212,999,0.6105303174301464,0.06834566593170166
agglomerative,0.07,3268,999,0.621174681619464,0.06537818908691406
agglomerative,0.07,3323,999,0.6316289678768295,0.06254845857620239
agglomerative,0.07,3378,999,0.642083254134195,0.05993276834487915
agglomerative,0.07,3434,999,0.6527276183235127,0.057363927364349365
agglomerative,0.07,3489,999,0.6631819045808781,0.05474412441253662
agglomerative,0.07,3545,999,0.6738262687701958,0.052416443824768066
agglomerative,0.07,3600,999,0.6842805550275614,0.05016261339187622
agglomerative,0.07,3655,999,0.6947348412849268,0.048027634620666504
agglomerative,0.07,3711,999,0.7053792054742445,0.045967280864715576
agglomerative,0.07,3766,999,0.7158334917316099,0.043714284896850586
agglomerative,0.07,3821,999,0.7262877779889755,0.041697025299072266
agglomerative,0.07,3877,999,0.7369321421782931,0.03981727361679077
agglomerative,0.07,3932,999,0.7473864284356586,0.03797781467437744
agglomerative,0.07,3988,999,0.7580307926249762,0.03635376691818237
agglomerative,0.07,4043,999,0.7684850788823417,0.03449881076812744
agglomerative,0.07,4098,999,0.7789393651397073,0.03274446725845337
agglomerative,0.07,4154,999,0.7895837293290249,0.031235218048095703
agglomerative,0.07,4209,999,0.8000380155863904,0.029814958572387695
agglomerative,0.07,4264,999,0.810492301843756,0.028199195861816406
agglomerative,0.07,4320,999,0.8211366660330736,0.026737570762634277
agglomerative,0.07,4375,999,0.8315909522904391,0.025334537029266357
agglomerative,0.07,4430,999,0.8420452385478046,0.02358400821685791
agglomerative,0.07,4486,999,0.8526896027371222,0.022075235843658447
agglomerative,0.07,4541,999,0.8631438889944877,0.020731449127197266
agglomerative,0.07,4597,999,0.8737882531838054,0.019293785095214844
agglomerative,0.07,4652,999,0.8842425394411709,0.01798766851425171
agglomerative,0.07,4707,999,0.8946968256985364,0.016705751419067383
agglomerative,0.07,4763,999,0.9053411898878541,0.015252470970153809
agglomerative,0.07,4818,999,0.9157954761452195,0.013816118240356445
agglomerative,0.07,4873,999,0.926249762402585,0.012338101863861084
agglomerative,0.07,4929,999,0.9368941265919026,0.010680198669433594
agglomerative,0.07,4984,999,0.9473484128492682,0.009021639823913574
agglomerative,0.07,5040,999,0.9579927770385859,0.00724184513092041
agglomerative,0.07,5095,999,0.9684470632959513,0.0052343010902404785
agglomerative,0.07,5150,999,0.9789013495533169,0.0029491186141967773
agglomerative,0.07,5206,999,0.9895457137426344,0.000409543514251709
agglomerative,0.07,5261,999,1.0,0.0
agglomerative,0.08,1,999,0.00019007793195210037,0.5577256679534912
agglomerative,0.08,56,999,0.01064436418931762,0.40802115201950073
agglomerative,0.08,112,999,0.02128872837863524,0.34705406427383423
agglomerative,0.08,167,999,0.03174301463600076,0.31969451904296875
agglomerative,0.08,222,999,0.04219730089336628,0.3009956479072571
agglomerative,0.08,278,999,0.0528416650826839,0.28765755891799927
agglomerative,0.08,333,999,0.06329595134004942,0.27822232246398926
agglomerative,0.08,389,999,0.07394031552936704,0.26988399028778076
agglomerative,0.08,444,999,0.08439460178673255,0.26128411293029785
agglomerative,0.08,499,999,0.09484888804409808,0.25438392162323
agglomerative,0.08,555,999,0.1054932522334157,0.247738778591156
agglomerative,0.08,610,999,0.11594753849078122,0.24092888832092285
agglomerative,0.08,665,999,0.12640182474814673,0.23447483777999878
agglomerative,0.08,721,999,0.13704618893746437,0.22737926244735718
agglomerative,0.08,776,999,0.14750047519482987,0.22208213806152344
agglomerative,0.08,832,999,0.1581448393841475,0.21480590105056763
agglomerative,0.08,887,999,0.16859912564151303,0.21081817150115967
agglomerative,0.08,942,999,0.17905341189887855,0.20681285858154297
agglomerative,0.08,998,999,0.18969777608819616,0.20176690816879272
agglomerative,0.08,1053,999,0.20015206234556168,0.19738554954528809
agglomerative,0.08,1108,999,0.2106063486029272,0.19374418258666992
agglomerative,0.08,1164,999,0.2212507127922448,0.18903589248657227
agglomerative,0.08,1219,999,0.23170499904961034,0.18362587690353394
agglomerative,0.08,1274,999,0.24215928530697586,0.18021810054779053
agglomerative,0.08,1330,999,0.25280364949629347,0.1761791706085205
agglomerative,0.08,1385,999,0.263257935753659,0.17245244979858398
agglomerative,0.08,1441,999,0.2739022999429766,0.16738677024841309
agglomerative,0.08,1496,999,0.28435658620034215,0.16434210538864136
agglomerative,0.08,1551,999,0.29481087245770765,0.16124027967453003
agglomerative,0.08,1607,999,0.3054552366470253,0.15726375579833984
agglomerative,0.08,1662,999,0.3159095229043908,0.15383416414260864
agglomerative,0.08,1717,999,0.32636380916175634,0.14979779720306396
agglomerative,0.08,1773,999,0.3370081733510739,0.1462957262992859
agglomerative,0.08,1828,999,0.34746245960843947,0.1435028314590454
agglomerative,0.08,1884,999,0.3581068237977571,0.1399674415588379
agglomerative,0.08,1939,999,0.3685611100551226,0.13629919290542603
agglomerative,0.08,1994,999,0.3790153963124881,0.13353180885314941
agglomerative,0.08,2050,999,0.38965976050180573,0.13030380010604858
agglomerative,0.08,2105,999,0.4001140467591713,0.12737363576889038
agglomerative,0.08,2160,999,0.4105683330165368,0.12440437078475952
agglomerative,0.08,2216,999,0.4212126972058544,0.12050288915634155
agglomerative,0.08,2271,999,0.4316669834632199,0.1175183653831482
agglomerative,0.08,2326,999,0.44212126972058546,0.11465060710906982
agglomerative,0.08,2382,999,0.45276563390990304,0.1119648814201355
agglomerative,0.08,2437,999,0.4632199201672686,0.10917001962661743
agglomerative,0.08,2493,999,0.4738642843565862,0.10622227191925049
agglomerative,0.08,2548,999,0.4843185706139517,0.10317736864089966
agglomerative,0.08,2603,999,0.4947728568713172,0.10010296106338501
agglomerative,0.08,2659,999,0.5054172210606349,0.09711021184921265
agglomerative,0.08,2714,999,0.5158715073180004,0.09375131130218506
agglomerative,0.08,2769,999,0.5263257935753659,0.0907248854637146
agglomerative,0.08,2825,999,0.5369701577646835,0.08808696269989014
agglomerative,0.08,2880,999,0.547424444022049,0.08492696285247803
agglomerative,0.08,2936,999,0.5580688082113666,0.08232557773590088
agglomerative,0.08,2991,999,0.5685230944687322,0.0794907808303833
agglomerative,0.08,3046,999,0.5789773807260977,0.07675081491470337
agglomerative,0.08,3102,999,0.5896217449154153,0.07412564754486084
agglomerative,0.08,3157,999,0.6000760311727809,0.07114219665527344
agglomerative,0.08,3212,999,0.6105303174301464,0.06834566593170166
agglomerative,0.08,3268,999,0.621174681619464,0.06537818908691406
agglomerative,0.08,3323,999,0.6316289678768295,0.06254845857620239
agglomerative,0.08,3378,999,0.642083254134195,0.05993276834487915
agglomerative,0.08,3434,999,0.6527276183235127,0.057363927364349365
agglomerative,0.08,3489,999,0.6631819045808781,0.05474412441253662
agglomerative,0.08,3545,999,0.6738262687701958,0.052416443824768066
agglomerative,0.08,3600,999,0.6842805550275614,0.05016261339187622
agglomerative,0.08,3655,999,0.6947348412849268,0.048027634620666504
agglomerative,0.08,3711,999,0.7053792054742445,0.045967280864715576
agglomerative,0.08,3766,999,0.7158334917316099,0.043714284896850586
agglomerative,0.08,3821,999,0.7262877779889755,0.041697025299072266
agglomerative,0.08,3877,999,0.7369321421782931,0.03981727361679077
agglomerative,0.08,3932,999,0.7473864284356586,0.03797781467437744
agglomerative,0.08,3988,999,0.7580307926249762,0.03635376691818237
agglomerative,0.08,4043,999,0.7684850788823417,0.03449881076812744
agglomerative,0.08,4098,999,0.7789393651397073,0.03274446725845337
agglomerative,0.08,4154,999,0.7895837293290249,0.031235218048095703
agglomerative,0.08,4209,999,0.8000380155863904,0.029814958572387695
agglomerative,0.08,4264,999,0.810492301843756,0.028199195861816406
agglomerative,0.08,4320,999,0.8211366660330736,0.026737570762634277
agglomerative,0.08,4375,999,0.8315909522904391,0.025334537029266357
agglomerative,0.08,4430,999,0.8420452385478046,0.02358400821685791
agglomerative,0.08,4486,999,0.8526896027371222,0.022075235843658447
agglomerative,0.08,4541,999,0.8631438889944877,0.020731449127197266
agglomerative,0.08,4597,999,0.8737882531838054,0.019293785095214844
agglomerative,0.08,4652,999,0.8842425394411709,0.01798766851425171
agglomerative,0.08,4707,999,0.8946968256985364,0.016705751419067383
agglomerative,0.08,4763,999,0.9053411898878541,0.015252470970153809
agglomerative,0.08,4818,999,0.9157954761452195,0.013816118240356445
agglomerative,0.08,4873,999,0.926249762402585,0.012338101863861084
agglomerative,0.08,4929,999,0.9368941265919026,0.010680198669433594
agglomerative,0.08,4984,999,0.9473484128492682,0.009021639823913574
agglomerative,0.08,5040,999,0.9579927770385859,0.00724184513092041
agglomerative,0.08,5095,999,0.9684470632959513,0.0052343010902404785
agglomerative,0.08,5150,999,0.9789013495533169,0.0029491186141967773
agglomerative,0.08,5206,999,0.9895457137426344,0.000409543514251709
agglomerative,0.08,5261,999,1.0,0.0
agglomerative,0.09,1,999,0.00019007793195210037,0.5577266216278076
agglomerative,0.09,56,999,0.01064436418931762,0.40802115201950073
agglomerative,0.09,112,999,0.02128872837863524,0.34705406427383423
agglomerative,0.09,167,999,0.03174301463600076,0.31969451904296875
agglomerative,0.09,222,999,0.04219730089336628,0.3009956479072571
agglomerative,0.09,278,999,0.0528416650826839,0.28765755891799927
agglomerative,0.09,333,999,0.06329595134004942,0.27822232246398926
agglomerative,0.09,389,999,0.07394031552936704,0.26988399028778076
agglomerative,0.09,444,999,0.08439460178673255,0.26128411293029785
agglomerative,0.09,499,999,0.09484888804409808,0.25438392162323
agglomerative,0.09,555,999,0.1054932522334157,0.247738778591156
agglomerative,0.09,610,999,0.11594753849078122,0.24092888832092285
agglomerative,0.09,665,999,0.12640182474814673,0.23447483777999878
agglomerative,0.09,721,999,0.13704618893746437,0.22737926244735718
agglomerative,0.09,776,999,0.14750047519482987,0.22208213806152344
agglomerative,0.09,832,999,0.1581448393841475,0.21480590105056763
agglomerative,0.09,887,999,0.16859912564151303,0.21081817150115967
agglomerative,0.09,942,999,0.17905341189887855,0.20681285858154297
agglomerative,0.09,998,999,0.18969777608819616,0.20176690816879272
agglomerative,0.09,1053,999,0.20015206234556168,0.19738554954528809
agglomerative,0.09,1108,999,0.2106063486029272,0.19374418258666992
agglomerative,0.09,1164,999,0.2212507127922448,0.18903589248657227
agglomerative,0.09,1219,999,0.23170499904961034,0.18362587690353394
agglomerative,0.09,1274,999,0.24215928530697586,0.18021810054779053
agglomerative,0.09,1330,999,0.25280364949629347,0.1761791706085205
agglomerative,0.09,1385,999,0.263257935753659,0.17245244979858398
agglomerative,0.09,1441,999,0.2739022999429766,0.16738677024841309
agglomerative,0.09,1496,999,0.28435658620034215,0.16434210538864136
agglomerative,0.09,1551,999,0.29481087245770765,0.16124027967453003
agglomerative,0.09,1607,999,0.3054552366470253,0.15726375579833984
agglomerative,0.09,1662,999,0.3159095229043908,0.15383416414260864
agglomerative,0.09,1717,999,0.32636380916175634,0.14979779720306396
agglomerative,0.09,1773,999,0.3370081733510739,0.1462957262992859
agglomerative,0.09,1828,999,0.34746245960843947,0.1435028314590454
agglomerative,0.09,1884,999,0.3581068237977571,0.1399674415588379
agglomerative,0.09,1939,999,0.3685611100551226,0.13629919290542603
agglomerative,0.09,1994,999,0.3790153963124881,0.13353180885314941
agglomerative,0.09,2050,999,0.38965976050180573,0.13030380010604858
agglomerative,0.09,2105,999,0.4001140467591713,0.12737363576889038
agglomerative,0.09,2160,999,0.4105683330165368,0.12440437078475952
agglomerative,0.09,2216,999,0.4212126972058544,0.12050288915634155
agglomerative,0.09,2271,999,0.4316669834632199,0.1175183653831482
agglomerative,0.09,2326,999,0.44212126972058546,0.11465060710906982
agglomerative,0.09,2382,999,0.45276563390990304,0.1119648814201355
agglomerative,0.09,2437,999,0.4632199201672686,0.10917001962661743
agglomerative,0.09,2493,999,0.4738642843565862,0.10622227191925049
agglomerative,0.09,2548,999,0.4843185706139517,0.10317736864089966
agglomerative,0.09,2603,999,0.4947728568713172,0.10010296106338501
agglomerative,0.09,2659,999,0.5054172210606349,0.09711021184921265
agglomerative,0.09,2714,999,0.5158715073180004,0.09375131130218506
agglomerative,0.09,2769,999,0.5263257935753659,0.0907248854637146
agglomerative,0.09,2825,999,0.5369701577646835,0.08808696269989014
agglomerative,0.09,2880,999,0.547424444022049,0.08492696285247803
agglomerative,0.09,2936,999,0.5580688082113666,0.08232557773590088
agglomerative,0.09,2991,999,0.5685230944687322,0.0794907808303833
agglomerative,0.09,3046,999,0.5789773807260977,0.07675081491470337
agglomerative,0.09,3102,999,0.5896217449154153,0.07412564754486084
agglomerative,0.09,3157,999,0.6000760311727809,0.07114219665527344
agglomerative,0.09,3212,999,0.6105303174301464,0.06834566593170166
agglomerative,0.09,3268,999,0.621174681619464,0.06537818908691406
agglomerative,0.09,3323,999,0.6316289678768295,0.06254845857620239
agglomerative,0.09,3378,999,0.642083254134195,0.05993276834487915
agglomerative,0.09,3434,999,0.6527276183235127,0.057363927364349365
agglomerative,0.09,3489,999,0.6631819045808781,0.05474412441253662
agglomerative,0.09,3545,999,0.6738262687701958,0.052416443824768066
agglomerative,0.09,3600,999,0.6842805550275614,0.05016261339187622
agglomerative,0.09,3655,999,0.6947348412849268,0.048027634620666504
agglomerative,0.09,3711,999,0.7053792054742445,0.045967280864715576
agglomerative,0.09,3766,999,0.7158334917316099,0.043714284896850586
agglomerative,0.09,3821,999,0.7262877779889755,0.041697025299072266
agglomerative,0.09,3877,999,0.7369321421782931,0.03981727361679077
agglomerative,0.09,3932,999,0.7473864284356586,0.03797781467437744
agglomerative,0.09,3988,999,0.7580307926249762,0.03635376691818237
agglomerative,0.09,4043,999,0.7684850788823417,0.03449881076812744
agglomerative,0.09,4098,999,0.7789393651397073,0.03274446725845337
agglomerative,0.09,4154,999,0.7895837293290249,0.031235218048095703
agglomerative,0.09,4209,999,0.8000380155863904,0.029814958572387695
agglomerative,0.09,4264,999,0.810492301843756,0.028199195861816406
agglomerative,0.09,4320,999,0.8211366660330736,0.026737570762634277
agglomerative,0.09,4375,999,0.8315909522904391,0.025334537029266357
agglomerative,0.09,4430,999,0.8420452385478046,0.02358400821685791
agglomerative,0.09,4486,999,0.8526896027371222,0.022075235843658447
agglomerative,0.09,4541,999,0.8631438889944877,0.020731449127197266
agglomerative,0.09,4597,999,0.8737882531838054,0.019293785095214844
agglomerative,0.09,4652,999,0.8842425394411709,0.01798766851425171
agglomerative,0.09,4707,999,0.8946968256985364,0.016705751419067383
agglomerative,0.09,4763,999,0.9053411898878541,0.015252470970153809
agglomerative,0.09,4818,999,0.9157954761452195,0.013816118240356445
agglomerative,0.09,4873,999,0.926249762402585,0.012338101863861084
agglomerative,0.09,4929,999,0.9368941265919026,0.010680198669433594
agglomerative,0.09,4984,999,0.9473484128492682,0.009021639823913574
agglomerative,0.09,5040,999,0.9579927770385859,0.00724184513092041
agglomerative,0.09,5095,999,0.9684470632959513,0.0052343010902404785
agglomerative,0.09,5150,999,0.9789013495533169,0.0029491186141967773
agglomerative,0.09,5206,999,0.9895457137426344,0.000409543514251709
agglomerative,0.09,5261,999,1.0,0.0
agglomerative,0.1,1,999,0.00019007793195210037,0.5577279329299927
agglomerative,0.1,56,999,0.01064436418931762,0.40802115201950073
agglomerative,0.1,112,999,0.02128872837863524,0.34705406427383423
agglomerative,0.1,167,999,0.03174301463600076,0.31969451904296875
agglomerative,0.1,222,999,0.04219730089336628,0.3009956479072571
agglomerative,0.1,278,999,0.0528416650826839,0.28765755891799927
agglomerative,0.1,333,999,0.06329595134004942,0.27822232246398926
agglomerative,0.1,389,999,0.07394031552936704,0.26988399028778076
agglomerative,0.1,444,999,0.08439460178673255,0.26128411293029785
agglomerative,0.1,499,999,0.09484888804409808,0.25438392162323
agglomerative,0.1,555,999,0.1054932522334157,0.247738778591156
agglomerative,0.1,610,999,0.11594753849078122,0.24092888832092285
agglomerative,0.1,665,999,0.12640182474814673,0.23447483777999878
agglomerative,0.1,721,999,0.13704618893746437,0.22737926244735718
agglomerative,0.1,776,999,0.14750047519482987,0.22208213806152344
agglomerative,0.1,832,999,0.1581448393841475,0.21480590105056763
agglomerative,0.1,887,999,0.16859912564151303,0.21081817150115967
agglomerative,0.1,942,999,0.17905341189887855,0.20681285858154297
agglomerative,0.1,998,999,0.18969777608819616,0.20176690816879272
agglomerative,0.1,1053,999,0.20015206234556168,0.19738554954528809
agglomerative,0.1,1108,999,0.2106063486029272,0.19374418258666992
agglomerative,0.1,1164,999,0.2212507127922448,0.18903589248657227
agglomerative,0.1,1219,999,0.23170499904961034,0.18362587690353394
agglomerative,0.1,1274,999,0.24215928530697586,0.18021810054779053
agglomerative,0.1,1330,999,0.25280364949629347,0.1761791706085205
agglomerative,0.1,1385,999,0.263257935753659,0.17245244979858398
agglomerative,0.1,1441,999,0.2739022999429766,0.16738677024841309
agglomerative,0.1,1496,999,0.28435658620034215,0.16434210538864136
agglomerative,0.1,1551,999,0.29481087245770765,0.16124027967453003
agglomerative,0.1,1607,999,0.3054552366470253,0.15726375579833984
agglomerative,0.1,1662,999,0.3159095229043908,0.15383416414260864
agglomerative,0.1,1717,999,0.32636380916175634,0.14979779720306396
agglomerative,0.1,1773,999,0.3370081733510739,0.1462957262992859
agglomerative,0.1,1828,999,0.34746245960843947,0.1435028314590454
agglomerative,0.1,1884,999,0.3581068237977571,0.1399674415588379
agglomerative,0.1,1939,999,0.3685611100551226,0.13629919290542603
agglomerative,0.1,1994,999,0.3790153963124881,0.13353180885314941
agglomerative,0.1,2050,999,0.38965976050180573,0.13030380010604858
agglomerative,0.1,2105,999,0.4001140467591713,0.12737363576889038
agglomerative,0.1,2160,999,0.4105683330165368,0.12440437078475952
agglomerative,0.1,2216,999,0.4212126972058544,0.12050288915634155
agglomerative,0.1,2271,999,0.4316669834632199,0.1175183653831482
agglomerative,0.1,2326,999,0.44212126972058546,0.11465060710906982
agglomerative,0.1,2382,999,0.45276563390990304,0.1119648814201355
agglomerative,0.1,2437,999,0.4632199201672686,0.10917001962661743
agglomerative,0.1,2493,999,0.4738642843565862,0.10622227191925049
agglomerative,0.1,2548,999,0.4843185706139517,0.10317736864089966
agglomerative,0.1,2603,999,0.4947728568713172,0.10010296106338501
agglomerative,0.1,2659,999,0.5054172210606349,0.09711021184921265
agglomerative,0.1,2714,999,0.5158715073180004,0.09375131130218506
agglomerative,0.1,2769,999,0.5263257935753659,0.0907248854637146
agglomerative,0.1,2825,999,0.5369701577646835,0.08808696269989014
agglomerative,0.1,2880,999,0.547424444022049,0.08492696285247803
agglomerative,0.1,2936,999,0.5580688082113666,0.08232557773590088
agglomerative,0.1,2991,999,0.5685230944687322,0.0794907808303833
agglomerative,0.1,3046,999,0.5789773807260977,0.07675081491470337
agglomerative,0.1,3102,999,0.5896217449154153,0.07412564754486084
agglomerative,0.1,3157,999,0.6000760311727809,0.07114219665527344
agglomerative,0.1,3212,999,0.6105303174301464,0.06834566593170166
agglomerative,0.1,3268,999,0.621174681619464,0.06537818908691406
agglomerative,0.1,3323,999,0.6316289678768295,0.06254845857620239
agglomerative,0.1,3378,999,0.642083254134195,0.05993276834487915
agglomerative,0.1,3434,999,0.6527276183235127,0.057363927364349365
agglomerative,0.1,3489,999,0.6631819045808781,0.05474412441253662
agglomerative,0.1,3545,999,0.6738262687701958,0.052416443824768066
agglomerative,0.1,3600,999,0.6842805550275614,0.05016261339187622
agglomerative,0.1,3655,999,0.6947348412849268,0.048027634620666504
agglomerative,0.1,3711,999,0.7053792054742445,0.045967280864715576
agglomerative,0.1,3766,999,0.7158334917316099,0.043714284896850586
agglomerative,0.1,3821,999,0.7262877779889755,0.041697025299072266
agglomerative,0.1,3877,999,0.7369321421782931,0.03981727361679077
agglomerative,0.1,3932,999,0.7473864284356586,0.03797781467437744
agglomerative,0.1,3988,999,0.7580307926249762,0.03635376691818237
agglomerative,0.1,4043,999,0.7684850788823417,0.03449881076812744
agglomerative,0.1,4098,999,0.7789393651397073,0.03274446725845337
agglomerative,0.1,4154,999,0.7895837293290249,0.031235218048095703
agglomerative,0.1,4209,999,0.8000380155863904,0.029814958572387695
agglomerative,0.1,4264,999,0.810492301843756,0.028199195861816406
agglomerative,0.1,4320,999,0.8211366660330736,0.026737570762634277
agglomerative,0.1,4375,999,0.8315909522904391,0.025334537029266357
agglomerative,0.1,4430,999,0.8420452385478046,0.02358400821685791
agglomerative,0.1,4486,999,0.8526896027371222,0.022075235843658447
agglomerative,0.1,4541,999,0.8631438889944877,0.020731449127197266
agglomerative,0.1,4597,999,0.8737882531838054,0.019293785095214844
agglomerative,0.1,4652,999,0.8842425394411709,0.01798766851425171
agglomerative,0.1,4707,999,0.8946968256985364,0.016705751419067383
agglomerative,0.1,4763,999,0.9053411898878541,0.015252470970153809
agglomerative,0.1,4818,999,0.9157954761452195,0.013816118240356445
agglomerative,0.1,4873,999,0.926249762402585,0.012338101863861084
agglomerative,0.1,4929,999,0.9368941265919026,0.010680198669433594
agglomerative,0.1,4984,999,0.9473484128492682,0.009021639823913574
agglomerative,0.1,5040,999,0.9579927770385859,0.00724184513092041
agglomerative,0.1,5095,999,0.9684470632959513,0.0052343010902404785
agglomerative,0.1,5150,999,0.9789013495533169,0.0029491186141967773
agglomerative,0.1,5206,999,0.9895457137426344,0.000409543514251709
agglomerative,0.1,5261,999,1.0,0.0
agglomerative,0.11,1,999,0.00019007793195210037,0.5577296018600464
agglomerative,0.11,56,999,0.01064436418931762,0.40802115201950073
agglomerative,0.11,112,999,0.02128872837863524,0.34705406427383423
agglomerative,0.11,167,999,0.03174301463600076,0.31969451904296875
agglomerative,0.11,222,999,0.04219730089336628,0.3009956479072571
agglomerative,0.11,278,999,0.0528416650826839,0.28765755891799927
agglomerative,0.11,333,999,0.06329595134004942,0.27822232246398926
agglomerative,0.11,389,999,0.07394031552936704,0.26988399028778076
agglomerative,0.11,444,999,0.08439460178673255,0.26128411293029785
agglomerative,0.11,499,999,0.09484888804409808,0.25438392162323
agglomerative,0.11,555,999,0.1054932522334157,0.247738778591156
agglomerative,0.11,610,999,0.11594753849078122,0.24092888832092285
agglomerative,0.11,665,999,0.12640182474814673,0.23447483777999878
agglomerative,0.11,721,999,0.13704618893746437,0.22737926244735718
agglomerative,0.11,776,999,0.14750047519482987,0.22208213806152344
agglomerative,0.11,832,999,0.1581448393841475,0.21480590105056763
agglomerative,0.11,887,999,0.16859912564151303,0.21081817150115967
agglomerative,0.11,942,999,0.17905341189887855,0.20681285858154297
agglomerative,0.11,998,999,0.18969777608819616,0.20176690816879272
agglomerative,0.11,1053,999,0.20015206234556168,0.19738554954528809
agglomerative,0.11,1108,999,0.2106063486029272,0.19374418258666992
agglomerative,0.11,1164,999,0.2212507127922448,0.18903589248657227
agglomerative,0.11,1219,999,0.23170499904961034,0.18362587690353394
agglomerative,0.11,1274,999,0.24215928530697586,0.18021810054779053
agglomerative,0.11,1330,999,0.25280364949629347,0.1761791706085205
agglomerative,0.11,1385,999,0.263257935753659,0.17245244979858398
agglomerative,0.11,1441,999,0.2739022999429766,0.16738677024841309
agglomerative,0.11,1496,999,0.28435658620034215,0.16434210538864136
agglomerative,0.11,1551,999,0.29481087245770765,0.16124027967453003
agglomerative,0.11,1607,999,0.3054552366470253,0.15726375579833984
agglomerative,0.11,1662,999,0.3159095229043908,0.15383416414260864
agglomerative,0.11,1717,999,0.32636380916175634,0.14979779720306396
agglomerative,0.11,1773,999,0.3370081733510739,0.1462957262992859
agglomerative,0.11,1828,999,0.34746245960843947,0.1435028314590454
agglomerative,0.11,1884,999,0.3581068237977571,0.1399674415588379
agglomerative,0.11,1939,999,0.3685611100551226,0.13629919290542603
agglomerative,0.11,1994,999,0.3790153963124881,0.13353180885314941
agglomerative,0.11,2050,999,0.38965976050180573,0.13030380010604858
agglomerative,0.11,2105,999,0.4001140467591713,0.12737363576889038
agglomerative,0.11,2160,999,0.4105683330165368,0.12440437078475952
agglomerative,0.11,2216,999,0.4212126972058544,0.12050288915634155
agglomerative,0.11,2271,999,0.4316669834632199,0.1175183653831482
agglomerative,0.11,2326,999,0.44212126972058546,0.11465060710906982
agglomerative,0.11,2382,999,0.45276563390990304,0.1119648814201355
agglomerative,0.11,2437,999,0.4632199201672686,0.10917001962661743
agglomerative,0.11,2493,999,0.4738642843565862,0.10622227191925049
agglomerative,0.11,2548,999,0.4843185706139517,0.10317736864089966
agglomerative,0.11,2603,999,0.4947728568713172,0.10010296106338501
agglomerative,0.11,2659,999,0.5054172210606349,0.09711021184921265
agglomerative,0.11,2714,999,0.5158715073180004,0.09375131130218506
agglomerative,0.11,2769,999,0.5263257935753659,0.0907248854637146
agglomerative,0.11,2825,999,0.5369701577646835,0.08808696269989014
agglomerative,0.11,2880,999,0.547424444022049,0.08492696285247803
agglomerative,0.11,2936,999,0.5580688082113666,0.08232557773590088
agglomerative,0.11,2991,999,0.5685230944687322,0.0794907808303833
agglomerative,0.11,3046,999,0.5789773807260977,0.07675081491470337
agglomerative,0.11,3102,999,0.5896217449154153,0.07412564754486084
agglomerative,0.11,3157,999,0.6000760311727809,0.07114219665527344
agglomerative,0.11,3212,999,0.6105303174301464,0.06834566593170166
agglomerative,0.11,3268,999,0.621174681619464,0.06537818908691406
agglomerative,0.11,3323,999,0.6316289678768295,0.06254845857620239
agglomerative,0.11,3378,999,0.642083254134195,0.05993276834487915
agglomerative,0.11,3434,999,0.6527276183235127,0.057363927364349365
agglomerative,0.11,3489,999,0.6631819045808781,0.05474412441253662
agglomerative,0.11,3545,999,0.6738262687701958,0.052416443824768066
agglomerative,0.11,3600,999,0.6842805550275614,0.05016261339187622
agglomerative,0.11,3655,999,0.6947348412849268,0.048027634620666504
agglomerative,0.11,3711,999,0.7053792054742445,0.045967280864715576
agglomerative,0.11,3766,999,0.7158334917316099,0.043714284896850586
agglomerative,0.11,3821,999,0.7262877779889755,0.041697025299072266
agglomerative,0.11,3877,999,0.7369321421782931,0.03981727361679077
agglomerative,0.11,3932,999,0.7473864284356586,0.03797781467437744
agglomerative,0.11,3988,999,0.7580307926249762,0.03635376691818237
agglomerative,0.11,4043,999,0.7684850788823417,0.03449881076812744
agglomerative,0.11,4098,999,0.7789393651397073,0.03274446725845337
agglomerative,0.11,4154,999,0.7895837293290249,0.031235218048095703
agglomerative,0.11,4209,999,0.8000380155863904,0.029814958572387695
agglomerative,0.11,4264,999,0.810492301843756,0.028199195861816406
agglomerative,0.11,4320,999,0.8211366660330736,0.026737570762634277
agglomerative,0.11,4375,999,0.8315909522904391,0.025334537029266357
agglomerative,0.11,4430,999,0.8420452385478046,0.02358400821685791
agglomerative,0.11,4486,999,0.8526896027371222,0.022075235843658447
agglomerative,0.11,4541,999,0.8631438889944877,0.020731449127197266
agglomerative,0.11,4597,999,0.8737882531838054,0.019293785095214844
agglomerative,0.11,4652,999,0.8842425394411709,0.01798766851425171
agglomerative,0.11,4707,999,0.8946968256985364,0.016705751419067383
agglomerative,0.11,4763,999,0.9053411898878541,0.015252470970153809
agglomerative,0.11,4818,999,0.9157954761452195,0.013816118240356445
agglomerative,0.11,4873,999,0.926249762402585,0.012338101863861084
agglomerative,0.11,4929,999,0.9368941265919026,0.010680198669433594
agglomerative,0.11,4984,999,0.9473484128492682,0.009021639823913574
agglomerative,0.11,5040,999,0.9579927770385859,0.00724184513092041
agglomerative,0.11,5095,999,0.9684470632959513,0.0052343010902404785
agglomerative,0.11,5150,999,0.9789013495533169,0.0029491186141967773
agglomerative,0.11,5206,999,0.9895457137426344,0.000409543514251709
agglomerative,0.11,5261,999,1.0,0.0
agglomerative,0.12,1,999,0.00019007793195210037,0.5577318668365479
agglomerative,0.12,56,999,0.01064436418931762,0.40802115201950073
agglomerative,0.12,112,999,0.02128872837863524,0.34705406427383423
agglomerative,0.12,167,999,0.03174301463600076,0.31969451904296875
agglomerative,0.12,222,999,0.04219730089336628,0.3009956479072571
agglomerative,0.12,278,999,0.0528416650826839,0.28765755891799927
agglomerative,0.12,333,999,0.06329595134004942,0.27822232246398926
agglomerative,0.12,389,999,0.07394031552936704,0.26988399028778076
agglomerative,0.12,444,999,0.08439460178673255,0.26128411293029785
agglomerative,0.12,499,999,0.09484888804409808,0.25438392162323
agglomerative,0.12,555,999,0.1054932522334157,0.247738778591156
agglomerative,0.12,610,999,0.11594753849078122,0.24092888832092285
agglomerative,0.12,665,999,0.12640182474814673,0.23447483777999878
agglomerative,0.12,721,999,0.13704618893746437,0.22737926244735718
agglomerative,0.12,776,999,0.14750047519482987,0.22208213806152344
agglomerative,0.12,832,999,0.1581448393841475,0.21480590105056763
agglomerative,0.12,887,999,0.16859912564151303,0.21081817150115967
agglomerative,0.12,942,999,0.17905341189887855,0.20681285858154297
agglomerative,0.12,998,999,0.18969777608819616,0.20176690816879272
agglomerative,0.12,1053,999,0.20015206234556168,0.19738554954528809
agglomerative,0.12,1108,999,0.2106063486029272,0.19374418258666992
agglomerative,0.12,1164,999,0.2212507127922448,0.18903589248657227
agglomerative,0.12,1219,999,0.23170499904961034,0.18362587690353394
agglomerative,0.12,1274,999,0.24215928530697586,0.18021810054779053
agglomerative,0.12,1330,999,0.25280364949629347,0.1761791706085205
agglomerative,0.12,1385,999,0.263257935753659,0.17245244979858398
agglomerative,0.12,1441,999,0.2739022999429766,0.16738677024841309
agglomerative,0.12,1496,999,0.28435658620034215,0.16434210538864136
agglomerative,0.12,1551,999,0.29481087245770765,0.16124027967453003
agglomerative,0.12,1607,999,0.3054552366470253,0.15726375579833984
agglomerative,0.12,1662,999,0.3159095229043908,0.15383416414260864
agglomerative,0.12,1717,999,0.32636380916175634,0.14979779720306396
agglomerative,0.12,1773,999,0.3370081733510739,0.1462957262992859
agglomerative,0.12,1828,999,0.34746245960843947,0.1435028314590454
agglomerative,0.12,1884,999,0.3581068237977571,0.1399674415588379
agglomerative,0.12,1939,999,0.3685611100551226,0.13629919290542603
agglomerative,0.12,1994,999,0.3790153963124881,0.13353180885314941
agglomerative,0.12,2050,999,0.38965976050180573,0.13030380010604858
agglomerative,0.12,2105,999,0.4001140467591713,0.12737363576889038
agglomerative,0.12,2160,999,0.4105683330165368,0.12440437078475952
agglomerative,0.12,2216,999,0.4212126972058544,0.12050288915634155
agglomerative,0.12,2271,999,0.4316669834632199,0.1175183653831482
agglomerative,0.12,2326,999,0.44212126972058546,0.11465060710906982
agglomerative,0.12,2382,999,0.45276563390990304,0.1119648814201355
agglomerative,0.12,2437,999,0.4632199201672686,0.10917001962661743
agglomerative,0.12,2493,999,0.4738642843565862,0.10622227191925049
agglomerative,0.12,2548,999,0.4843185706139517,0.10317736864089966
agglomerative,0.12,2603,999,0.4947728568713172,0.10010296106338501
agglomerative,0.12,2659,999,0.5054172210606349,0.09711021184921265
agglomerative,0.12,2714,999,0.5158715073180004,0.09375131130218506
agglomerative,0.12,2769,999,0.5263257935753659,0.0907248854637146
agglomerative,0.12,2825,999,0.5369701577646835,0.08808696269989014
agglomerative,0.12,2880,999,0.547424444022049,0.08492696285247803
agglomerative,0.12,2936,999,0.5580688082113666,0.08232557773590088
agglomerative,0.12,2991,999,0.5685230944687322,0.0794907808303833
agglomerative,0.12,3046,999,0.5789773807260977,0.07675081491470337
agglomerative,0.12,3102,999,0.5896217449154153,0.07412564754486084
agglomerative,0.12,3157,999,0.6000760311727809,0.07114219665527344
agglomerative,0.12,3212,999,0.6105303174301464,0.06834566593170166
agglomerative,0.12,3268,999,0.621174681619464,0.06537818908691406
agglomerative,0.12,3323,999,0.6316289678768295,0.06254845857620239
agglomerative,0.12,3378,999,0.642083254134195,0.05993276834487915
agglomerative,0.12,3434,999,0.6527276183235127,0.057363927364349365
agglomerative,0.12,3489,999,0.6631819045808781,0.05474412441253662
agglomerative,0.12,3545,999,0.6738262687701958,0.052416443824768066
agglomerative,0.12,3600,999,0.6842805550275614,0.05016261339187622
agglomerative,0.12,3655,999,0.6947348412849268,0.048027634620666504
agglomerative,0.12,3711,999,0.7053792054742445,0.045967280864715576
agglomerative,0.12,3766,999,0.7158334917316099,0.043714284896850586
agglomerative,0.12,3821,999,0.7262877779889755,0.041697025299072266
agglomerative,0.12,3877,999,0.7369321421782931,0.03981727361679077
agglomerative,0.12,3932,999,0.7473864284356586,0.03797781467437744
agglomerative,0.12,3988,999,0.7580307926249762,0.03635376691818237
agglomerative,0.12,4043,999,0.7684850788823417,0.03449881076812744
agglomerative,0.12,4098,999,0.7789393651397073,0.03274446725845337
agglomerative,0.12,4154,999,0.7895837293290249,0.031235218048095703
agglomerative,0.12,4209,999,0.8000380155863904,0.029814958572387695
agglomerative,0.12,4264,999,0.810492301843756,0.028199195861816406
agglomerative,0.12,4320,999,0.8211366660330736,0.026737570762634277
agglomerative,0.12,4375,999,0.8315909522904391,0.025334537029266357
agglomerative,0.12,4430,999,0.8420452385478046,0.02358400821685791
agglomerative,0.12,4486,999,0.8526896027371222,0.022075235843658447
agglomerative,0.12,4541,999,0.8631438889944877,0.020731449127197266
agglomerative,0.12,4597,999,0.8737882531838054,0.019293785095214844
agglomerative,0.12,4652,999,0.8842425394411709,0.01798766851425171
agglomerative,0.12,4707,999,0.8946968256985364,0.016705751419067383
agglomerative,0.12,4763,999,0.9053411898878541,0.015252470970153809
agglomerative,0.12,4818,999,0.9157954761452195,0.013816118240356445
agglomerative,0.12,4873,999,0.926249762402585,0.012338101863861084
agglomerative,0.12,4929,999,0.9368941265919026,0.010680198669433594
agglomerative,0.12,4984,999,0.9473484128492682,0.009021639823913574
agglomerative,0.12,5040,999,0.9579927770385859,0.00724184513092041
agglomerative,0.12,5095,999,0.9684470632959513,0.0052343010902404785
agglomerative,0.12,5150,999,0.9789013495533169,0.0029491186141967773
agglomerative,0.12,5206,999,0.9895457137426344,0.000409543514251709
agglomerative,0.12,5261,999,1.0,0.0
agglomerative,0.13,1,999,0.00019007793195210037,0.5577349066734314
agglomerative,0.13,56,999,0.01064436418931762,0.40802115201950073
agglomerative,0.13,112,999,0.02128872837863524,0.34705406427383423
agglomerative,0.13,167,999,0.03174301463600076,0.31969451904296875
agglomerative,0.13,222,999,0.04219730089336628,0.3009956479072571
agglomerative,0.13,278,999,0.0528416650826839,0.28765755891799927
agglomerative,0.13,333,999,0.06329595134004942,0.27822232246398926
agglomerative,0.13,389,999,0.07394031552936704,0.26988399028778076
agglomerative,0.13,444,999,0.08439460178673255,0.26128411293029785
agglomerative,0.13,499,999,0.09484888804409808,0.25438392162323
agglomerative,0.13,555,999,0.1054932522334157,0.247738778591156
agglomerative,0.13,610,999,0.11594753849078122,0.24092888832092285
agglomerative,0.13,665,999,0.12640182474814673,0.23447483777999878
agglomerative,0.13,721,999,0.13704618893746437,0.22737926244735718
agglomerative,0.13,776,999,0.14750047519482987,0.22208213806152344
agglomerative,0.13,832,999,0.1581448393841475,0.21480590105056763
agglomerative,0.13,887,999,0.16859912564151303,0.21081817150115967
agglomerative,0.13,942,999,0.17905341189887855,0.20681285858154297
agglomerative,0.13,998,999,0.18969777608819616,0.20176690816879272
agglomerative,0.13,1053,999,0.20015206234556168,0.19738554954528809
agglomerative,0.13,1108,999,0.2106063486029272,0.19374418258666992
agglomerative,0.13,1164,999,0.2212507127922448,0.18903589248657227
agglomerative,0.13,1219,999,0.23170499904961034,0.18362587690353394
agglomerative,0.13,1274,999,0.24215928530697586,0.18021810054779053
agglomerative,0.13,1330,999,0.25280364949629347,0.1761791706085205
agglomerative,0.13,1385,999,0.263257935753659,0.17245244979858398
agglomerative,0.13,1441,999,0.2739022999429766,0.16738677024841309
agglomerative,0.13,1496,999,0.28435658620034215,0.16434210538864136
agglomerative,0.13,1551,999,0.29481087245770765,0.16124027967453003
agglomerative,0.13,1607,999,0.3054552366470253,0.15726375579833984
agglomerative,0.13,1662,999,0.3159095229043908,0.15383416414260864
agglomerative,0.13,1717,999,0.32636380916175634,0.14979779720306396
agglomerative,0.13,1773,999,0.3370081733510739,0.1462957262992859
agglomerative,0.13,1828,999,0.34746245960843947,0.1435028314590454
agglomerative,0.13,1884,999,0.3581068237977571,0.1399674415588379
agglomerative,0.13,1939,999,0.3685611100551226,0.13629919290542603
agglomerative,0.13,1994,999,0.3790153963124881,0.13353180885314941
agglomerative,0.13,2050,999,0.38965976050180573,0.13030380010604858
agglomerative,0.13,2105,999,0.4001140467591713,0.12737363576889038
agglomerative,0.13,2160,999,0.4105683330165368,0.12440437078475952
agglomerative,0.13,2216,999,0.4212126972058544,0.12050288915634155
agglomerative,0.13,2271,999,0.4316669834632199,0.1175183653831482
agglomerative,0.13,2326,999,0.44212126972058546,0.11465060710906982
agglomerative,0.13,2382,999,0.45276563390990304,0.1119648814201355
agglomerative,0.13,2437,999,0.4632199201672686,0.10917001962661743
agglomerative,0.13,2493,999,0.4738642843565862,0.10622227191925049
agglomerative,0.13,2548,999,0.4843185706139517,0.10317736864089966
agglomerative,0.13,2603,999,0.4947728568713172,0.10010296106338501
agglomerative,0.13,2659,999,0.5054172210606349,0.09711021184921265
agglomerative,0.13,2714,999,0.5158715073180004,0.09375131130218506
agglomerative,0.13,2769,999,0.5263257935753659,0.0907248854637146
agglomerative,0.13,2825,999,0.5369701577646835,0.08808696269989014
agglomerative,0.13,2880,999,0.547424444022049,0.08492696285247803
agglomerative,0.13,2936,999,0.5580688082113666,0.08232557773590088
agglomerative,0.13,2991,999,0.5685230944687322,0.0794907808303833
agglomerative,0.13,3046,999,0.5789773807260977,0.07675081491470337
agglomerative,0.13,3102,999,0.5896217449154153,0.07412564754486084
agglomerative,0.13,3157,999,0.6000760311727809,0.07114219665527344
agglomerative,0.13,3212,999,0.6105303174301464,0.06834566593170166
agglomerative,0.13,3268,999,0.621174681619464,0.06537818908691406
agglomerative,0.13,3323,999,0.6316289678768295,0.06254845857620239
agglomerative,0.13,3378,999,0.642083254134195,0.05993276834487915
agglomerative,0.13,3434,999,0.6527276183235127,0.057363927364349365
agglomerative,0.13,3489,999,0.6631819045808781,0.05474412441253662
agglomerative,0.13,3545,999,0.6738262687701958,0.052416443824768066
agglomerative,0.13,3600,999,0.6842805550275614,0.05016261339187622
agglomerative,0.13,3655,999,0.6947348412849268,0.048027634620666504
agglomerative,0.13,3711,999,0.7053792054742445,0.045967280864715576
agglomerative,0.13,3766,999,0.7158334917316099,0.043714284896850586
agglomerative,0.13,3821,999,0.7262877779889755,0.041697025299072266
agglomerative,0.13,3877,999,0.7369321421782931,0.03981727361679077
agglomerative,0.13,3932,999,0.7473864284356586,0.03797781467437744
agglomerative,0.13,3988,999,0.7580307926249762,0.03635376691818237
agglomerative,0.13,4043,999,0.7684850788823417,0.03449881076812744
agglomerative,0.13,4098,999,0.7789393651397073,0.03274446725845337
agglomerative,0.13,4154,999,0.7895837293290249,0.031235218048095703
agglomerative,0.13,4209,999,0.8000380155863904,0.029814958572387695
agglomerative,0.13,4264,999,0.810492301843756,0.028199195861816406
agglomerative,0.13,4320,999,0.8211366660330736,0.026737570762634277
agglomerative,0.13,4375,999,0.8315909522904391,0.025334537029266357
agglomerative,0.13,4430,999,0.8420452385478046,0.02358400821685791
agglomerative,0.13,4486,999,0.8526896027371222,0.022075235843658447
agglomerative,0.13,4541,999,0.8631438889944877,0.020731449127197266
agglomerative,0.13,4597,999,0.8737882531838054,0.019293785095214844
agglomerative,0.13,4652,999,0.8842425394411709,0.01798766851425171
agglomerative,0.13,4707,999,0.8946968256985364,0.016705751419067383
agglomerative,0.13,4763,999,0.9053411898878541,0.015252470970153809
agglomerative,0.13,4818,999,0.9157954761452195,0.013816118240356445
agglomerative,0.13,4873,999,0.926249762402585,0.012338101863861084
agglomerative,0.13,4929,999,0.9368941265919026,0.010680198669433594
agglomerative,0.13,4984,999,0.9473484128492682,0.009021639823913574
agglomerative,0.13,5040,999,0.9579927770385859,0.00724184513092041
agglomerative,0.13,5095,999,0.9684470632959513,0.0052343010902404785
agglomerative,0.13,5150,999,0.9789013495533169,0.0029491186141967773
agglomerative,0.13,5206,999,0.9895457137426344,0.000409543514251709
agglomerative,0.13,5261,999,1.0,0.0
agglomerative,0.14,1,999,0.00019007793195210037,0.5577389597892761
agglomerative,0.14,56,999,0.01064436418931762,0.4080212712287903
agglomerative,0.14,112,999,0.02128872837863524,0.34705406427383423
agglomerative,0.14,167,999,0.03174301463600076,0.31969451904296875
agglomerative,0.14,222,999,0.04219730089336628,0.3009956479072571
agglomerative,0.14,278,999,0.0528416650826839,0.28765755891799927
agglomerative,0.14,333,999,0.06329595134004942,0.27822232246398926
agglomerative,0.14,389,999,0.07394031552936704,0.26988399028778076
agglomerative,0.14,444,999,0.08439460178673255,0.26128411293029785
agglomerative,0.14,499,999,0.09484888804409808,0.25438392162323
agglomerative,0.14,555,999,0.1054932522334157,0.247738778591156
agglomerative,0.14,610,999,0.11594753849078122,0.24092888832092285
agglomerative,0.14,665,999,0.12640182474814673,0.23447483777999878
agglomerative,0.14,721,999,0.13704618893746437,0.22737926244735718
agglomerative,0.14,776,999,0.14750047519482987,0.22208213806152344
agglomerative,0.14,832,999,0.1581448393841475,0.21480590105056763
agglomerative,0.14,887,999,0.16859912564151303,0.21081817150115967
agglomerative,0.14,942,999,0.17905341189887855,0.20681285858154297
agglomerative,0.14,998,999,0.18969777608819616,0.20176690816879272
agglomerative,0.14,1053,999,0.20015206234556168,0.19738554954528809
agglomerative,0.14,1108,999,0.2106063486029272,0.19374418258666992
agglomerative,0.14,1164,999,0.2212507127922448,0.18903589248657227
agglomerative,0.14,1219,999,0.23170499904961034,0.18362587690353394
agglomerative,0.14,1274,999,0.24215928530697586,0.18021810054779053
agglomerative,0.14,1330,999,0.25280364949629347,0.1761791706085205
agglomerative,0.14,1385,999,0.263257935753659,0.17245244979858398
agglomerative,0.14,1441,999,0.2739022999429766,0.16738677024841309
agglomerative,0.14,1496,999,0.28435658620034215,0.16434210538864136
agglomerative,0.14,1551,999,0.29481087245770765,0.16124027967453003
agglomerative,0.14,1607,999,0.3054552366470253,0.15726375579833984
agglomerative,0.14,1662,999,0.3159095229043908,0.15383416414260864
agglomerative,0.14,1717,999,0.32636380916175634,0.14979779720306396
agglomerative,0.14,1773,999,0.3370081733510739,0.1462957262992859
agglomerative,0.14,1828,999,0.34746245960843947,0.1435028314590454
agglomerative,0.14,1884,999,0.3581068237977571,0.1399674415588379
agglomerative,0.14,1939,999,0.3685611100551226,0.13629919290542603
agglomerative,0.14,1994,999,0.3790153963124881,0.13353180885314941
agglomerative,0.14,2050,999,0.38965976050180573,0.13030380010604858
agglomerative,0.14,2105,999,0.4001140467591713,0.12737363576889038
agglomerative,0.14,2160,999,0.4105683330165368,0.12440437078475952
agglomerative,0.14,2216,999,0.4212126972058544,0.12050288915634155
agglomerative,0.14,2271,999,0.4316669834632199,0.1175183653831482
agglomerative,0.14,2326,999,0.44212126972058546,0.11465060710906982
agglomerative,0.14,2382,999,0.45276563390990304,0.1119648814201355
agglomerative,0.14,2437,999,0.4632199201672686,0.10917001962661743
agglomerative,0.14,2493,999,0.4738642843565862,0.10622227191925049
agglomerative,0.14,2548,999,0.4843185706139517,0.10317736864089966
agglomerative,0.14,2603,999,0.4947728568713172,0.10010296106338501
agglomerative,0.14,2659,999,0.5054172210606349,0.09711021184921265
agglomerative,0.14,2714,999,0.5158715073180004,0.09375131130218506
agglomerative,0.14,2769,999,0.5263257935753659,0.0907248854637146
agglomerative,0.14,2825,999,0.5369701577646835,0.08808696269989014
agglomerative,0.14,2880,999,0.547424444022049,0.08492696285247803
agglomerative,0.14,2936,999,0.5580688082113666,0.08232557773590088
agglomerative,0.14,2991,999,0.5685230944687322,0.0794907808303833
agglomerative,0.14,3046,999,0.5789773807260977,0.07675081491470337
agglomerative,0.14,3102,999,0.5896217449154153,0.07412564754486084
agglomerative,0.14,3157,999,0.6000760311727809,0.07114219665527344
agglomerative,0.14,3212,999,0.6105303174301464,0.06834566593170166
agglomerative,0.14,3268,999,0.621174681619464,0.06537818908691406
agglomerative,0.14,3323,999,0.6316289678768295,0.06254845857620239
agglomerative,0.14,3378,999,0.642083254134195,0.05993276834487915
agglomerative,0.14,3434,999,0.6527276183235127,0.057363927364349365
agglomerative,0.14,3489,999,0.6631819045808781,0.05474412441253662
agglomerative,0.14,3545,999,0.6738262687701958,0.052416443824768066
agglomerative,0.14,3600,999,0.6842805550275614,0.05016261339187622
agglomerative,0.14,3655,999,0.6947348412849268,0.048027634620666504
agglomerative,0.14,3711,999,0.7053792054742445,0.045967280864715576
agglomerative,0.14,3766,999,0.7158334917316099,0.043714284896850586
agglomerative,0.14,3821,999,0.7262877779889755,0.041697025299072266
agglomerative,0.14,3877,999,0.7369321421782931,0.03981727361679077
agglomerative,0.14,3932,999,0.7473864284356586,0.03797781467437744
agglomerative,0.14,3988,999,0.7580307926249762,0.03635376691818237
agglomerative,0.14,4043,999,0.7684850788823417,0.03449881076812744
agglomerative,0.14,4098,999,0.7789393651397073,0.03274446725845337
agglomerative,0.14,4154,999,0.7895837293290249,0.031235218048095703
agglomerative,0.14,4209,999,0.8000380155863904,0.029814958572387695
agglomerative,0.14,4264,999,0.810492301843756,0.028199195861816406
agglomerative,0.14,4320,999,0.8211366660330736,0.026737570762634277
agglomerative,0.14,4375,999,0.8315909522904391,0.025334537029266357
agglomerative,0.14,4430,999,0.8420452385478046,0.02358400821685791
agglomerative,0.14,4486,999,0.8526896027371222,0.022075235843658447
agglomerative,0.14,4541,999,0.8631438889944877,0.020731449127197266
agglomerative,0.14,4597,999,0.8737882531838054,0.019293785095214844
agglomerative,0.14,4652,999,0.8842425394411709,0.01798766851425171
agglomerative,0.14,4707,999,0.8946968256985364,0.016705751419067383
agglomerative,0.14,4763,999,0.9053411898878541,0.015252470970153809
agglomerative,0.14,4818,999,0.9157954761452195,0.013816118240356445
agglomerative,0.14,4873,999,0.926249762402585,0.012338101863861084
agglomerative,0.14,4929,999,0.9368941265919026,0.010680198669433594
agglomerative,0.14,4984,999,0.9473484128492682,0.009021639823913574
agglomerative,0.14,5040,999,0.9579927770385859,0.00724184513092041
agglomerative,0.14,5095,999,0.9684470632959513,0.0052343010902404785
agglomerative,0.14,5150,999,0.9789013495533169,0.0029491186141967773
agglomerative,0.14,5206,999,0.9895457137426344,0.000409543514251709
agglomerative,0.14,5261,999,1.0,0.0
agglomerative,0.15,1,999,0.00019007793195210037,0.5577448010444641
agglomerative,0.15,56,999,0.01064436418931762,0.40802133083343506
agglomerative,0.15,112,999,0.02128872837863524,0.34705406427383423
agglomerative,0.15,167,999,0.03174301463600076,0.31969451904296875
agglomerative,0.15,222,999,0.04219730089336628,0.3009956479072571
agglomerative,0.15,278,999,0.0528416650826839,0.28765755891799927
agglomerative,0.15,333,999,0.06329595134004942,0.27822232246398926
agglomerative,0.15,389,999,0.07394031552936704,0.26988399028778076
agglomerative,0.15,444,999,0.08439460178673255,0.26128411293029785
agglomerative,0.15,499,999,0.09484888804409808,0.25438392162323
agglomerative,0.15,555,999,0.1054932522334157,0.247738778591156
agglomerative,0.15,610,999,0.11594753849078122,0.24092888832092285
agglomerative,0.15,665,999,0.12640182474814673,0.23447483777999878
agglomerative,0.15,721,999,0.13704618893746437,0.22737926244735718
agglomerative,0.15,776,999,0.14750047519482987,0.22208213806152344
agglomerative,0.15,832,999,0.1581448393841475,0.21480590105056763
agglomerative,0.15,887,999,0.16859912564151303,0.21081817150115967
agglomerative,0.15,942,999,0.17905341189887855,0.20681285858154297
agglomerative,0.15,998,999,0.18969777608819616,0.20176690816879272
agglomerative,0.15,1053,999,0.20015206234556168,0.19738554954528809
agglomerative,0.15,1108,999,0.2106063486029272,0.19374418258666992
agglomerative,0.15,1164,999,0.2212507127922448,0.18903589248657227
agglomerative,0.15,1219,999,0.23170499904961034,0.18362587690353394
agglomerative,0.15,1274,999,0.24215928530697586,0.18021810054779053
agglomerative,0.15,1330,999,0.25280364949629347,0.1761791706085205
agglomerative,0.15,1385,999,0.263257935753659,0.17245244979858398
agglomerative,0.15,1441,999,0.2739022999429766,0.16738677024841309
agglomerative,0.15,1496,999,0.28435658620034215,0.16434210538864136
agglomerative,0.15,1551,999,0.29481087245770765,0.16124027967453003
agglomerative,0.15,1607,999,0.3054552366470253,0.15726375579833984
agglomerative,0.15,1662,999,0.3159095229043908,0.15383416414260864
agglomerative,0.15,1717,999,0.32636380916175634,0.14979779720306396
agglomerative,0.15,1773,999,0.3370081733510739,0.1462957262992859
agglomerative,0.15,1828,999,0.34746245960843947,0.1435028314590454
agglomerative,0.15,1884,999,0.3581068237977571,0.1399674415588379
agglomerative,0.15,1939,999,0.3685611100551226,0.13629919290542603
agglomerative,0.15,1994,999,0.3790153963124881,0.13353180885314941
agglomerative,0.15,2050,999,0.38965976050180573,0.13030380010604858
agglomerative,0.15,2105,999,0.4001140467591713,0.12737363576889038
agglomerative,0.15,2160,999,0.4105683330165368,0.12440437078475952
agglomerative,0.15,2216,999,0.4212126972058544,0.12050288915634155
agglomerative,0.15,2271,999,0.4316669834632199,0.1175183653831482
agglomerative,0.15,2326,999,0.44212126972058546,0.11465060710906982
agglomerative,0.15,2382,999,0.45276563390990304,0.1119648814201355
agglomerative,0.15,2437,999,0.4632199201672686,0.10917001962661743
agglomerative,0.15,2493,999,0.4738642843565862,0.10622227191925049
agglomerative,0.15,2548,999,0.4843185706139517,0.10317736864089966
agglomerative,0.15,2603,999,0.4947728568713172,0.10010296106338501
agglomerative,0.15,2659,999,0.5054172210606349,0.09711021184921265
agglomerative,0.15,2714,999,0.5158715073180004,0.09375131130218506
agglomerative,0.15,2769,999,0.5263257935753659,0.0907248854637146
agglomerative,0.15,2825,999,0.5369701577646835,0.08808696269989014
agglomerative,0.15,2880,999,0.547424444022049,0.08492696285247803
agglomerative,0.15,2936,999,0.5580688082113666,0.08232557773590088
agglomerative,0.15,2991,999,0.5685230944687322,0.0794907808303833
agglomerative,0.15,3046,999,0.5789773807260977,0.07675081491470337
agglomerative,0.15,3102,999,0.5896217449154153,0.07412564754486084
agglomerative,0.15,3157,999,0.6000760311727809,0.07114219665527344
agglomerative,0.15,3212,999,0.6105303174301464,0.06834566593170166
agglomerative,0.15,3268,999,0.621174681619464,0.06537818908691406
agglomerative,0.15,3323,999,0.6316289678768295,0.06254845857620239
agglomerative,0.15,3378,999,0.642083254134195,0.05993276834487915
agglomerative,0.15,3434,999,0.6527276183235127,0.057363927364349365
agglomerative,0.15,3489,999,0.6631819045808781,0.05474412441253662
agglomerative,0.15,3545,999,0.6738262687701958,0.052416443824768066
agglomerative,0.15,3600,999,0.6842805550275614,0.05016261339187622
agglomerative,0.15,3655,999,0.6947348412849268,0.048027634620666504
agglomerative,0.15,3711,999,0.7053792054742445,0.045967280864715576
agglomerative,0.15,3766,999,0.7158334917316099,0.043714284896850586
agglomerative,0.15,3821,999,0.7262877779889755,0.041697025299072266
agglomerative,0.15,3877,999,0.7369321421782931,0.03981727361679077
agglomerative,0.15,3932,999,0.7473864284356586,0.03797781467437744
agglomerative,0.15,3988,999,0.7580307926249762,0.03635376691818237
agglomerative,0.15,4043,999,0.7684850788823417,0.03449881076812744
agglomerative,0.15,4098,999,0.7789393651397073,0.03274446725845337
agglomerative,0.15,4154,999,0.7895837293290249,0.031235218048095703
agglomerative,0.15,4209,999,0.8000380155863904,0.029814958572387695
agglomerative,0.15,4264,999,0.810492301843756,0.028199195861816406
agglomerative,0.15,4320,999,0.8211366660330736,0.026737570762634277
agglomerative,0.15,4375,999,0.8315909522904391,0.025334537029266357
agglomerative,0.15,4430,999,0.8420452385478046,0.02358400821685791
agglomerative,0.15,4486,999,0.8526896027371222,0.022075235843658447
agglomerative,0.15,4541,999,0.8631438889944877,0.020731449127197266
agglomerative,0.15,4597,999,0.8737882531838054,0.019293785095214844
agglomerative,0.15,4652,999,0.8842425394411709,0.01798766851425171
agglomerative,0.15,4707,999,0.8946968256985364,0.016705751419067383
agglomerative,0.15,4763,999,0.9053411898878541,0.015252470970153809
agglomerative,0.15,4818,999,0.9157954761452195,0.013816118240356445
agglomerative,0.15,4873,999,0.926249762402585,0.012338101863861084
agglomerative,0.15,4929,999,0.9368941265919026,0.010680198669433594
agglomerative,0.15,4984,999,0.9473484128492682,0.009021639823913574
agglomerative,0.15,5040,999,0.9579927770385859,0.00724184513092041
agglomerative,0.15,5095,999,0.9684470632959513,0.0052343010902404785
agglomerative,0.15,5150,999,0.9789013495533169,0.0029491186141967773
agglomerative,0.15,5206,999,0.9895457137426344,0.000409543514251709
agglomerative,0.15,5261,999,1.0,0.0
agglomerative,0.16,1,999,0.00019007793195210037,0.5577536225318909
agglomerative,0.16,56,999,0.01064436418931762,0.40802162885665894
agglomerative,0.16,112,999,0.02128872837863524,0.34705406427383423
agglomerative,0.16,167,999,0.03174301463600076,0.31969451904296875
agglomerative,0.16,222,999,0.04219730089336628,0.3009956479072571
agglomerative,0.16,278,999,0.0528416650826839,0.28765755891799927
agglomerative,0.16,333,999,0.06329595134004942,0.27822232246398926
agglomerative,0.16,389,999,0.07394031552936704,0.26988399028778076
agglomerative,0.16,444,999,0.08439460178673255,0.26128411293029785
agglomerative,0.16,499,999,0.09484888804409808,0.25438392162323
agglomerative,0.16,555,999,0.1054932522334157,0.247738778591156
agglomerative,0.16,610,999,0.11594753849078122,0.24092888832092285
agglomerative,0.16,665,999,0.12640182474814673,0.23447483777999878
agglomerative,0.16,721,999,0.13704618893746437,0.22737926244735718
agglomerative,0.16,776,999,0.14750047519482987,0.22208213806152344
agglomerative,0.16,832,999,0.1581448393841475,0.21480590105056763
agglomerative,0.16,887,999,0.16859912564151303,0.21081817150115967
agglomerative,0.16,942,999,0.17905341189887855,0.20681285858154297
agglomerative,0.16,998,999,0.18969777608819616,0.20176690816879272
agglomerative,0.16,1053,999,0.20015206234556168,0.19738554954528809
agglomerative,0.16,1108,999,0.2106063486029272,0.19374418258666992
agglomerative,0.16,1164,999,0.2212507127922448,0.18903589248657227
agglomerative,0.16,1219,999,0.23170499904961034,0.18362587690353394
agglomerative,0.16,1274,999,0.24215928530697586,0.18021810054779053
agglomerative,0.16,1330,999,0.25280364949629347,0.1761791706085205
agglomerative,0.16,1385,999,0.263257935753659,0.17245244979858398
agglomerative,0.16,1441,999,0.2739022999429766,0.16738677024841309
agglomerative,0.16,1496,999,0.28435658620034215,0.16434210538864136
agglomerative,0.16,1551,999,0.29481087245770765,0.16124027967453003
agglomerative,0.16,1607,999,0.3054552366470253,0.15726375579833984
agglomerative,0.16,1662,999,0.3159095229043908,0.15383416414260864
agglomerative,0.16,1717,999,0.32636380916175634,0.14979779720306396
agglomerative,0.16,1773,999,0.3370081733510739,0.1462957262992859
agglomerative,0.16,1828,999,0.34746245960843947,0.1435028314590454
agglomerative,0.16,1884,999,0.3581068237977571,0.1399674415588379
agglomerative,0.16,1939,999,0.3685611100551226,0.13629919290542603
agglomerative,0.16,1994,999,0.3790153963124881,0.13353180885314941
agglomerative,0.16,2050,999,0.38965976050180573,0.13030380010604858
agglomerative,0.16,2105,999,0.4001140467591713,0.12737363576889038
agglomerative,0.16,2160,999,0.4105683330165368,0.12440437078475952
agglomerative,0.16,2216,999,0.4212126972058544,0.12050288915634155
agglomerative,0.16,2271,999,0.4316669834632199,0.1175183653831482
agglomerative,0.16,2326,999,0.44212126972058546,0.11465060710906982
agglomerative,0.16,2382,999,0.45276563390990304,0.1119648814201355
agglomerative,0.16,2437,999,0.4632199201672686,0.10917001962661743
agglomerative,0.16,2493,999,0.4738642843565862,0.10622227191925049
agglomerative,0.16,2548,999,0.4843185706139517,0.10317736864089966
agglomerative,0.16,2603,999,0.4947728568713172,0.10010296106338501
agglomerative,0.16,2659,999,0.5054172210606349,0.09711021184921265
agglomerative,0.16,2714,999,0.5158715073180004,0.09375131130218506
agglomerative,0.16,2769,999,0.5263257935753659,0.0907248854637146
agglomerative,0.16,2825,999,0.5369701577646835,0.08808696269989014
agglomerative,0.16,2880,999,0.547424444022049,0.08492696285247803
agglomerative,0.16,2936,999,0.5580688082113666,0.08232557773590088
agglomerative,0.16,2991,999,0.5685230944687322,0.0794907808303833
agglomerative,0.16,3046,999,0.5789773807260977,0.07675081491470337
agglomerative,0.16,3102,999,0.5896217449154153,0.07412564754486084
agglomerative,0.16,3157,999,0.6000760311727809,0.07114219665527344
agglomerative,0.16,3212,999,0.6105303174301464,0.06834566593170166
agglomerative,0.16,3268,999,0.621174681619464,0.06537818908691406
agglomerative,0.16,3323,999,0.6316289678768295,0.06254845857620239
agglomerative,0.16,3378,999,0.642083254134195,0.05993276834487915
agglomerative,0.16,3434,999,0.6527276183235127,0.057363927364349365
agglomerative,0.16,3489,999,0.6631819045808781,0.05474412441253662
agglomerative,0.16,3545,999,0.6738262687701958,0.052416443824768066
agglomerative,0.16,3600,999,0.6842805550275614,0.05016261339187622
agglomerative,0.16,3655,999,0.6947348412849268,0.048027634620666504
agglomerative,0.16,3711,999,0.7053792054742445,0.045967280864715576
agglomerative,0.16,3766,999,0.7158334917316099,0.043714284896850586
agglomerative,0.16,3821,999,0.7262877779889755,0.041697025299072266
agglomerative,0.16,3877,999,0.7369321421782931,0.03981727361679077
agglomerative,0.16,3932,999,0.7473864284356586,0.03797781467437744
agglomerative,0.16,3988,999,0.7580307926249762,0.03635376691818237
agglomerative,0.16,4043,999,0.7684850788823417,0.03449881076812744
agglomerative,0.16,4098,999,0.7789393651397073,0.03274446725845337
agglomerative,0.16,4154,999,0.7895837293290249,0.031235218048095703
agglomerative,0.16,4209,999,0.8000380155863904,0.029814958572387695
agglomerative,0.16,4264,999,0.810492301843756,0.028199195861816406
agglomerative,0.16,4320,999,0.8211366660330736,0.026737570762634277
agglomerative,0.16,4375,999,0.8315909522904391,0.025334537029266357
agglomerative,0.16,4430,999,0.8420452385478046,0.02358400821685791
agglomerative,0.16,4486,999,0.8526896027371222,0.022075235843658447
agglomerative,0.16,4541,999,0.8631438889944877,0.020731449127197266
agglomerative,0.16,4597,999,0.8737882531838054,0.019293785095214844
agglomerative,0.16,4652,999,0.8842425394411709,0.01798766851425171
agglomerative,0.16,4707,999,0.8946968256985364,0.016705751419067383
agglomerative,0.16,4763,999,0.9053411898878541,0.015252470970153809
agglomerative,0.16,4818,999,0.9157954761452195,0.013816118240356445
agglomerative,0.16,4873,999,0.926249762402585,0.012338101863861084
agglomerative,0.16,4929,999,0.9368941265919026,0.010680198669433594
agglomerative,0.16,4984,999,0.9473484128492682,0.009021639823913574
agglomerative,0.16,5040,999,0.9579927770385859,0.00724184513092041
agglomerative,0.16,5095,999,0.9684470632959513,0.0052343010902404785
agglomerative,0.16,5150,999,0.9789013495533169,0.0029491186141967773
agglomerative,0.16,5206,999,0.9895457137426344,0.000409543514251709
agglomerative,0.16,5261,999,1.0,0.0
agglomerative,0.17,1,999,0.00019007793195210037,0.557766318321228
agglomerative,0.17,56,999,0.01064436418931762,0.40802228450775146
agglomerative,0.17,112,999,0.02128872837863524,0.34705406427383423
agglomerative,0.17,167,999,0.03174301463600076,0.31969451904296875
agglomerative,0.17,222,999,0.04219730089336628,0.3009956479072571
agglomerative,0.17,278,999,0.0528416650826839,0.28765755891799927
agglomerative,0.17,333,999,0.06329595134004942,0.27822232246398926
agglomerative,0.17,389,999,0.07394031552936704,0.26988399028778076
agglomerative,0.17,444,999,0.08439460178673255,0.26128411293029785
agglomerative,0.17,499,999,0.09484888804409808,0.25438392162323
agglomerative,0.17,555,999,0.1054932522334157,0.247738778591156
agglomerative,0.17,610,999,0.11594753849078122,0.24092888832092285
agglomerative,0.17,665,999,0.12640182474814673,0.23447483777999878
agglomerative,0.17,721,999,0.13704618893746437,0.22737926244735718
agglomerative,0.17,776,999,0.14750047519482987,0.22208213806152344
agglomerative,0.17,832,999,0.1581448393841475,0.21480590105056763
agglomerative,0.17,887,999,0.16859912564151303,0.21081817150115967
agglomerative,0.17,942,999,0.17905341189887855,0.20681285858154297
agglomerative,0.17,998,999,0.18969777608819616,0.20176690816879272
agglomerative,0.17,1053,999,0.20015206234556168,0.19738554954528809
agglomerative,0.17,1108,999,0.2106063486029272,0.19374418258666992
agglomerative,0.17,1164,999,0.2212507127922448,0.18903589248657227
agglomerative,0.17,1219,999,0.23170499904961034,0.18362587690353394
agglomerative,0.17,1274,999,0.24215928530697586,0.18021810054779053
agglomerative,0.17,1330,999,0.25280364949629347,0.1761791706085205
agglomerative,0.17,1385,999,0.263257935753659,0.17245244979858398
agglomerative,0.17,1441,999,0.2739022999429766,0.16738677024841309
agglomerative,0.17,1496,999,0.28435658620034215,0.16434210538864136
agglomerative,0.17,1551,999,0.29481087245770765,0.16124027967453003
agglomerative,0.17,1607,999,0.3054552366470253,0.15726375579833984
agglomerative,0.17,1662,999,0.3159095229043908,0.15383416414260864
agglomerative,0.17,1717,999,0.32636380916175634,0.14979779720306396
agglomerative,0.17,1773,999,0.3370081733510739,0.1462957262992859
agglomerative,0.17,1828,999,0.34746245960843947,0.1435028314590454
agglomerative,0.17,1884,999,0.3581068237977571,0.1399674415588379
agglomerative,0.17,1939,999,0.3685611100551226,0.13629919290542603
agglomerative,0.17,1994,999,0.3790153963124881,0.13353180885314941
agglomerative,0.17,2050,999,0.38965976050180573,0.13030380010604858
agglomerative,0.17,2105,999,0.4001140467591713,0.12737363576889038
agglomerative,0.17,2160,999,0.4105683330165368,0.12440437078475952
agglomerative,0.17,2216,999,0.4212126972058544,0.12050288915634155
agglomerative,0.17,2271,999,0.4316669834632199,0.1175183653831482
agglomerative,0.17,2326,999,0.44212126972058546,0.11465060710906982
agglomerative,0.17,2382,999,0.45276563390990304,0.1119648814201355
agglomerative,0.17,2437,999,0.4632199201672686,0.10917001962661743
agglomerative,0.17,2493,999,0.4738642843565862,0.10622227191925049
agglomerative,0.17,2548,999,0.4843185706139517,0.10317736864089966
agglomerative,0.17,2603,999,0.4947728568713172,0.10010296106338501
agglomerative,0.17,2659,999,0.5054172210606349,0.09711021184921265
agglomerative,0.17,2714,999,0.5158715073180004,0.09375131130218506
agglomerative,0.17,2769,999,0.5263257935753659,0.0907248854637146
agglomerative,0.17,2825,999,0.5369701577646835,0.08808696269989014
agglomerative,0.17,2880,999,0.547424444022049,0.08492696285247803
agglomerative,0.17,2936,999,0.5580688082113666,0.08232557773590088
agglomerative,0.17,2991,999,0.5685230944687322,0.0794907808303833
agglomerative,0.17,3046,999,0.5789773807260977,0.07675081491470337
agglomerative,0.17,3102,999,0.5896217449154153,0.07412564754486084
agglomerative,0.17,3157,999,0.6000760311727809,0.07114219665527344
agglomerative,0.17,3212,999,0.6105303174301464,0.06834566593170166
agglomerative,0.17,3268,999,0.621174681619464,0.06537818908691406
agglomerative,0.17,3323,999,0.6316289678768295,0.06254845857620239
agglomerative,0.17,3378,999,0.642083254134195,0.05993276834487915
agglomerative,0.17,3434,999,0.6527276183235127,0.057363927364349365
agglomerative,0.17,3489,999,0.6631819045808781,0.05474412441253662
agglomerative,0.17,3545,999,0.6738262687701958,0.052416443824768066
agglomerative,0.17,3600,999,0.6842805550275614,0.05016261339187622
agglomerative,0.17,3655,999,0.6947348412849268,0.048027634620666504
agglomerative,0.17,3711,999,0.7053792054742445,0.045967280864715576
agglomerative,0.17,3766,999,0.7158334917316099,0.043714284896850586
agglomerative,0.17,3821,999,0.7262877779889755,0.041697025299072266
agglomerative,0.17,3877,999,0.7369321421782931,0.03981727361679077
agglomerative,0.17,3932,999,0.7473864284356586,0.03797781467437744
agglomerative,0.17,3988,999,0.7580307926249762,0.03635376691818237
agglomerative,0.17,4043,999,0.7684850788823417,0.03449881076812744
agglomerative,0.17,4098,999,0.7789393651397073,0.03274446725845337
agglomerative,0.17,4154,999,0.7895837293290249,0.031235218048095703
agglomerative,0.17,4209,999,0.8000380155863904,0.029814958572387695
agglomerative,0.17,4264,999,0.810492301843756,0.028199195861816406
agglomerative,0.17,4320,999,0.8211366660330736,0.026737570762634277
agglomerative,0.17,4375,999,0.8315909522904391,0.025334537029266357
agglomerative,0.17,4430,999,0.8420452385478046,0.02358400821685791
agglomerative,0.17,4486,999,0.8526896027371222,0.022075235843658447
agglomerative,0.17,4541,999,0.8631438889944877,0.020731449127197266
agglomerative,0.17,4597,999,0.8737882531838054,0.019293785095214844
agglomerative,0.17,4652,999,0.8842425394411709,0.01798766851425171
agglomerative,0.17,4707,999,0.8946968256985364,0.016705751419067383
agglomerative,0.17,4763,999,0.9053411898878541,0.015252470970153809
agglomerative,0.17,4818,999,0.9157954761452195,0.013816118240356445
agglomerative,0.17,4873,999,0.926249762402585,0.012338101863861084
agglomerative,0.17,4929,999,0.9368941265919026,0.010680198669433594
agglomerative,0.17,4984,999,0.9473484128492682,0.009021639823913574
agglomerative,0.17,5040,999,0.9579927770385859,0.00724184513092041
agglomerative,0.17,5095,999,0.9684470632959513,0.0052343010902404785
agglomerative,0.17,5150,999,0.9789013495533169,0.0029491186141967773
agglomerative,0.17,5206,999,0.9895457137426344,0.000409543514251709
agglomerative,0.17,5261,999,1.0,0.0
agglomerative,0.18,1,999,0.00019007793195210037,0.557785153388977
agglomerative,0.18,56,999,0.01064436418931762,0.40802299976348877
agglomerative,0.18,112,999,0.02128872837863524,0.34705406427383423
agglomerative,0.18,167,999,0.03174301463600076,0.31969451904296875
agglomerative,0.18,222,999,0.04219730089336628,0.3009956479072571
agglomerative,0.18,278,999,0.0528416650826839,0.28765755891799927
agglomerative,0.18,333,999,0.06329595134004942,0.27822232246398926
agglomerative,0.18,389,999,0.07394031552936704,0.26988399028778076
agglomerative,0.18,444,999,0.08439460178673255,0.26128411293029785
agglomerative,0.18,499,999,0.09484888804409808,0.25438392162323
agglomerative,0.18,555,999,0.1054932522334157,0.247738778591156
agglomerative,0.18,610,999,0.11594753849078122,0.24092888832092285
agglomerative,0.18,665,999,0.12640182474814673,0.23447483777999878
agglomerative,0.18,721,999,0.13704618893746437,0.22737926244735718
agglomerative,0.18,776,999,0.14750047519482987,0.22208213806152344
agglomerative,0.18,832,999,0.1581448393841475,0.21480590105056763
agglomerative,0.18,887,999,0.16859912564151303,0.21081817150115967
agglomerative,0.18,942,999,0.17905341189887855,0.20681285858154297
agglomerative,0.18,998,999,0.18969777608819616,0.20176690816879272
agglomerative,0.18,1053,999,0.20015206234556168,0.19738554954528809
agglomerative,0.18,1108,999,0.2106063486029272,0.19374418258666992
agglomerative,0.18,1164,999,0.2212507127922448,0.18903589248657227
agglomerative,0.18,1219,999,0.23170499904961034,0.18362587690353394
agglomerative,0.18,1274,999,0.24215928530697586,0.18021810054779053
agglomerative,0.18,1330,999,0.25280364949629347,0.1761791706085205
agglomerative,0.18,1385,999,0.263257935753659,0.17245244979858398
agglomerative,0.18,1441,999,0.2739022999429766,0.16738677024841309
agglomerative,0.18,1496,999,0.28435658620034215,0.16434210538864136
agglomerative,0.18,1551,999,0.29481087245770765,0.16124027967453003
agglomerative,0.18,1607,999,0.3054552366470253,0.15726375579833984
agglomerative,0.18,1662,999,0.3159095229043908,0.15383416414260864
agglomerative,0.18,1717,999,0.32636380916175634,0.14979779720306396
agglomerative,0.18,1773,999,0.3370081733510739,0.1462957262992859
agglomerative,0.18,1828,999,0.34746245960843947,0.1435028314590454
agglomerative,0.18,1884,999,0.3581068237977571,0.1399674415588379
agglomerative,0.18,1939,999,0.3685611100551226,0.13629919290542603
agglomerative,0.18,1994,999,0.3790153963124881,0.13353180885314941
agglomerative,0.18,2050,999,0.38965976050180573,0.13030380010604858
agglomerative,0.18,2105,999,0.4001140467591713,0.12737363576889038
agglomerative,0.18,2160,999,0.4105683330165368,0.12440437078475952
agglomerative,0.18,2216,999,0.4212126972058544,0.12050288915634155
agglomerative,0.18,2271,999,0.4316669834632199,0.1175183653831482
agglomerative,0.18,2326,999,0.44212126972058546,0.11465060710906982
agglomerative,0.18,2382,999,0.45276563390990304,0.1119648814201355
agglomerative,0.18,2437,999,0.4632199201672686,0.10917001962661743
agglomerative,0.18,2493,999,0.4738642843565862,0.10622227191925049
agglomerative,0.18,2548,999,0.4843185706139517,0.10317736864089966
agglomerative,0.18,2603,999,0.4947728568713172,0.10010296106338501
agglomerative,0.18,2659,999,0.5054172210606349,0.09711021184921265
agglomerative,0.18,2714,999,0.5158715073180004,0.09375131130218506
agglomerative,0.18,2769,999,0.5263257935753659,0.0907248854637146
agglomerative,0.18,2825,999,0.5369701577646835,0.08808696269989014
agglomerative,0.18,2880,999,0.547424444022049,0.08492696285247803
agglomerative,0.18,2936,999,0.5580688082113666,0.08232557773590088
agglomerative,0.18,2991,999,0.5685230944687322,0.0794907808303833
agglomerative,0.18,3046,999,0.5789773807260977,0.07675081491470337
agglomerative,0.18,3102,999,0.5896217449154153,0.07412564754486084
agglomerative,0.18,3157,999,0.6000760311727809,0.07114219665527344
agglomerative,0.18,3212,999,0.6105303174301464,0.06834566593170166
agglomerative,0.18,3268,999,0.621174681619464,0.06537818908691406
agglomerative,0.18,3323,999,0.6316289678768295,0.06254845857620239
agglomerative,0.18,3378,999,0.642083254134195,0.05993276834487915
agglomerative,0.18,3434,999,0.6527276183235127,0.057363927364349365
agglomerative,0.18,3489,999,0.6631819045808781,0.05474412441253662
agglomerative,0.18,3545,999,0.6738262687701958,0.052416443824768066
agglomerative,0.18,3600,999,0.6842805550275614,0.05016261339187622
agglomerative,0.18,3655,999,0.6947348412849268,0.048027634620666504
agglomerative,0.18,3711,999,0.7053792054742445,0.045967280864715576
agglomerative,0.18,3766,999,0.7158334917316099,0.043714284896850586
agglomerative,0.18,3821,999,0.7262877779889755,0.041697025299072266
agglomerative,0.18,3877,999,0.7369321421782931,0.03981727361679077
agglomerative,0.18,3932,999,0.7473864284356586,0.03797781467437744
agglomerative,0.18,3988,999,0.7580307926249762,0.03635376691818237
agglomerative,0.18,4043,999,0.7684850788823417,0.03449881076812744
agglomerative,0.18,4098,999,0.7789393651397073,0.03274446725845337
agglomerative,0.18,4154,999,0.7895837293290249,0.031235218048095703
agglomerative,0.18,4209,999,0.8000380155863904,0.029814958572387695
agglomerative,0.18,4264,999,0.810492301843756,0.028199195861816406
agglomerative,0.18,4320,999,0.8211366660330736,0.026737570762634277
agglomerative,0.18,4375,999,0.8315909522904391,0.025334537029266357
agglomerative,0.18,4430,999,0.8420452385478046,0.02358400821685791
agglomerative,0.18,4486,999,0.8526896027371222,0.022075235843658447
agglomerative,0.18,4541,999,0.8631438889944877,0.020731449127197266
agglomerative,0.18,4597,999,0.8737882531838054,0.019293785095214844
agglomerative,0.18,4652,999,0.8842425394411709,0.01798766851425171
agglomerative,0.18,4707,999,0.8946968256985364,0.016705751419067383
agglomerative,0.18,4763,999,0.9053411898878541,0.015252470970153809
agglomerative,0.18,4818,999,0.9157954761452195,0.013816118240356445
agglomerative,0.18,4873,999,0.926249762402585,0.012338101863861084
agglomerative,0.18,4929,999,0.9368941265919026,0.010680198669433594
agglomerative,0.18,4984,999,0.9473484128492682,0.009021639823913574
agglomerative,0.18,5040,999,0.9579927770385859,0.00724184513092041
agglomerative,0.18,5095,999,0.9684470632959513,0.0052343010902404785
agglomerative,0.18,5150,999,0.9789013495533169,0.0029491186141967773
agglomerative,0.18,5206,999,0.9895457137426344,0.000409543514251709
agglomerative,0.18,5261,999,1.0,0.0
agglomerative,0.19,1,999,0.00019007793195210037,0.5578140020370483
agglomerative,0.19,56,999,0.01064436418931762,0.4080246090888977
agglomerative,0.19,112,999,0.02128872837863524,0.34705406427383423
agglomerative,0.19,167,999,0.03174301463600076,0.31969451904296875
agglomerative,0.19,222,999,0.04219730089336628,0.3009956479072571
agglomerative,0.19,278,999,0.0528416650826839,0.28765755891799927
agglomerative,0.19,333,999,0.06329595134004942,0.27822232246398926
agglomerative,0.19,389,999,0.07394031552936704,0.26988399028778076
agglomerative,0.19,444,999,0.08439460178673255,0.26128411293029785
agglomerative,0.19,499,999,0.09484888804409808,0.25438392162323
agglomerative,0.19,555,999,0.1054932522334157,0.247738778591156
agglomerative,0.19,610,999,0.11594753849078122,0.24092888832092285
agglomerative,0.19,665,999,0.12640182474814673,0.23447483777999878
agglomerative,0.19,721,999,0.13704618893746437,0.22737926244735718
agglomerative,0.19,776,999,0.14750047519482987,0.22208213806152344
agglomerative,0.19,832,999,0.1581448393841475,0.21480590105056763
agglomerative,0.19,887,999,0.16859912564151303,0.21081817150115967
agglomerative,0.19,942,999,0.17905341189887855,0.20681285858154297
agglomerative,0.19,998,999,0.18969777608819616,0.20176690816879272
agglomerative,0.19,1053,999,0.20015206234556168,0.19738554954528809
agglomerative,0.19,1108,999,0.2106063486029272,0.19374418258666992
agglomerative,0.19,1164,999,0.2212507127922448,0.18903589248657227
agglomerative,0.19,1219,999,0.23170499904961034,0.18362587690353394
agglomerative,0.19,1274,999,0.24215928530697586,0.18021810054779053
agglomerative,0.19,1330,999,0.25280364949629347,0.1761791706085205
agglomerative,0.19,1385,999,0.263257935753659,0.17245244979858398
agglomerative,0.19,1441,999,0.2739022999429766,0.16738677024841309
agglomerative,0.19,1496,999,0.28435658620034215,0.16434210538864136
agglomerative,0.19,1551,999,0.29481087245770765,0.16124027967453003
agglomerative,0.19,1607,999,0.3054552366470253,0.15726375579833984
agglomerative,0.19,1662,999,0.3159095229043908,0.15383416414260864
agglomerative,0.19,1717,999,0.32636380916175634,0.14979779720306396
agglomerative,0.19,1773,999,0.3370081733510739,0.1462957262992859
agglomerative,0.19,1828,999,0.34746245960843947,0.1435028314590454
agglomerative,0.19,1884,999,0.3581068237977571,0.1399674415588379
agglomerative,0.19,1939,999,0.3685611100551226,0.13629919290542603
agglomerative,0.19,1994,999,0.3790153963124881,0.13353180885314941
agglomerative,0.19,2050,999,0.38965976050180573,0.13030380010604858
agglomerative,0.19,2105,999,0.4001140467591713,0.12737363576889038
agglomerative,0.19,2160,999,0.4105683330165368,0.12440437078475952
agglomerative,0.19,2216,999,0.4212126972058544,0.12050288915634155
agglomerative,0.19,2271,999,0.4316669834632199,0.1175183653831482
agglomerative,0.19,2326,999,0.44212126972058546,0.11465060710906982
agglomerative,0.19,2382,999,0.45276563390990304,0.1119648814201355
agglomerative,0.19,2437,999,0.4632199201672686,0.10917001962661743
agglomerative,0.19,2493,999,0.4738642843565862,0.10622227191925049
agglomerative,0.19,2548,999,0.4843185706139517,0.10317736864089966
agglomerative,0.19,2603,999,0.4947728568713172,0.10010296106338501
agglomerative,0.19,2659,999,0.5054172210606349,0.09711021184921265
agglomerative,0.19,2714,999,0.5158715073180004,0.09375131130218506
agglomerative,0.19,2769,999,0.5263257935753659,0.0907248854637146
agglomerative,0.19,2825,999,0.5369701577646835,0.08808696269989014
agglomerative,0.19,2880,999,0.547424444022049,0.08492696285247803
agglomerative,0.19,2936,999,0.5580688082113666,0.08232557773590088
agglomerative,0.19,2991,999,0.5685230944687322,0.0794907808303833
agglomerative,0.19,3046,999,0.5789773807260977,0.07675081491470337
agglomerative,0.19,3102,999,0.5896217449154153,0.07412564754486084
agglomerative,0.19,3157,999,0.6000760311727809,0.07114219665527344
agglomerative,0.19,3212,999,0.6105303174301464,0.06834566593170166
agglomerative,0.19,3268,999,0.621174681619464,0.06537818908691406
agglomerative,0.19,3323,999,0.6316289678768295,0.06254845857620239
agglomerative,0.19,3378,999,0.642083254134195,0.05993276834487915
agglomerative,0.19,3434,999,0.6527276183235127,0.057363927364349365
agglomerative,0.19,3489,999,0.6631819045808781,0.05474412441253662
agglomerative,0.19,3545,999,0.6738262687701958,0.052416443824768066
agglomerative,0.19,3600,999,0.6842805550275614,0.05016261339187622
agglomerative,0.19,3655,999,0.6947348412849268,0.048027634620666504
agglomerative,0.19,3711,999,0.7053792054742445,0.045967280864715576
agglomerative,0.19,3766,999,0.7158334917316099,0.043714284896850586
agglomerative,0.19,3821,999,0.7262877779889755,0.041697025299072266
agglomerative,0.19,3877,999,0.7369321421782931,0.03981727361679077
agglomerative,0.19,3932,999,0.7473864284356586,0.03797781467437744
agglomerative,0.19,3988,999,0.7580307926249762,0.03635376691818237
agglomerative,0.19,4043,999,0.7684850788823417,0.03449881076812744
agglomerative,0.19,4098,999,0.7789393651397073,0.03274446725845337
agglomerative,0.19,4154,999,0.7895837293290249,0.031235218048095703
agglomerative,0.19,4209,999,0.8000380155863904,0.029814958572387695
agglomerative,0.19,4264,999,0.810492301843756,0.028199195861816406
agglomerative,0.19,4320,999,0.8211366660330736,0.026737570762634277
agglomerative,0.19,4375,999,0.8315909522904391,0.025334537029266357
agglomerative,0.19,4430,999,0.8420452385478046,0.02358400821685791
agglomerative,0.19,4486,999,0.8526896027371222,0.022075235843658447
agglomerative,0.19,4541,999,0.8631438889944877,0.020731449127197266
agglomerative,0.19,4597,999,0.8737882531838054,0.019293785095214844
agglomerative,0.19,4652,999,0.8842425394411709,0.01798766851425171
agglomerative,0.19,4707,999,0.8946968256985364,0.016705751419067383
agglomerative,0.19,4763,999,0.9053411898878541,0.015252470970153809
agglomerative,0.19,4818,999,0.9157954761452195,0.013816118240356445
agglomerative,0.19,4873,999,0.926249762402585,0.012338101863861084
agglomerative,0.19,4929,999,0.9368941265919026,0.010680198669433594
agglomerative,0.19,4984,999,0.9473484128492682,0.009021639823913574
agglomerative,0.19,5040,999,0.9579927770385859,0.00724184513092041
agglomerative,0.19,5095,999,0.9684470632959513,0.0052343010902404785
agglomerative,0.19,5150,999,0.9789013495533169,0.0029491186141967773
agglomerative,0.19,5206,999,0.9895457137426344,0.000409543514251709
agglomerative,0.19,5261,999,1.0,0.0
agglomerative,0.2,1,999,0.00019007793195210037,0.5578583478927612
agglomerative,0.2,56,999,0.01064436418931762,0.40802645683288574
agglomerative,0.2,112,999,0.02128872837863524,0.34705406427383423
agglomerative,0.2,167,999,0.03174301463600076,0.31969451904296875
agglomerative,0.2,222,999,0.04219730089336628,0.3009956479072571
agglomerative,0.2,278,999,0.0528416650826839,0.28765755891799927
agglomerative,0.2,333,999,0.06329595134004942,0.27822232246398926
agglomerative,0.2,389,999,0.07394031552936704,0.26988399028778076
agglomerative,0.2,444,999,0.08439460178673255,0.26128411293029785
agglomerative,0.2,499,999,0.09484888804409808,0.25438392162323
agglomerative,0.2,555,999,0.1054932522334157,0.247738778591156
agglomerative,0.2,610,999,0.11594753849078122,0.24092888832092285
agglomerative,0.2,665,999,0.12640182474814673,0.23447483777999878
agglomerative,0.2,721,999,0.13704618893746437,0.22737926244735718
agglomerative,0.2,776,999,0.14750047519482987,0.22208213806152344
agglomerative,0.2,832,999,0.1581448393841475,0.21480590105056763
agglomerative,0.2,887,999,0.16859912564151303,0.21081817150115967
agglomerative,0.2,942,999,0.17905341189887855,0.20681285858154297
agglomerative,0.2,998,999,0.18969777608819616,0.20176690816879272
agglomerative,0.2,1053,999,0.20015206234556168,0.19738554954528809
agglomerative,0.2,1108,999,0.2106063486029272,0.19374418258666992
agglomerative,0.2,1164,999,0.2212507127922448,0.18903589248657227
agglomerative,0.2,1219,999,0.23170499904961034,0.18362587690353394
agglomerative,0.2,1274,999,0.24215928530697586,0.18021810054779053
agglomerative,0.2,1330,999,0.25280364949629347,0.1761791706085205
agglomerative,0.2,1385,999,0.263257935753659,0.17245244979858398
agglomerative,0.2,1441,999,0.2739022999429766,0.16738677024841309
agglomerative,0.2,1496,999,0.28435658620034215,0.16434210538864136
agglomerative,0.2,1551,999,0.29481087245770765,0.16124027967453003
agglomerative,0.2,1607,999,0.3054552366470253,0.15726375579833984
agglomerative,0.2,1662,999,0.3159095229043908,0.15383416414260864
agglomerative,0.2,1717,999,0.32636380916175634,0.14979779720306396
agglomerative,0.2,1773,999,0.3370081733510739,0.1462957262992859
agglomerative,0.2,1828,999,0.34746245960843947,0.1435028314590454
agglomerative,0.2,1884,999,0.3581068237977571,0.1399674415588379
agglomerative,0.2,1939,999,0.3685611100551226,0.13629919290542603
agglomerative,0.2,1994,999,0.3790153963124881,0.13353180885314941
agglomerative,0.2,2050,999,0.38965976050180573,0.13030380010604858
agglomerative,0.2,2105,999,0.4001140467591713,0.12737363576889038
agglomerative,0.2,2160,999,0.4105683330165368,0.12440437078475952
agglomerative,0.2,2216,999,0.4212126972058544,0.12050288915634155
agglomerative,0.2,2271,999,0.4316669834632199,0.1175183653831482
agglomerative,0.2,2326,999,0.44212126972058546,0.11465060710906982
agglomerative,0.2,2382,999,0.45276563390990304,0.1119648814201355
agglomerative,0.2,2437,999,0.4632199201672686,0.10917001962661743
agglomerative,0.2,2493,999,0.4738642843565862,0.10622227191925049
agglomerative,0.2,2548,999,0.4843185706139517,0.10317736864089966
agglomerative,0.2,2603,999,0.4947728568713172,0.10010296106338501
agglomerative,0.2,2659,999,0.5054172210606349,0.09711021184921265
agglomerative,0.2,2714,999,0.5158715073180004,0.09375131130218506
agglomerative,0.2,2769,999,0.5263257935753659,0.0907248854637146
agglomerative,0.2,2825,999,0.5369701577646835,0.08808696269989014
agglomerative,0.2,2880,999,0.547424444022049,0.08492696285247803
agglomerative,0.2,2936,999,0.5580688082113666,0.08232557773590088
agglomerative,0.2,2991,999,0.5685230944687322,0.0794907808303833
agglomerative,0.2,3046,999,0.5789773807260977,0.07675081491470337
agglomerative,0.2,3102,999,0.5896217449154153,0.07412564754486084
agglomerative,0.2,3157,999,0.6000760311727809,0.07114219665527344
agglomerative,0.2,3212,999,0.6105303174301464,0.06834566593170166
agglomerative,0.2,3268,999,0.621174681619464,0.06537818908691406
agglomerative,0.2,3323,999,0.6316289678768295,0.06254845857620239
agglomerative,0.2,3378,999,0.642083254134195,0.05993276834487915
agglomerative,0.2,3434,999,0.6527276183235127,0.057363927364349365
agglomerative,0.2,3489,999,0.6631819045808781,0.05474412441253662
agglomerative,0.2,3545,999,0.6738262687701958,0.052416443824768066
agglomerative,0.2,3600,999,0.6842805550275614,0.05016261339187622
agglomerative,0.2,3655,999,0.6947348412849268,0.048027634620666504
agglomerative,0.2,3711,999,0.7053792054742445,0.045967280864715576
agglomerative,0.2,3766,999,0.7158334917316099,0.043714284896850586
agglomerative,0.2,3821,999,0.7262877779889755,0.041697025299072266
agglomerative,0.2,3877,999,0.7369321421782931,0.03981727361679077
agglomerative,0.2,3932,999,0.7473864284356586,0.03797781467437744
agglomerative,0.2,3988,999,0.7580307926249762,0.03635376691818237
agglomerative,0.2,4043,999,0.7684850788823417,0.03449881076812744
agglomerative,0.2,4098,999,0.7789393651397073,0.03274446725845337
agglomerative,0.2,4154,999,0.7895837293290249,0.031235218048095703
agglomerative,0.2,4209,999,0.8000380155863904,0.029814958572387695
agglomerative,0.2,4264,999,0.810492301843756,0.028199195861816406
agglomerative,0.2,4320,999,0.8211366660330736,0.026737570762634277
agglomerative,0.2,4375,999,0.8315909522904391,0.025334537029266357
agglomerative,0.2,4430,999,0.8420452385478046,0.02358400821685791
agglomerative,0.2,4486,999,0.8526896027371222,0.022075235843658447
agglomerative,0.2,4541,999,0.8631438889944877,0.020731449127197266
agglomerative,0.2,4597,999,0.8737882531838054,0.019293785095214844
agglomerative,0.2,4652,999,0.8842425394411709,0.01798766851425171
agglomerative,0.2,4707,999,0.8946968256985364,0.016705751419067383
agglomerative,0.2,4763,999,0.9053411898878541,0.015252470970153809
agglomerative,0.2,4818,999,0.9157954761452195,0.013816118240356445
agglomerative,0.2,4873,999,0.926249762402585,0.012338101863861084
agglomerative,0.2,4929,999,0.9368941265919026,0.010680198669433594
agglomerative,0.2,4984,999,0.9473484128492682,0.009021639823913574
agglomerative,0.2,5040,999,0.9579927770385859,0.00724184513092041
agglomerative,0.2,5095,999,0.9684470632959513,0.0052343010902404785
agglomerative,0.2,5150,999,0.9789013495533169,0.0029491186141967773
agglomerative,0.2,5206,999,0.9895457137426344,0.000409543514251709
agglomerative,0.2,5261,999,1.0,0.0
agglomerative,0.21,1,999,0.00019007793195210037,0.5579228401184082
agglomerative,0.21,56,999,0.01064436418931762,0.40802890062332153
agglomerative,0.21,112,999,0.02128872837863524,0.34705406427383423
agglomerative,0.21,167,999,0.03174301463600076,0.31969451904296875
agglomerative,0.21,222,999,0.04219730089336628,0.30099576711654663
agglomerative,0.21,278,999,0.0528416650826839,0.28765755891799927
agglomerative,0.21,333,999,0.06329595134004942,0.27822208404541016
agglomerative,0.21,389,999,0.07394031552936704,0.26988399028778076
agglomerative,0.21,444,999,0.08439460178673255,0.26128411293029785
agglomerative,0.21,499,999,0.09484888804409808,0.25438392162323
agglomerative,0.21,555,999,0.1054932522334157,0.24773889780044556
agglomerative,0.21,610,999,0.11594753849078122,0.2409287691116333
agglomerative,0.21,665,999,0.12640182474814673,0.23447489738464355
agglomerative,0.21,721,999,0.13704618893746437,0.22737938165664673
agglomerative,0.21,776,999,0.14750047519482987,0.2220821976661682
agglomerative,0.21,832,999,0.1581448393841475,0.21480578184127808
agglomerative,0.21,887,999,0.16859912564151303,0.2108181118965149
agglomerative,0.21,942,999,0.17905341189887855,0.20681267976760864
agglomerative,0.21,998,999,0.18969777608819616,0.20176643133163452
agglomerative,0.21,1053,999,0.20015206234556168,0.19738519191741943
agglomerative,0.21,1108,999,0.2106063486029272,0.1937440037727356
agglomerative,0.21,1164,999,0.2212507127922448,0.18903571367263794
agglomerative,0.21,1219,999,0.23170499904961034,0.18362563848495483
agglomerative,0.21,1274,999,0.24215928530697586,0.18021821975708008
agglomerative,0.21,1330,999,0.25280364949629347,0.17617899179458618
agglomerative,0.21,1385,999,0.263257935753659,0.1724523901939392
agglomerative,0.21,1441,999,0.2739022999429766,0.16738677024841309
agglomerative,0.21,1496,999,0.28435658620034215,0.16434210538864136
agglomerative,0.21,1551,999,0.29481087245770765,0.16124075651168823
agglomerative,0.21,1607,999,0.3054552366470253,0.15726393461227417
agglomerative,0.21,1662,999,0.3159095229043908,0.15383434295654297
agglomerative,0.21,1717,999,0.32636380916175634,0.14979809522628784
agglomerative,0.21,1773,999,0.3370081733510739,0.14629560708999634
agglomerative,0.21,1828,999,0.34746245960843947,0.1435028314590454
agglomerative,0.21,1884,999,0.3581068237977571,0.13996803760528564
agglomerative,0.21,1939,999,0.3685611100551226,0.1362992525100708
agglomerative,0.21,1994,999,0.3790153963124881,0.13353145122528076
agglomerative,0.21,2050,999,0.38965976050180573,0.13030362129211426
agglomerative,0.21,2105,999,0.4001140467591713,0.1273735761642456
agglomerative,0.21,2160,999,0.4105683330165368,0.1244041919708252
agglomerative,0.21,2216,999,0.4212126972058544,0.12050312757492065
agglomerative,0.21,2271,999,0.4316669834632199,0.11751872301101685
agglomerative,0.21,2326,999,0.44212126972058546,0.1146511435508728
agglomerative,0.21,2382,999,0.45276563390990304,0.11196565628051758
agglomerative,0.21,2437,999,0.4632199201672686,0.10917025804519653
agglomerative,0.21,2493,999,0.4738642843565862,0.10622209310531616
agglomerative,0.21,2548,999,0.4843185706139517,0.10317730903625488
agglomerative,0.21,2603,999,0.4947728568713172,0.10010242462158203
agglomerative,0.21,2659,999,0.5054172210606349,0.0971100926399231
agglomerative,0.21,2714,999,0.5158715073180004,0.09375131130218506
agglomerative,0.21,2769,999,0.5263257935753659,0.09072452783584595
agglomerative,0.21,2825,999,0.5369701577646835,0.08808696269989014
agglomerative,0.21,2880,999,0.547424444022049,0.08492660522460938
agglomerative,0.21,2936,999,0.5580688082113666,0.082325279712677
agglomerative,0.21,2991,999,0.5685230944687322,0.07949048280715942
agglomerative,0.21,3046,999,0.5789773807260977,0.0767509937286377
agglomerative,0.21,3102,999,0.5896217449154153,0.07412582635879517
agglomerative,0.21,3157,999,0.6000760311727809,0.07114225625991821
agglomerative,0.21,3212,999,0.6105303174301464,0.06834548711776733
agglomerative,0.21,3268,999,0.621174681619464,0.06537801027297974
agglomerative,0.21,3323,999,0.6316289678768295,0.06254804134368896
agglomerative,0.21,3378,999,0.642083254134195,0.05993247032165527
agglomerative,0.21,3434,999,0.6527276183235127,0.05736333131790161
agglomerative,0.21,3489,999,0.6631819045808781,0.054743289947509766
agglomerative,0.21,3545,999,0.6738262687701958,0.05241596698760986
agglomerative,0.21,3600,999,0.6842805550275614,0.05016201734542847
agglomerative,0.21,3655,999,0.6947348412849268,0.048027873039245605
agglomerative,0.21,3711,999,0.7053792054742445,0.045967280864715576
agglomerative,0.21,3766,999,0.7158334917316099,0.043714165687561035
agglomerative,0.21,3821,999,0.7262877779889755,0.041696906089782715
agglomerative,0.21,3877,999,0.7369321421782931,0.0398174524307251
agglomerative,0.21,3932,999,0.7473864284356586,0.03797799348831177
agglomerative,0.21,3988,999,0.7580307926249762,0.03635376691818237
agglomerative,0.21,4043,999,0.7684850788823417,0.03449881076812744
agglomerative,0.21,4098,999,0.7789393651397073,0.03274482488632202
agglomerative,0.21,4154,999,0.7895837293290249,0.03123605251312256
agglomerative,0.21,4209,999,0.8000380155863904,0.02981579303741455
agglomerative,0.21,4264,999,0.810492301843756,0.028199493885040283
agglomerative,0.21,4320,999,0.8211366660330736,0.026737987995147705
agglomerative,0.21,4375,999,0.8315909522904391,0.025335073471069336
agglomerative,0.21,4430,999,0.8420452385478046,0.023584365844726562
agglomerative,0.21,4486,999,0.8526896027371222,0.022075653076171875
agglomerative,0.21,4541,999,0.8631438889944877,0.02073127031326294
agglomerative,0.21,4597,999,0.8737882531838054,0.019293606281280518
agglomerative,0.21,4652,999,0.8842425394411709,0.017987549304962158
agglomerative,0.21,4707,999,0.8946968256985364,0.016705691814422607
agglomerative,0.21,4763,999,0.9053411898878541,0.015252411365509033
agglomerative,0.21,4818,999,0.9157954761452195,0.01381617784500122
agglomerative,0.21,4873,999,0.926249762402585,0.012338101863861084
agglomerative,0.21,4929,999,0.9368941265919026,0.010680198669433594
agglomerative,0.21,4984,999,0.9473484128492682,0.009021639823913574
agglomerative,0.21,5040,999,0.9579927770385859,0.007241368293762207
agglomerative,0.21,5095,999,0.9684470632959513,0.0052343010902404785
agglomerative,0.21,5150,999,0.9789013495533169,0.0029491186141967773
agglomerative,0.21,5206,999,0.9895457137426344,0.000409543514251709
agglomerative,0.21,5261,999,1.0,0.0
agglomerative,0.22,1,999,0.00019007793195210037,0.5580205321311951
agglomerative,0.22,56,999,0.01064436418931762,0.4080343246459961
agglomerative,0.22,112,999,0.02128872837863524,0.34705430269241333
agglomerative,0.22,167,999,0.03174301463600076,0.31969451904296875
agglomerative,0.22,222,999,0.04219730089336628,0.30099570751190186
agglomerative,0.22,278,999,0.0528416650826839,0.2876574993133545
agglomerative,0.22,333,999,0.06329595134004942,0.2782222032546997
agglomerative,0.22,389,999,0.07394031552936704,0.2698841094970703
agglomerative,0.22,444,999,0.08439460178673255,0.26128411293029785
agglomerative,0.22,499,999,0.09484888804409808,0.2543838620185852
agglomerative,0.22,555,999,0.1054932522334157,0.24773871898651123
agglomerative,0.22,610,999,0.11594753849078122,0.24092870950698853
agglomerative,0.22,665,999,0.12640182474814673,0.23447483777999878
agglomerative,0.22,721,999,0.13704618893746437,0.22737950086593628
agglomerative,0.22,776,999,0.14750047519482987,0.22208231687545776
agglomerative,0.22,832,999,0.1581448393841475,0.21480584144592285
agglomerative,0.22,887,999,0.16859912564151303,0.21081829071044922
agglomerative,0.22,942,999,0.17905341189887855,0.20681285858154297
agglomerative,0.22,998,999,0.18969777608819616,0.20176655054092407
agglomerative,0.22,1053,999,0.20015206234556168,0.1973852515220642
agglomerative,0.22,1108,999,0.2106063486029272,0.19374406337738037
agglomerative,0.22,1164,999,0.2212507127922448,0.18903565406799316
agglomerative,0.22,1219,999,0.23170499904961034,0.18362563848495483
agglomerative,0.22,1274,999,0.24215928530697586,0.18021804094314575
agglomerative,0.22,1330,999,0.25280364949629347,0.17617875337600708
agglomerative,0.22,1385,999,0.263257935753659,0.1724523901939392
agglomerative,0.22,1441,999,0.2739022999429766,0.16738677024841309
agglomerative,0.22,1496,999,0.28435658620034215,0.16434210538864136
agglomerative,0.22,1551,999,0.29481087245770765,0.1612405776977539
agglomerative,0.22,1607,999,0.3054552366470253,0.15726393461227417
agglomerative,0.22,1662,999,0.3159095229043908,0.1538342833518982
agglomerative,0.22,1717,999,0.32636380916175634,0.14979809522628784
agglomerative,0.22,1773,999,0.3370081733510739,0.14629584550857544
agglomerative,0.22,1828,999,0.34746245960843947,0.1435025930404663
agglomerative,0.22,1884,999,0.3581068237977571,0.13996756076812744
agglomerative,0.22,1939,999,0.3685611100551226,0.1362990140914917
agglomerative,0.22,1994,999,0.3790153963124881,0.1335313320159912
agglomerative,0.22,2050,999,0.38965976050180573,0.1303035020828247
agglomerative,0.22,2105,999,0.4001140467591713,0.12737351655960083
agglomerative,0.22,2160,999,0.4105683330165368,0.12440425157546997
agglomerative,0.22,2216,999,0.4212126972058544,0.12050282955169678
agglomerative,0.22,2271,999,0.4316669834632199,0.1175183653831482
agglomerative,0.22,2326,999,0.44212126972058546,0.11465084552764893
agglomerative,0.22,2382,999,0.45276563390990304,0.11196523904800415
agglomerative,0.22,2437,999,0.4632199201672686,0.1091698408126831
agglomerative,0.22,2493,999,0.4738642843565862,0.10622191429138184
agglomerative,0.22,2548,999,0.4843185706139517,0.10317707061767578
agglomerative,0.22,2603,999,0.4947728568713172,0.10010230541229248
agglomerative,0.22,2659,999,0.5054172210606349,0.09710961580276489
agglomerative,0.22,2714,999,0.5158715073180004,0.09375053644180298
agglomerative,0.22,2769,999,0.5263257935753659,0.09072422981262207
agglomerative,0.22,2825,999,0.5369701577646835,0.08808678388595581
agglomerative,0.22,2880,999,0.547424444022049,0.08492642641067505
agglomerative,0.22,2936,999,0.5580688082113666,0.082325279712677
agglomerative,0.22,2991,999,0.5685230944687322,0.07949048280715942
agglomerative,0.22,3046,999,0.5789773807260977,0.07675111293792725
agglomerative,0.22,3102,999,0.5896217449154153,0.07412606477737427
agglomerative,0.22,3157,999,0.6000760311727809,0.07114237546920776
agglomerative,0.22,3212,999,0.6105303174301464,0.06834554672241211
agglomerative,0.22,3268,999,0.621174681619464,0.06537801027297974
agglomerative,0.22,3323,999,0.6316289678768295,0.06254798173904419
agglomerative,0.22,3378,999,0.642083254134195,0.059932589530944824
agglomerative,0.22,3434,999,0.6527276183235127,0.05736345052719116
agglomerative,0.22,3489,999,0.6631819045808781,0.054743826389312744
agglomerative,0.22,3545,999,0.6738262687701958,0.052416324615478516
agglomerative,0.22,3600,999,0.6842805550275614,0.05016201734542847
agglomerative,0.22,3655,999,0.6947348412849268,0.04802781343460083
agglomerative,0.22,3711,999,0.7053792054742445,0.045967280864715576
agglomerative,0.22,3766,999,0.7158334917316099,0.043714165687561035
agglomerative,0.22,3821,999,0.7262877779889755,0.041696786880493164
agglomerative,0.22,3877,999,0.7369321421782931,0.03981739282608032
agglomerative,0.22,3932,999,0.7473864284356586,0.037977755069732666
agglomerative,0.22,3988,999,0.7580307926249762,0.0363537073135376
agglomerative,0.22,4043,999,0.7684850788823417,0.03449869155883789
agglomerative,0.22,4098,999,0.7789393651397073,0.03274458646774292
agglomerative,0.22,4154,999,0.7895837293290249,0.031235873699188232
agglomerative,0.22,4209,999,0.8000380155863904,0.029815673828125
agglomerative,0.22,4264,999,0.810492301843756,0.02819955348968506
agglomerative,0.22,4320,999,0.8211366660330736,0.02673816680908203
agglomerative,0.22,4375,999,0.8315909522904391,0.025334954261779785
agglomerative,0.22,4430,999,0.8420452385478046,0.023584365844726562
agglomerative,0.22,4486,999,0.8526896027371222,0.022075653076171875
agglomerative,0.22,4541,999,0.8631438889944877,0.02073138952255249
agglomerative,0.22,4597,999,0.8737882531838054,0.019293606281280518
agglomerative,0.22,4652,999,0.8842425394411709,0.017987728118896484
agglomerative,0.22,4707,999,0.8946968256985364,0.016705989837646484
agglomerative,0.22,4763,999,0.9053411898878541,0.015252411365509033
agglomerative,0.22,4818,999,0.9157954761452195,0.013816118240356445
agglomerative,0.22,4873,999,0.926249762402585,0.012337863445281982
agglomerative,0.22,4929,999,0.9368941265919026,0.010680198669433594
agglomerative,0.22,4984,999,0.9473484128492682,0.009021759033203125
agglomerative,0.22,5040,999,0.9579927770385859,0.007241547107696533
agglomerative,0.22,5095,999,0.9684470632959513,0.0052343010902404785
agglomerative,0.22,5150,999,0.9789013495533169,0.0029492974281311035
agglomerative,0.22,5206,999,0.9895457137426344,0.0004093647003173828
agglomerative,0.22,5261,999,1.0,0.0
agglomerative,0.23,1,999,0.00019007793195210037,0.5581650733947754
agglomerative,0.23,56,999,0.01064436418931762,0.4080420732498169
agglomerative,0.23,112,999,0.02128872837863524,0.34705471992492676
agglomerative,0.23,167,999,0.03174301463600076,0.31969451904296875
agglomerative,0.23,222,999,0.04219730089336628,0.30099570751190186
agglomerative,0.23,278,999,0.0528416650826839,0.2876574993133545
agglomerative,0.23,333,999,0.06329595134004942,0.2782222032546997
agglomerative,0.23,389,999,0.07394031552936704,0.2698841094970703
agglomerative,0.23,444,999,0.08439460178673255,0.26128411293029785
agglomerative,0.23,499,999,0.09484888804409808,0.2543838620185852
agglomerative,0.23,555,999,0.1054932522334157,0.24773871898651123
agglomerative,0.23,610,999,0.11594753849078122,0.24092870950698853
agglomerative,0.23,665,999,0.12640182474814673,0.23447483777999878
agglomerative,0.23,721,999,0.13704618893746437,0.22737950086593628
agglomerative,0.23,776,999,0.14750047519482987,0.22208231687545776
agglomerative,0.23,832,999,0.1581448393841475,0.21480584144592285
agglomerative,0.23,887,999,0.16859912564151303,0.21081829071044922
agglomerative,0.23,942,999,0.17905341189887855,0.20681285858154297
agglomerative,0.23,998,999,0.18969777608819616,0.20176655054092407
agglomerative,0.23,1053,999,0.20015206234556168,0.1973852515220642
agglomerative,0.23,1108,999,0.2106063486029272,0.19374406337738037
agglomerative,0.23,1164,999,0.2212507127922448,0.18903565406799316
agglomerative,0.23,1219,999,0.23170499904961034,0.18362563848495483
agglomerative,0.23,1274,999,0.24215928530697586,0.18021804094314575
agglomerative,0.23,1330,999,0.25280364949629347,0.17617875337600708
agglomerative,0.23,1385,999,0.263257935753659,0.1724523901939392
agglomerative,0.23,1441,999,0.2739022999429766,0.16738677024841309
agglomerative,0.23,1496,999,0.28435658620034215,0.16434210538864136
agglomerative,0.23,1551,999,0.29481087245770765,0.1612405776977539
agglomerative,0.23,1607,999,0.3054552366470253,0.15726393461227417
agglomerative,0.23,1662,999,0.3159095229043908,0.1538342833518982
agglomerative,0.23,1717,999,0.32636380916175634,0.14979809522628784
agglomerative,0.23,1773,999,0.3370081733510739,0.14629584550857544
agglomerative,0.23,1828,999,0.34746245960843947,0.1435025930404663
agglomerative,0.23,1884,999,0.3581068237977571,0.13996756076812744
agglomerative,0.23,1939,999,0.3685611100551226,0.1362990140914917
agglomerative,0.23,1994,999,0.3790153963124881,0.1335313320159912
agglomerative,0.23,2050,999,0.38965976050180573,0.1303035020828247
agglomerative,0.23,2105,999,0.4001140467591713,0.12737351655960083
agglomerative,0.23,2160,999,0.4105683330165368,0.12440425157546997
agglomerative,0.23,2216,999,0.4212126972058544,0.12050282955169678
agglomerative,0.23,2271,999,0.4316669834632199,0.1175183653831482
agglomerative,0.23,2326,999,0.44212126972058546,0.11465084552764893
agglomerative,0.23,2382,999,0.45276563390990304,0.11196523904800415
agglomerative,0.23,2437,999,0.4632199201672686,0.1091698408126831
agglomerative,0.23,2493,999,0.4738642843565862,0.10622191429138184
agglomerative,0.23,2548,999,0.4843185706139517,0.10317707061767578
agglomerative,0.23,2603,999,0.4947728568713172,0.10010230541229248
agglomerative,0.23,2659,999,0.5054172210606349,0.09710961580276489
agglomerative,0.23,2714,999,0.5158715073180004,0.09375053644180298
agglomerative,0.23,2769,999,0.5263257935753659,0.09072422981262207
agglomerative,0.23,2825,999,0.5369701577646835,0.08808678388595581
agglomerative,0.23,2880,999,0.547424444022049,0.08492642641067505
agglomerative,0.23,2936,999,0.5580688082113666,0.082325279712677
agglomerative,0.23,2991,999,0.5685230944687322,0.07949048280715942
agglomerative,0.23,3046,999,0.5789773807260977,0.07675111293792725
agglomerative,0.23,3102,999,0.5896217449154153,0.07412606477737427
agglomerative,0.23,3157,999,0.6000760311727809,0.07114237546920776
agglomerative,0.23,3212,999,0.6105303174301464,0.06834554672241211
agglomerative,0.23,3268,999,0.621174681619464,0.06537801027297974
agglomerative,0.23,3323,999,0.6316289678768295,0.06254798173904419
agglomerative,0.23,3378,999,0.642083254134195,0.059932589530944824
agglomerative,0.23,3434,999,0.6527276183235127,0.05736345052719116
agglomerative,0.23,3489,999,0.6631819045808781,0.054743826389312744
agglomerative,0.23,3545,999,0.6738262687701958,0.052416324615478516
agglomerative,0.23,3600,999,0.6842805550275614,0.05016201734542847
agglomerative,0.23,3655,999,0.6947348412849268,0.04802781343460083
agglomerative,0.23,3711,999,0.7053792054742445,0.045967280864715576
agglomerative,0.23,3766,999,0.7158334917316099,0.043714165687561035
agglomerative,0.23,3821,999,0.7262877779889755,0.041696786880493164
agglomerative,0.23,3877,999,0.7369321421782931,0.03981739282608032
agglomerative,0.23,3932,999,0.7473864284356586,0.037977755069732666
agglomerative,0.23,3988,999,0.7580307926249762,0.0363537073135376
agglomerative,0.23,4043,999,0.7684850788823417,0.03449869155883789
agglomerative,0.23,4098,999,0.7789393651397073,0.03274458646774292
agglomerative,0.23,4154,999,0.7895837293290249,0.031235873699188232
agglomerative,0.23,4209,999,0.8000380155863904,0.029815673828125
agglomerative,0.23,4264,999,0.810492301843756,0.02819955348968506
agglomerative,0.23,4320,999,0.8211366660330736,0.02673816680908203
agglomerative,0.23,4375,999,0.8315909522904391,0.025334954261779785
agglomerative,0.23,4430,999,0.8420452385478046,0.023584365844726562
agglomerative,0.23,4486,999,0.8526896027371222,0.022075653076171875
agglomerative,0.23,4541,999,0.8631438889944877,0.02073138952255249
agglomerative,0.23,4597,999,0.8737882531838054,0.019293606281280518
agglomerative,0.23,4652,999,0.8842425394411709,0.017987728118896484
agglomerative,0.23,4707,999,0.8946968256985364,0.016705989837646484
agglomerative,0.23,4763,999,0.9053411898878541,0.015252411365509033
agglomerative,0.23,4818,999,0.9157954761452195,0.013816118240356445
agglomerative,0.23,4873,999,0.926249762402585,0.012337863445281982
agglomerative,0.23,4929,999,0.9368941265919026,0.010680198669433594
agglomerative,0.23,4984,999,0.9473484128492682,0.009021759033203125
agglomerative,0.23,5040,999,0.9579927770385859,0.007241547107696533
agglomerative,0.23,5095,999,0.9684470632959513,0.0052343010902404785
agglomerative,0.23,5150,999,0.9789013495533169,0.0029492974281311035
agglomerative,0.23,5206,999,0.9895457137426344,0.0004093647003173828
agglomerative,0.23,5261,999,1.0,0.0
agglomerative,0.24,1,999,0.00019007793195210037,0.5583762526512146
agglomerative,0.24,56,999,0.01064436418931762,0.4080548882484436
agglomerative,0.24,112,999,0.02128872837863524,0.3470553159713745
agglomerative,0.24,167,999,0.03174301463600076,0.3196945786476135
agglomerative,0.24,222,999,0.04219730089336628,0.30099570751190186
agglomerative,0.24,278,999,0.0528416650826839,0.28765755891799927
agglomerative,0.24,333,999,0.06329595134004942,0.2782222032546997
agglomerative,0.24,389,999,0.07394031552936704,0.26988399028778076
agglomerative,0.24,444,999,0.08439460178673255,0.26128411293029785
agglomerative,0.24,499,999,0.09484888804409808,0.2543836832046509
agglomerative,0.24,555,999,0.1054932522334157,0.24773836135864258
agglomerative,0.24,610,999,0.11594753849078122,0.24092864990234375
agglomerative,0.24,665,999,0.12640182474814673,0.23447471857070923
agglomerative,0.24,721,999,0.13704618893746437,0.22737926244735718
agglomerative,0.24,776,999,0.14750047519482987,0.2220821976661682
agglomerative,0.24,832,999,0.1581448393841475,0.21480584144592285
agglomerative,0.24,887,999,0.16859912564151303,0.21081817150115967
agglomerative,0.24,942,999,0.17905341189887855,0.20681309700012207
agglomerative,0.24,998,999,0.18969777608819616,0.20176690816879272
agglomerative,0.24,1053,999,0.20015206234556168,0.19738537073135376
agglomerative,0.24,1108,999,0.2106063486029272,0.19374418258666992
agglomerative,0.24,1164,999,0.2212507127922448,0.18903595209121704
agglomerative,0.24,1219,999,0.23170499904961034,0.18362581729888916
agglomerative,0.24,1274,999,0.24215928530697586,0.18021810054779053
agglomerative,0.24,1330,999,0.25280364949629347,0.17617881298065186
agglomerative,0.24,1385,999,0.263257935753659,0.1724523901939392
agglomerative,0.24,1441,999,0.2739022999429766,0.1673867106437683
agglomerative,0.24,1496,999,0.28435658620034215,0.16434216499328613
agglomerative,0.24,1551,999,0.29481087245770765,0.16124039888381958
agglomerative,0.24,1607,999,0.3054552366470253,0.15726375579833984
agglomerative,0.24,1662,999,0.3159095229043908,0.15383410453796387
agglomerative,0.24,1717,999,0.32636380916175634,0.14979785680770874
agglomerative,0.24,1773,999,0.3370081733510739,0.1462957262992859
agglomerative,0.24,1828,999,0.34746245960843947,0.1435028314590454
agglomerative,0.24,1884,999,0.3581068237977571,0.13996732234954834
agglomerative,0.24,1939,999,0.3685611100551226,0.1362990140914917
agglomerative,0.24,1994,999,0.3790153963124881,0.1335313320159912
agglomerative,0.24,2050,999,0.38965976050180573,0.1303035020828247
agglomerative,0.24,2105,999,0.4001140467591713,0.12737363576889038
agglomerative,0.24,2160,999,0.4105683330165368,0.12440454959869385
agglomerative,0.24,2216,999,0.4212126972058544,0.12050342559814453
agglomerative,0.24,2271,999,0.4316669834632199,0.11751812696456909
agglomerative,0.24,2326,999,0.44212126972058546,0.1146506667137146
agglomerative,0.24,2382,999,0.45276563390990304,0.11196523904800415
agglomerative,0.24,2437,999,0.4632199201672686,0.1091698408126831
agglomerative,0.24,2493,999,0.4738642843565862,0.10622227191925049
agglomerative,0.24,2548,999,0.4843185706139517,0.10317754745483398
agglomerative,0.24,2603,999,0.4947728568713172,0.10010296106338501
agglomerative,0.24,2659,999,0.5054172210606349,0.09710991382598877
agglomerative,0.24,2714,999,0.5158715073180004,0.09375113248825073
agglomerative,0.24,2769,999,0.5263257935753659,0.09072422981262207
agglomerative,0.24,2825,999,0.5369701577646835,0.08808678388595581
agglomerative,0.24,2880,999,0.547424444022049,0.08492690324783325
agglomerative,0.24,2936,999,0.5580688082113666,0.08232510089874268
agglomerative,0.24,2991,999,0.5685230944687322,0.07949018478393555
agglomerative,0.24,3046,999,0.5789773807260977,0.07675033807754517
agglomerative,0.24,3102,999,0.5896217449154153,0.07412528991699219
agglomerative,0.24,3157,999,0.6000760311727809,0.07114189863204956
agglomerative,0.24,3212,999,0.6105303174301464,0.0683450698852539
agglomerative,0.24,3268,999,0.621174681619464,0.06537801027297974
agglomerative,0.24,3323,999,0.6316289678768295,0.06254786252975464
agglomerative,0.24,3378,999,0.642083254134195,0.0599328875541687
agglomerative,0.24,3434,999,0.6527276183235127,0.05736345052719116
agglomerative,0.24,3489,999,0.6631819045808781,0.054743409156799316
agglomerative,0.24,3545,999,0.6738262687701958,0.052415549755096436
agglomerative,0.24,3600,999,0.6842805550275614,0.050161898136138916
agglomerative,0.24,3655,999,0.6947348412849268,0.048027873039245605
agglomerative,0.24,3711,999,0.7053792054742445,0.04596734046936035
agglomerative,0.24,3766,999,0.7158334917316099,0.04371434450149536
agglomerative,0.24,3821,999,0.7262877779889755,0.041697144508361816
agglomerative,0.24,3877,999,0.7369321421782931,0.03981757164001465
agglomerative,0.24,3932,999,0.7473864284356586,0.03797781467437744
agglomerative,0.24,3988,999,0.7580307926249762,0.0363537073135376
agglomerative,0.24,4043,999,0.7684850788823417,0.034499287605285645
agglomerative,0.24,4098,999,0.7789393651397073,0.03274494409561157
agglomerative,0.24,4154,999,0.7895837293290249,0.031235933303833008
agglomerative,0.24,4209,999,0.8000380155863904,0.02981513738632202
agglomerative,0.24,4264,999,0.810492301843756,0.028199195861816406
agglomerative,0.24,4320,999,0.8211366660330736,0.026737689971923828
agglomerative,0.24,4375,999,0.8315909522904391,0.025334537029266357
agglomerative,0.24,4430,999,0.8420452385478046,0.02358400821685791
agglomerative,0.24,4486,999,0.8526896027371222,0.022075235843658447
agglomerative,0.24,4541,999,0.8631438889944877,0.020731091499328613
agglomerative,0.24,4597,999,0.8737882531838054,0.019293367862701416
agglomerative,0.24,4652,999,0.8842425394411709,0.017987728118896484
agglomerative,0.24,4707,999,0.8946968256985364,0.016705989837646484
agglomerative,0.24,4763,999,0.9053411898878541,0.015252530574798584
agglomerative,0.24,4818,999,0.9157954761452195,0.01381617784500122
agglomerative,0.24,4873,999,0.926249762402585,0.012338101863861084
agglomerative,0.24,4929,999,0.9368941265919026,0.010680317878723145
agglomerative,0.24,4984,999,0.9473484128492682,0.009021878242492676
agglomerative,0.24,5040,999,0.9579927770385859,0.007241606712341309
agglomerative,0.24,5095,999,0.9684470632959513,0.0052343010902404785
agglomerative,0.24,5150,999,0.9789013495533169,0.0029492974281311035
agglomerative,0.24,5206,999,0.9895457137426344,0.0004094243049621582
agglomerative,0.24,5261,999,1.0,0.0
agglomerative,0.25,1,999,0.00019007793195210037,0.5586892366409302
agglomerative,0.25,56,999,0.01064436418931762,0.4080793857574463
agglomerative,0.25,112,999,0.02128872837863524,0.3470572829246521
agglomerative,0.25,167,999,0.03174301463600076,0.31969547271728516
agglomerative,0.25,222,999,0.04219730089336628,0.30099570751190186
agglomerative,0.25,278,999,0.0528416650826839,0.28765755891799927
agglomerative,0.25,333,999,0.06329595134004942,0.27822208404541016
agglomerative,0.25,389,999,0.07394031552936704,0.2698841094970703
agglomerative,0.25,444,999,0.08439460178673255,0.2612842917442322
agglomerative,0.25,499,999,0.09484888804409808,0.25438380241394043
agglomerative,0.25,555,999,0.1054932522334157,0.24773865938186646
agglomerative,0.25,610,999,0.11594753849078122,0.24092870950698853
agglomerative,0.25,665,999,0.12640182474814673,0.23447489738464355
agglomerative,0.25,721,999,0.13704618893746437,0.22737932205200195
agglomerative,0.25,776,999,0.14750047519482987,0.222082257270813
agglomerative,0.25,832,999,0.1581448393841475,0.21480566263198853
agglomerative,0.25,887,999,0.16859912564151303,0.21081805229187012
agglomerative,0.25,942,999,0.17905341189887855,0.20681285858154297
agglomerative,0.25,998,999,0.18969777608819616,0.20176655054092407
agglomerative,0.25,1053,999,0.20015206234556168,0.19738537073135376
agglomerative,0.25,1108,999,0.2106063486029272,0.19374394416809082
agglomerative,0.25,1164,999,0.2212507127922448,0.1890358328819275
agglomerative,0.25,1219,999,0.23170499904961034,0.18362587690353394
agglomerative,0.25,1274,999,0.24215928530697586,0.18021810054779053
agglomerative,0.25,1330,999,0.25280364949629347,0.1761789321899414
agglomerative,0.25,1385,999,0.263257935753659,0.17245244979858398
agglomerative,0.25,1441,999,0.2739022999429766,0.16738677024841309
agglomerative,0.25,1496,999,0.28435658620034215,0.16434216499328613
agglomerative,0.25,1551,999,0.29481087245770765,0.1612403392791748
agglomerative,0.25,1607,999,0.3054552366470253,0.15726381540298462
agglomerative,0.25,1662,999,0.3159095229043908,0.15383416414260864
agglomerative,0.25,1717,999,0.32636380916175634,0.14979785680770874
agglomerative,0.25,1773,999,0.3370081733510739,0.1462956666946411
agglomerative,0.25,1828,999,0.34746245960843947,0.14350277185440063
agglomerative,0.25,1884,999,0.3581068237977571,0.13996750116348267
agglomerative,0.25,1939,999,0.3685611100551226,0.1362990140914917
agglomerative,0.25,1994,999,0.3790153963124881,0.1335315704345703
agglomerative,0.25,2050,999,0.38965976050180573,0.13030338287353516
agglomerative,0.25,2105,999,0.4001140467591713,0.12737351655960083
agglomerative,0.25,2160,999,0.4105683330165368,0.12440425157546997
agglomerative,0.25,2216,999,0.4212126972058544,0.12050282955169678
agglomerative,0.25,2271,999,0.4316669834632199,0.1175183653831482
agglomerative,0.25,2326,999,0.44212126972058546,0.11465054750442505
agglomerative,0.25,2382,999,0.45276563390990304,0.11196517944335938
agglomerative,0.25,2437,999,0.4632199201672686,0.10917001962661743
agglomerative,0.25,2493,999,0.4738642843565862,0.10622209310531616
agglomerative,0.25,2548,999,0.4843185706139517,0.10317713022232056
agglomerative,0.25,2603,999,0.4947728568713172,0.10010266304016113
agglomerative,0.25,2659,999,0.5054172210606349,0.09711021184921265
agglomerative,0.25,2714,999,0.5158715073180004,0.09375125169754028
agglomerative,0.25,2769,999,0.5263257935753659,0.09072428941726685
agglomerative,0.25,2825,999,0.5369701577646835,0.08808678388595581
agglomerative,0.25,2880,999,0.547424444022049,0.08492648601531982
agglomerative,0.25,2936,999,0.5580688082113666,0.082325279712677
agglomerative,0.25,2991,999,0.5685230944687322,0.07949018478393555
agglomerative,0.25,3046,999,0.5789773807260977,0.07675051689147949
agglomerative,0.25,3102,999,0.5896217449154153,0.07412576675415039
agglomerative,0.25,3157,999,0.6000760311727809,0.07114207744598389
agglomerative,0.25,3212,999,0.6105303174301464,0.06834536790847778
agglomerative,0.25,3268,999,0.621174681619464,0.06537801027297974
agglomerative,0.25,3323,999,0.6316289678768295,0.06254798173904419
agglomerative,0.25,3378,999,0.642083254134195,0.0599324107170105
agglomerative,0.25,3434,999,0.6527276183235127,0.05736374855041504
agglomerative,0.25,3489,999,0.6631819045808781,0.054744064807891846
agglomerative,0.25,3545,999,0.6738262687701958,0.052416324615478516
agglomerative,0.25,3600,999,0.6842805550275614,0.05016225576400757
agglomerative,0.25,3655,999,0.6947348412849268,0.048027753829956055
agglomerative,0.25,3711,999,0.7053792054742445,0.04596751928329468
agglomerative,0.25,3766,999,0.7158334917316099,0.04371434450149536
agglomerative,0.25,3821,999,0.7262877779889755,0.04169696569442749
agglomerative,0.25,3877,999,0.7369321421782931,0.03981733322143555
agglomerative,0.25,3932,999,0.7473864284356586,0.03797799348831177
agglomerative,0.25,3988,999,0.7580307926249762,0.0363537073135376
agglomerative,0.25,4043,999,0.7684850788823417,0.03449898958206177
agglomerative,0.25,4098,999,0.7789393651397073,0.032744765281677246
agglomerative,0.25,4154,999,0.7895837293290249,0.031235933303833008
agglomerative,0.25,4209,999,0.8000380155863904,0.029815256595611572
agglomerative,0.25,4264,999,0.810492301843756,0.028199374675750732
agglomerative,0.25,4320,999,0.8211366660330736,0.026737987995147705
agglomerative,0.25,4375,999,0.8315909522904391,0.025334477424621582
agglomerative,0.25,4430,999,0.8420452385478046,0.02358400821685791
agglomerative,0.25,4486,999,0.8526896027371222,0.022075355052947998
agglomerative,0.25,4541,999,0.8631438889944877,0.02073138952255249
agglomerative,0.25,4597,999,0.8737882531838054,0.019293665885925293
agglomerative,0.25,4652,999,0.8842425394411709,0.017987728118896484
agglomerative,0.25,4707,999,0.8946968256985364,0.016705691814422607
agglomerative,0.25,4763,999,0.9053411898878541,0.015252232551574707
agglomerative,0.25,4818,999,0.9157954761452195,0.013815820217132568
agglomerative,0.25,4873,999,0.926249762402585,0.012337982654571533
agglomerative,0.25,4929,999,0.9368941265919026,0.010680198669433594
agglomerative,0.25,4984,999,0.9473484128492682,0.0090218186378479
agglomerative,0.25,5040,999,0.9579927770385859,0.00724184513092041
agglomerative,0.25,5095,999,0.9684470632959513,0.005234181880950928
agglomerative,0.25,5150,999,0.9789013495533169,0.0029491782188415527
agglomerative,0.25,5206,999,0.9895457137426344,0.0004096031188964844
agglomerative,0.25,5261,999,1.0,0.0
agglomerative,0.26,1,999,0.00019007793195210037,0.5591520667076111
agglomerative,0.26,56,999,0.01064436418931762,0.4081208109855652
agglomerative,0.26,112,999,0.02128872837863524,0.34705835580825806
agglomerative,0.26,167,999,0.03174301463600076,0.31969553232192993
agglomerative,0.26,222,999,0.04219730089336628,0.30099570751190186
agglomerative,0.26,278,999,0.0528416650826839,0.28765779733657837
agglomerative,0.26,333,999,0.06329595134004942,0.27822208404541016
agglomerative,0.26,389,999,0.07394031552936704,0.2698841094970703
agglomerative,0.26,444,999,0.08439460178673255,0.2612839937210083
agglomerative,0.26,499,999,0.09484888804409808,0.25438380241394043
agglomerative,0.26,555,999,0.1054932522334157,0.24773859977722168
agglomerative,0.26,610,999,0.11594753849078122,0.24092870950698853
agglomerative,0.26,665,999,0.12640182474814673,0.23447489738464355
agglomerative,0.26,721,999,0.13704618893746437,0.2273794412612915
agglomerative,0.26,776,999,0.14750047519482987,0.22208207845687866
agglomerative,0.26,832,999,0.1581448393841475,0.21480566263198853
agglomerative,0.26,887,999,0.16859912564151303,0.21081799268722534
agglomerative,0.26,942,999,0.17905341189887855,0.20681273937225342
agglomerative,0.26,998,999,0.18969777608819616,0.20176661014556885
agglomerative,0.26,1053,999,0.20015206234556168,0.19738507270812988
agglomerative,0.26,1108,999,0.2106063486029272,0.19374364614486694
agglomerative,0.26,1164,999,0.2212507127922448,0.18903565406799316
agglomerative,0.26,1219,999,0.23170499904961034,0.18362563848495483
agglomerative,0.26,1274,999,0.24215928530697586,0.18021810054779053
agglomerative,0.26,1330,999,0.25280364949629347,0.17617887258529663
agglomerative,0.26,1385,999,0.263257935753659,0.17245250940322876
agglomerative,0.26,1441,999,0.2739022999429766,0.16738659143447876
agglomerative,0.26,1496,999,0.28435658620034215,0.16434210538864136
agglomerative,0.26,1551,999,0.29481087245770765,0.16124051809310913
agglomerative,0.26,1607,999,0.3054552366470253,0.15726381540298462
agglomerative,0.26,1662,999,0.3159095229043908,0.15383422374725342
agglomerative,0.26,1717,999,0.32636380916175634,0.1497982144355774
agglomerative,0.26,1773,999,0.3370081733510739,0.1462956666946411
agglomerative,0.26,1828,999,0.34746245960843947,0.14350277185440063
agglomerative,0.26,1884,999,0.3581068237977571,0.13996773958206177
agglomerative,0.26,1939,999,0.3685611100551226,0.13629937171936035
agglomerative,0.26,1994,999,0.3790153963124881,0.1335316300392151
agglomerative,0.26,2050,999,0.38965976050180573,0.1303037405014038
agglomerative,0.26,2105,999,0.4001140467591713,0.12737351655960083
agglomerative,0.26,2160,999,0.4105683330165368,0.1244041919708252
agglomerative,0.26,2216,999,0.4212126972058544,0.12050312757492065
agglomerative,0.26,2271,999,0.4316669834632199,0.11751818656921387
agglomerative,0.26,2326,999,0.44212126972058546,0.11465054750442505
agglomerative,0.26,2382,999,0.45276563390990304,0.11196529865264893
agglomerative,0.26,2437,999,0.4632199201672686,0.10917019844055176
agglomerative,0.26,2493,999,0.4738642843565862,0.10622197389602661
agglomerative,0.26,2548,999,0.4843185706139517,0.10317748785018921
agglomerative,0.26,2603,999,0.4947728568713172,0.10010319948196411
agglomerative,0.26,2659,999,0.5054172210606349,0.09711027145385742
agglomerative,0.26,2714,999,0.5158715073180004,0.09375131130218506
agglomerative,0.26,2769,999,0.5263257935753659,0.09072428941726685
agglomerative,0.26,2825,999,0.5369701577646835,0.08808684349060059
agglomerative,0.26,2880,999,0.547424444022049,0.08492660522460938
agglomerative,0.26,2936,999,0.5580688082113666,0.08232510089874268
agglomerative,0.26,2991,999,0.5685230944687322,0.07948988676071167
agglomerative,0.26,3046,999,0.5789773807260977,0.07675039768218994
agglomerative,0.26,3102,999,0.5896217449154153,0.07412594556808472
agglomerative,0.26,3157,999,0.6000760311727809,0.07114237546920776
agglomerative,0.26,3212,999,0.6105303174301464,0.06834572553634644
agglomerative,0.26,3268,999,0.621174681619464,0.06537854671478271
agglomerative,0.26,3323,999,0.6316289678768295,0.06254798173904419
agglomerative,0.26,3378,999,0.642083254134195,0.0599328875541687
agglomerative,0.26,3434,999,0.6527276183235127,0.057363152503967285
agglomerative,0.26,3489,999,0.6631819045808781,0.05474364757537842
agglomerative,0.26,3545,999,0.6738262687701958,0.052416086196899414
agglomerative,0.26,3600,999,0.6842805550275614,0.05016183853149414
agglomerative,0.26,3655,999,0.6947348412849268,0.04802781343460083
agglomerative,0.26,3711,999,0.7053792054742445,0.0459674596786499
agglomerative,0.26,3766,999,0.7158334917316099,0.04371452331542969
agglomerative,0.26,3821,999,0.7262877779889755,0.04169738292694092
agglomerative,0.26,3877,999,0.7369321421782931,0.0398176908493042
agglomerative,0.26,3932,999,0.7473864284356586,0.03797811269760132
agglomerative,0.26,3988,999,0.7580307926249762,0.03635352849960327
agglomerative,0.26,4043,999,0.7684850788823417,0.03449857234954834
agglomerative,0.26,4098,999,0.7789393651397073,0.03274458646774292
agglomerative,0.26,4154,999,0.7895837293290249,0.031235694885253906
agglomerative,0.26,4209,999,0.8000380155863904,0.029815375804901123
agglomerative,0.26,4264,999,0.810492301843756,0.028199374675750732
agglomerative,0.26,4320,999,0.8211366660330736,0.026737749576568604
agglomerative,0.26,4375,999,0.8315909522904391,0.025334537029266357
agglomerative,0.26,4430,999,0.8420452385478046,0.02358400821685791
agglomerative,0.26,4486,999,0.8526896027371222,0.022075414657592773
agglomerative,0.26,4541,999,0.8631438889944877,0.02073150873184204
agglomerative,0.26,4597,999,0.8737882531838054,0.019293665885925293
agglomerative,0.26,4652,999,0.8842425394411709,0.017987728118896484
agglomerative,0.26,4707,999,0.8946968256985364,0.01670616865158081
agglomerative,0.26,4763,999,0.9053411898878541,0.015252411365509033
agglomerative,0.26,4818,999,0.9157954761452195,0.013815999031066895
agglomerative,0.26,4873,999,0.926249762402585,0.012337982654571533
agglomerative,0.26,4929,999,0.9368941265919026,0.010680437088012695
agglomerative,0.26,4984,999,0.9473484128492682,0.009022057056427002
agglomerative,0.26,5040,999,0.9579927770385859,0.007241964340209961
agglomerative,0.26,5095,999,0.9684470632959513,0.005234181880950928
agglomerative,0.26,5150,999,0.9789013495533169,0.0029491782188415527
agglomerative,0.26,5206,999,0.9895457137426344,0.0004096031188964844
agglomerative,0.26,5261,999,1.0,0.0
agglomerative,0.27,1,999,0.00019007793195210037,0.5598207712173462
agglomerative,0.27,56,999,0.01064436418931762,0.408180832862854
agglomerative,0.27,112,999,0.02128872837863524,0.346150279045105
agglomerative,0.27,167,999,0.03174301463600076,0.31969690322875977
agglomerative,0.27,222,999,0.04219730089336628,0.3009956479072571
agglomerative,0.27,278,999,0.0528416650826839,0.2876574993133545
agglomerative,0.27,333,999,0.06329595134004942,0.2782222628593445
agglomerative,0.27,389,999,0.07394031552936704,0.26988404989242554
agglomerative,0.27,444,999,0.08439460178673255,0.2612839341163635
agglomerative,0.27,499,999,0.09484888804409808,0.2543838620185852
agglomerative,0.27,555,999,0.1054932522334157,0.24773865938186646
agglomerative,0.27,610,999,0.11594753849078122,0.24092859029769897
agglomerative,0.27,665,999,0.12640182474814673,0.23447489738464355
agglomerative,0.27,721,999,0.13704618893746437,0.22737932205200195
agglomerative,0.27,776,999,0.14750047519482987,0.222082257270813
agglomerative,0.27,832,999,0.1581448393841475,0.21480554342269897
agglomerative,0.27,887,999,0.16859912564151303,0.21081799268722534
agglomerative,0.27,942,999,0.17905341189887855,0.2068127989768982
agglomerative,0.27,998,999,0.18969777608819616,0.2017667293548584
agglomerative,0.27,1053,999,0.20015206234556168,0.19738537073135376
agglomerative,0.27,1108,999,0.2106063486029272,0.1937440037727356
agglomerative,0.27,1164,999,0.2212507127922448,0.1890358328819275
agglomerative,0.27,1219,999,0.23170499904961034,0.1836256980895996
agglomerative,0.27,1274,999,0.24215928530697586,0.18021821975708008
agglomerative,0.27,1330,999,0.25280364949629347,0.1761791706085205
agglomerative,0.27,1385,999,0.263257935753659,0.17245268821716309
agglomerative,0.27,1441,999,0.2739022999429766,0.16738682985305786
agglomerative,0.27,1496,999,0.28435658620034215,0.16434252262115479
agglomerative,0.27,1551,999,0.29481087245770765,0.16124045848846436
agglomerative,0.27,1607,999,0.3054552366470253,0.15726375579833984
agglomerative,0.27,1662,999,0.3159095229043908,0.15383380651474
agglomerative,0.27,1717,999,0.32636380916175634,0.14979779720306396
agglomerative,0.27,1773,999,0.3370081733510739,0.14629554748535156
agglomerative,0.27,1828,999,0.34746245960843947,0.14350271224975586
agglomerative,0.27,1884,999,0.3581068237977571,0.1399672031402588
agglomerative,0.27,1939,999,0.3685611100551226,0.13629883527755737
agglomerative,0.27,1994,999,0.3790153963124881,0.13353103399276733
agglomerative,0.27,2050,999,0.38965976050180573,0.13030332326889038
agglomerative,0.27,2105,999,0.4001140467591713,0.12737321853637695
agglomerative,0.27,2160,999,0.4105683330165368,0.1244039535522461
agglomerative,0.27,2216,999,0.4212126972058544,0.12050294876098633
agglomerative,0.27,2271,999,0.4316669834632199,0.1175183653831482
agglomerative,0.27,2326,999,0.44212126972058546,0.11465072631835938
agglomerative,0.27,2382,999,0.45276563390990304,0.11196523904800415
agglomerative,0.27,2437,999,0.4632199201672686,0.10917013883590698
agglomerative,0.27,2493,999,0.4738642843565862,0.10622233152389526
agglomerative,0.27,2548,999,0.4843185706139517,0.10317748785018921
agglomerative,0.27,2603,999,0.4947728568713172,0.10010284185409546
agglomerative,0.27,2659,999,0.5054172210606349,0.09711045026779175
agglomerative,0.27,2714,999,0.5158715073180004,0.09375143051147461
agglomerative,0.27,2769,999,0.5263257935753659,0.09072434902191162
agglomerative,0.27,2825,999,0.5369701577646835,0.08808648586273193
agglomerative,0.27,2880,999,0.547424444022049,0.08492624759674072
agglomerative,0.27,2936,999,0.5580688082113666,0.08232510089874268
agglomerative,0.27,2991,999,0.5685230944687322,0.07948994636535645
agglomerative,0.27,3046,999,0.5789773807260977,0.07675039768218994
agglomerative,0.27,3102,999,0.5896217449154153,0.07412540912628174
agglomerative,0.27,3157,999,0.6000760311727809,0.07114237546920776
agglomerative,0.27,3212,999,0.6105303174301464,0.06834554672241211
agglomerative,0.27,3268,999,0.621174681619464,0.06537801027297974
agglomerative,0.27,3323,999,0.6316289678768295,0.06254798173904419
agglomerative,0.27,3378,999,0.642083254134195,0.05993247032165527
agglomerative,0.27,3434,999,0.6527276183235127,0.05736362934112549
agglomerative,0.27,3489,999,0.6631819045808781,0.05474352836608887
agglomerative,0.27,3545,999,0.6738262687701958,0.052416205406188965
agglomerative,0.27,3600,999,0.6842805550275614,0.05016213655471802
agglomerative,0.27,3655,999,0.6947348412849268,0.04802733659744263
agglomerative,0.27,3711,999,0.7053792054742445,0.0459672212600708
agglomerative,0.27,3766,999,0.7158334917316099,0.043713927268981934
agglomerative,0.27,3821,999,0.7262877779889755,0.04169648885726929
agglomerative,0.27,3877,999,0.7369321421782931,0.03981727361679077
agglomerative,0.27,3932,999,0.7473864284356586,0.03797769546508789
agglomerative,0.27,3988,999,0.7580307926249762,0.036353230476379395
agglomerative,0.27,4043,999,0.7684850788823417,0.03449845314025879
agglomerative,0.27,4098,999,0.7789393651397073,0.032744765281677246
agglomerative,0.27,4154,999,0.7895837293290249,0.031235456466674805
agglomerative,0.27,4209,999,0.8000380155863904,0.029815375804901123
agglomerative,0.27,4264,999,0.810492301843756,0.028199493885040283
agglomerative,0.27,4320,999,0.8211366660330736,0.026737749576568604
agglomerative,0.27,4375,999,0.8315909522904391,0.025334537029266357
agglomerative,0.27,4430,999,0.8420452385478046,0.023583948612213135
agglomerative,0.27,4486,999,0.8526896027371222,0.022075116634368896
agglomerative,0.27,4541,999,0.8631438889944877,0.020731329917907715
agglomerative,0.27,4597,999,0.8737882531838054,0.019293606281280518
agglomerative,0.27,4652,999,0.8842425394411709,0.017987608909606934
agglomerative,0.27,4707,999,0.8946968256985364,0.016705870628356934
agglomerative,0.27,4763,999,0.9053411898878541,0.015252411365509033
agglomerative,0.27,4818,999,0.9157954761452195,0.013816118240356445
agglomerative,0.27,4873,999,0.926249762402585,0.012337863445281982
agglomerative,0.27,4929,999,0.9368941265919026,0.010680198669433594
agglomerative,0.27,4984,999,0.9473484128492682,0.009021759033203125
agglomerative,0.27,5040,999,0.9579927770385859,0.007241606712341309
agglomerative,0.27,5095,999,0.9684470632959513,0.0052343010902404785
agglomerative,0.27,5150,999,0.9789013495533169,0.0029491782188415527
agglomerative,0.27,5206,999,0.9895457137426344,0.0004096031188964844
agglomerative,0.27,5261,999,1.0,0.0
agglomerative,0.28,1,999,0.00019007793195210037,0.5607894062995911
agglomerative,0.28,56,999,0.01064436418931762,0.4066544771194458
agglomerative,0.28,112,999,0.02128872837863524,0.3461601138114929
agglomerative,0.28,167,999,0.03174301463600076,0.3196984529495239
agglomerative,0.28,222,999,0.04219730089336628,0.3009960651397705
agglomerative,0.28,278,999,0.0528416650826839,0.2876574397087097
agglomerative,0.28,333,999,0.06329595134004942,0.2782222032546997
agglomerative,0.28,389,999,0.07394031552936704,0.26988399028778076
agglomerative,0.28,444,999,0.08439460178673255,0.2612840533256531
agglomerative,0.28,499,999,0.09484888804409808,0.2543838620185852
agglomerative,0.28,555,999,0.1054932522334157,0.247738778591156
agglomerative,0.28,610,999,0.11594753849078122,0.24092882871627808
agglomerative,0.28,665,999,0.12640182474814673,0.23447471857070923
agglomerative,0.28,721,999,0.13704618893746437,0.22737932205200195
agglomerative,0.28,776,999,0.14750047519482987,0.22208213806152344
agglomerative,0.28,832,999,0.1581448393841475,0.2148057222366333
agglomerative,0.28,887,999,0.16859912564151303,0.21081799268722534
agglomerative,0.28,942,999,0.17905341189887855,0.20681285858154297
agglomerative,0.28,998,999,0.18969777608819616,0.20176661014556885
agglomerative,0.28,1053,999,0.20015206234556168,0.19738513231277466
agglomerative,0.28,1108,999,0.2106063486029272,0.1937440037727356
agglomerative,0.28,1164,999,0.2212507127922448,0.18903595209121704
agglomerative,0.28,1219,999,0.23170499904961034,0.1836256980895996
agglomerative,0.28,1274,999,0.24215928530697586,0.18021804094314575
agglomerative,0.28,1330,999,0.25280364949629347,0.17617875337600708
agglomerative,0.28,1385,999,0.263257935753659,0.17245256900787354
agglomerative,0.28,1441,999,0.2739022999429766,0.1673867106437683
agglomerative,0.28,1496,999,0.28435658620034215,0.1643419861793518
agglomerative,0.28,1551,999,0.29481087245770765,0.16124022006988525
agglomerative,0.28,1607,999,0.3054552366470253,0.15726381540298462
agglomerative,0.28,1662,999,0.3159095229043908,0.15383398532867432
agglomerative,0.28,1717,999,0.32636380916175634,0.1497979760169983
agglomerative,0.28,1773,999,0.3370081733510739,0.14629578590393066
agglomerative,0.28,1828,999,0.34746245960843947,0.14350253343582153
agglomerative,0.28,1884,999,0.3581068237977571,0.1399672031402588
agglomerative,0.28,1939,999,0.3685611100551226,0.1362987756729126
agglomerative,0.28,1994,999,0.3790153963124881,0.13353145122528076
agglomerative,0.28,2050,999,0.38965976050180573,0.13030338287353516
agglomerative,0.28,2105,999,0.4001140467591713,0.12737339735031128
agglomerative,0.28,2160,999,0.4105683330165368,0.12440431118011475
agglomerative,0.28,2216,999,0.4212126972058544,0.12050330638885498
agglomerative,0.28,2271,999,0.4316669834632199,0.11751824617385864
agglomerative,0.28,2326,999,0.44212126972058546,0.11465054750442505
agglomerative,0.28,2382,999,0.45276563390990304,0.1119648814201355
agglomerative,0.28,2437,999,0.4632199201672686,0.10917001962661743
agglomerative,0.28,2493,999,0.4738642843565862,0.10622227191925049
agglomerative,0.28,2548,999,0.4843185706139517,0.10317718982696533
agglomerative,0.28,2603,999,0.4947728568713172,0.10010266304016113
agglomerative,0.28,2659,999,0.5054172210606349,0.097109854221344
agglomerative,0.28,2714,999,0.5158715073180004,0.0937509536743164
agglomerative,0.28,2769,999,0.5263257935753659,0.09072422981262207
agglomerative,0.28,2825,999,0.5369701577646835,0.08808654546737671
agglomerative,0.28,2880,999,0.547424444022049,0.08492648601531982
agglomerative,0.28,2936,999,0.5580688082113666,0.08232510089874268
agglomerative,0.28,2991,999,0.5685230944687322,0.07949036359786987
agglomerative,0.28,3046,999,0.5789773807260977,0.07675069570541382
agglomerative,0.28,3102,999,0.5896217449154153,0.07412618398666382
agglomerative,0.28,3157,999,0.6000760311727809,0.07114261388778687
agglomerative,0.28,3212,999,0.6105303174301464,0.06834572553634644
agglomerative,0.28,3268,999,0.621174681619464,0.06537836790084839
agglomerative,0.28,3323,999,0.6316289678768295,0.06254804134368896
agglomerative,0.28,3378,999,0.642083254134195,0.059932589530944824
agglomerative,0.28,3434,999,0.6527276183235127,0.05736362934112549
agglomerative,0.28,3489,999,0.6631819045808781,0.05474370718002319
agglomerative,0.28,3545,999,0.6738262687701958,0.052416324615478516
agglomerative,0.28,3600,999,0.6842805550275614,0.05016225576400757
agglomerative,0.28,3655,999,0.6947348412849268,0.048027753829956055
agglomerative,0.28,3711,999,0.7053792054742445,0.0459674596786499
agglomerative,0.28,3766,999,0.7158334917316099,0.04371434450149536
agglomerative,0.28,3821,999,0.7262877779889755,0.04169732332229614
agglomerative,0.28,3877,999,0.7369321421782931,0.039817750453948975
agglomerative,0.28,3932,999,0.7473864284356586,0.03797799348831177
agglomerative,0.28,3988,999,0.7580307926249762,0.03635364770889282
agglomerative,0.28,4043,999,0.7684850788823417,0.03449869155883789
agglomerative,0.28,4098,999,0.7789393651397073,0.032744407653808594
agglomerative,0.28,4154,999,0.7895837293290249,0.031235098838806152
agglomerative,0.28,4209,999,0.8000380155863904,0.02981466054916382
agglomerative,0.28,4264,999,0.810492301843756,0.02819913625717163
agglomerative,0.28,4320,999,0.8211366660330736,0.026737689971923828
agglomerative,0.28,4375,999,0.8315909522904391,0.02533477544784546
agglomerative,0.28,4430,999,0.8420452385478046,0.023584425449371338
agglomerative,0.28,4486,999,0.8526896027371222,0.022075772285461426
agglomerative,0.28,4541,999,0.8631438889944877,0.020731568336486816
agglomerative,0.28,4597,999,0.8737882531838054,0.019293546676635742
agglomerative,0.28,4652,999,0.8842425394411709,0.017987608909606934
agglomerative,0.28,4707,999,0.8946968256985364,0.016705989837646484
agglomerative,0.28,4763,999,0.9053411898878541,0.01525270938873291
agglomerative,0.28,4818,999,0.9157954761452195,0.013816118240356445
agglomerative,0.28,4873,999,0.926249762402585,0.012337863445281982
agglomerative,0.28,4929,999,0.9368941265919026,0.010680317878723145
agglomerative,0.28,4984,999,0.9473484128492682,0.009021997451782227
agglomerative,0.28,5040,999,0.9579927770385859,0.007241606712341309
agglomerative,0.28,5095,999,0.9684470632959513,0.005234181880950928
agglomerative,0.28,5150,999,0.9789013495533169,0.0029489994049072266
agglomerative,0.28,5206,999,0.9895457137426344,0.0004096031188964844
agglomerative,0.28,5261,999,1.0,0.0
agglomerative,0.29,1,999,0.00019007793195210037,0.5621687173843384
agglomerative,0.29,56,999,0.01064436418931762,0.40684157609939575
agglomerative,0.29,112,999,0.02128872837863524,0.3461846113204956
agglomerative,0.29,167,999,0.03174301463600076,0.31969863176345825
agglomerative,0.29,222,999,0.04219730089336628,0.30099648237228394
agglomerative,0.29,278,999,0.0528416650826839,0.2876574397087097
agglomerative,0.29,333,999,0.06329595134004942,0.27822190523147583
agglomerative,0.29,389,999,0.07394031552936704,0.26988404989242554
agglomerative,0.29,444,999,0.08439460178673255,0.26128411293029785
agglomerative,0.29,499,999,0.09484888804409808,0.2543838620185852
agglomerative,0.29,555,999,0.1054932522334157,0.247738778591156
agglomerative,0.29,610,999,0.11594753849078122,0.2409285306930542
agglomerative,0.29,665,999,0.12640182474814673,0.23447465896606445
agglomerative,0.29,721,999,0.13704618893746437,0.2273792028427124
agglomerative,0.29,776,999,0.14750047519482987,0.22208213806152344
agglomerative,0.29,832,999,0.1581448393841475,0.2148057222366333
agglomerative,0.29,887,999,0.16859912564151303,0.2108181118965149
agglomerative,0.29,942,999,0.17905341189887855,0.20681285858154297
agglomerative,0.29,998,999,0.18969777608819616,0.20176661014556885
agglomerative,0.29,1053,999,0.20015206234556168,0.19738531112670898
agglomerative,0.29,1108,999,0.2106063486029272,0.19374388456344604
agglomerative,0.29,1164,999,0.2212507127922448,0.18903577327728271
agglomerative,0.29,1219,999,0.23170499904961034,0.18362557888031006
agglomerative,0.29,1274,999,0.24215928530697586,0.18021798133850098
agglomerative,0.29,1330,999,0.25280364949629347,0.17617851495742798
agglomerative,0.29,1385,999,0.263257935753659,0.1724523901939392
agglomerative,0.29,1441,999,0.2739022999429766,0.16738665103912354
agglomerative,0.29,1496,999,0.28435658620034215,0.1643422245979309
agglomerative,0.29,1551,999,0.29481087245770765,0.16124069690704346
agglomerative,0.29,1607,999,0.3054552366470253,0.15726393461227417
agglomerative,0.29,1662,999,0.3159095229043908,0.1538342833518982
agglomerative,0.29,1717,999,0.32636380916175634,0.1497977375984192
agglomerative,0.29,1773,999,0.3370081733510739,0.14629578590393066
agglomerative,0.29,1828,999,0.34746245960843947,0.14350289106369019
agglomerative,0.29,1884,999,0.3581068237977571,0.13996738195419312
agglomerative,0.29,1939,999,0.3685611100551226,0.1362987756729126
agglomerative,0.29,1994,999,0.3790153963124881,0.13353103399276733
agglomerative,0.29,2050,999,0.38965976050180573,0.13030314445495605
agglomerative,0.29,2105,999,0.4001140467591713,0.12737315893173218
agglomerative,0.29,2160,999,0.4105683330165368,0.1244039535522461
agglomerative,0.29,2216,999,0.4212126972058544,0.12050271034240723
agglomerative,0.29,2271,999,0.4316669834632199,0.11751824617385864
agglomerative,0.29,2326,999,0.44212126972058546,0.11465030908584595
agglomerative,0.29,2382,999,0.45276563390990304,0.11196494102478027
agglomerative,0.29,2437,999,0.4632199201672686,0.1091698408126831
agglomerative,0.29,2493,999,0.4738642843565862,0.10622233152389526
agglomerative,0.29,2548,999,0.4843185706139517,0.10317784547805786
agglomerative,0.29,2603,999,0.4947728568713172,0.10010313987731934
agglomerative,0.29,2659,999,0.5054172210606349,0.09711039066314697
agglomerative,0.29,2714,999,0.5158715073180004,0.09375143051147461
agglomerative,0.29,2769,999,0.5263257935753659,0.09072411060333252
agglomerative,0.29,2825,999,0.5369701577646835,0.08808684349060059
agglomerative,0.29,2880,999,0.547424444022049,0.08492612838745117
agglomerative,0.29,2936,999,0.5580688082113666,0.08232486248016357
agglomerative,0.29,2991,999,0.5685230944687322,0.079490065574646
agglomerative,0.29,3046,999,0.5789773807260977,0.07675039768218994
agglomerative,0.29,3102,999,0.5896217449154153,0.07412576675415039
agglomerative,0.29,3157,999,0.6000760311727809,0.07114219665527344
agglomerative,0.29,3212,999,0.6105303174301464,0.06834530830383301
agglomerative,0.29,3268,999,0.621174681619464,0.06537801027297974
agglomerative,0.29,3323,999,0.6316289678768295,0.06254786252975464
agglomerative,0.29,3378,999,0.642083254134195,0.0599326491355896
agglomerative,0.29,3434,999,0.6527276183235127,0.05736374855041504
agglomerative,0.29,3489,999,0.6631819045808781,0.05474370718002319
agglomerative,0.29,3545,999,0.6738262687701958,0.052416443824768066
agglomerative,0.29,3600,999,0.6842805550275614,0.05016225576400757
agglomerative,0.29,3655,999,0.6947348412849268,0.04802769422531128
agglomerative,0.29,3711,999,0.7053792054742445,0.04596734046936035
agglomerative,0.29,3766,999,0.7158334917316099,0.04371458292007446
agglomerative,0.29,3821,999,0.7262877779889755,0.041697561740875244
agglomerative,0.29,3877,999,0.7369321421782931,0.0398176908493042
agglomerative,0.29,3932,999,0.7473864284356586,0.03797799348831177
agglomerative,0.29,3988,999,0.7580307926249762,0.03635358810424805
agglomerative,0.29,4043,999,0.7684850788823417,0.03449887037277222
agglomerative,0.29,4098,999,0.7789393651397073,0.0327451229095459
agglomerative,0.29,4154,999,0.7895837293290249,0.031235933303833008
agglomerative,0.29,4209,999,0.8000380155863904,0.029815673828125
agglomerative,0.29,4264,999,0.810492301843756,0.028199195861816406
agglomerative,0.29,4320,999,0.8211366660330736,0.026737689971923828
agglomerative,0.29,4375,999,0.8315909522904391,0.025334656238555908
agglomerative,0.29,4430,999,0.8420452385478046,0.02358412742614746
agglomerative,0.29,4486,999,0.8526896027371222,0.022075235843658447
agglomerative,0.29,4541,999,0.8631438889944877,0.020731627941131592
agglomerative,0.29,4597,999,0.8737882531838054,0.01929384469985962
agglomerative,0.29,4652,999,0.8842425394411709,0.017987847328186035
agglomerative,0.29,4707,999,0.8946968256985364,0.01670604944229126
agglomerative,0.29,4763,999,0.9053411898878541,0.015252411365509033
agglomerative,0.29,4818,999,0.9157954761452195,0.013816297054290771
agglomerative,0.29,4873,999,0.926249762402585,0.012337863445281982
agglomerative,0.29,4929,999,0.9368941265919026,0.010680198669433594
agglomerative,0.29,4984,999,0.9473484128492682,0.0090218186378479
agglomerative,0.29,5040,999,0.9579927770385859,0.00724184513092041
agglomerative,0.29,5095,999,0.9684470632959513,0.005234420299530029
agglomerative,0.29,5150,999,0.9789013495533169,0.0029491186141967773
agglomerative,0.29,5206,999,0.9895457137426344,0.000409543514251709
agglomerative,0.29,5261,999,1.0,0.0
agglomerative,0.3,1,999,0.00019007793195210037,0.564091682434082
agglomerative,0.3,56,999,0.01064436418931762,0.40749698877334595
agglomerative,0.3,112,999,0.02128872837863524,0.3458266854286194
agglomerative,0.3,167,999,0.03174301463600076,0.3197060227394104
agglomerative,0.3,222,999,0.04219730089336628,0.3009975552558899
agglomerative,0.3,278,999,0.0528416650826839,0.28765761852264404
agglomerative,0.3,333,999,0.06329595134004942,0.27822238206863403
agglomerative,0.3,389,999,0.07394031552936704,0.2698841094970703
agglomerative,0.3,444,999,0.08439460178673255,0.26128411293029785
agglomerative,0.3,499,999,0.09484888804409808,0.2543838620185852
agglomerative,0.3,555,999,0.1054932522334157,0.24773871898651123
agglomerative,0.3,610,999,0.11594753849078122,0.24092870950698853
agglomerative,0.3,665,999,0.12640182474814673,0.23447489738464355
agglomerative,0.3,721,999,0.13704618893746437,0.22737926244735718
agglomerative,0.3,776,999,0.14750047519482987,0.22208213806152344
agglomerative,0.3,832,999,0.1581448393841475,0.21480584144592285
agglomerative,0.3,887,999,0.16859912564151303,0.2108181118965149
agglomerative,0.3,942,999,0.17905341189887855,0.20681267976760864
agglomerative,0.3,998,999,0.18969777608819616,0.20176643133163452
agglomerative,0.3,1053,999,0.20015206234556168,0.19738554954528809
agglomerative,0.3,1108,999,0.2106063486029272,0.1937442421913147
agglomerative,0.3,1164,999,0.2212507127922448,0.18903601169586182
agglomerative,0.3,1219,999,0.23170499904961034,0.18362587690353394
agglomerative,0.3,1274,999,0.24215928530697586,0.1802181601524353
agglomerative,0.3,1330,999,0.25280364949629347,0.17617911100387573
agglomerative,0.3,1385,999,0.263257935753659,0.17245268821716309
agglomerative,0.3,1441,999,0.2739022999429766,0.1673867106437683
agglomerative,0.3,1496,999,0.28435658620034215,0.16434192657470703
agglomerative,0.3,1551,999,0.29481087245770765,0.16124063730239868
agglomerative,0.3,1607,999,0.3054552366470253,0.15726405382156372
agglomerative,0.3,1662,999,0.3159095229043908,0.15383440256118774
agglomerative,0.3,1717,999,0.32636380916175634,0.1497979760169983
agglomerative,0.3,1773,999,0.3370081733510739,0.1462957262992859
agglomerative,0.3,1828,999,0.34746245960843947,0.1435025930404663
agglomerative,0.3,1884,999,0.3581068237977571,0.13996756076812744
agglomerative,0.3,1939,999,0.3685611100551226,0.13629913330078125
agglomerative,0.3,1994,999,0.3790153963124881,0.13353145122528076
agglomerative,0.3,2050,999,0.38965976050180573,0.13030356168746948
agglomerative,0.3,2105,999,0.4001140467591713,0.12737351655960083
agglomerative,0.3,2160,999,0.4105683330165368,0.12440431118011475
agglomerative,0.3,2216,999,0.4212126972058544,0.1205032467842102
agglomerative,0.3,2271,999,0.4316669834632199,0.11751818656921387
agglomerative,0.3,2326,999,0.44212126972058546,0.1146506667137146
agglomerative,0.3,2382,999,0.45276563390990304,0.11196523904800415
agglomerative,0.3,2437,999,0.4632199201672686,0.10917025804519653
agglomerative,0.3,2493,999,0.4738642843565862,0.10622239112854004
agglomerative,0.3,2548,999,0.4843185706139517,0.10317784547805786
agglomerative,0.3,2603,999,0.4947728568713172,0.10010308027267456
agglomerative,0.3,2659,999,0.5054172210606349,0.0971105694770813
agglomerative,0.3,2714,999,0.5158715073180004,0.09375172853469849
agglomerative,0.3,2769,999,0.5263257935753659,0.0907246470451355
agglomerative,0.3,2825,999,0.5369701577646835,0.08808726072311401
agglomerative,0.3,2880,999,0.547424444022049,0.08492684364318848
agglomerative,0.3,2936,999,0.5580688082113666,0.08232533931732178
agglomerative,0.3,2991,999,0.5685230944687322,0.07949048280715942
agglomerative,0.3,3046,999,0.5789773807260977,0.0767509937286377
agglomerative,0.3,3102,999,0.5896217449154153,0.07412576675415039
agglomerative,0.3,3157,999,0.6000760311727809,0.07114243507385254
agglomerative,0.3,3212,999,0.6105303174301464,0.06834554672241211
agglomerative,0.3,3268,999,0.621174681619464,0.06537842750549316
agglomerative,0.3,3323,999,0.6316289678768295,0.06254816055297852
agglomerative,0.3,3378,999,0.642083254134195,0.05993276834487915
agglomerative,0.3,3434,999,0.6527276183235127,0.05736374855041504
agglomerative,0.3,3489,999,0.6631819045808781,0.05474352836608887
agglomerative,0.3,3545,999,0.6738262687701958,0.052416086196899414
agglomerative,0.3,3600,999,0.6842805550275614,0.05016225576400757
agglomerative,0.3,3655,999,0.6947348412849268,0.048027753829956055
agglomerative,0.3,3711,999,0.7053792054742445,0.045967817306518555
agglomerative,0.3,3766,999,0.7158334917316099,0.04371452331542969
agglomerative,0.3,3821,999,0.7262877779889755,0.04169732332229614
agglomerative,0.3,3877,999,0.7369321421782931,0.0398174524307251
agglomerative,0.3,3932,999,0.7473864284356586,0.03797793388366699
agglomerative,0.3,3988,999,0.7580307926249762,0.0363537073135376
agglomerative,0.3,4043,999,0.7684850788823417,0.03449898958206177
agglomerative,0.3,4098,999,0.7789393651397073,0.03274494409561157
agglomerative,0.3,4154,999,0.7895837293290249,0.03123605251312256
agglomerative,0.3,4209,999,0.8000380155863904,0.029815673828125
agglomerative,0.3,4264,999,0.810492301843756,0.028199315071105957
agglomerative,0.3,4320,999,0.8211366660330736,0.026737689971923828
agglomerative,0.3,4375,999,0.8315909522904391,0.025334835052490234
agglomerative,0.3,4430,999,0.8420452385478046,0.02358424663543701
agglomerative,0.3,4486,999,0.8526896027371222,0.022075414657592773
agglomerative,0.3,4541,999,0.8631438889944877,0.020731627941131592
agglomerative,0.3,4597,999,0.8737882531838054,0.019293546676635742
agglomerative,0.3,4652,999,0.8842425394411709,0.017987489700317383
agglomerative,0.3,4707,999,0.8946968256985364,0.016705989837646484
agglomerative,0.3,4763,999,0.9053411898878541,0.015252411365509033
agglomerative,0.3,4818,999,0.9157954761452195,0.013816118240356445
agglomerative,0.3,4873,999,0.926249762402585,0.01233828067779541
agglomerative,0.3,4929,999,0.9368941265919026,0.010680317878723145
agglomerative,0.3,4984,999,0.9473484128492682,0.0090218186378479
agglomerative,0.3,5040,999,0.9579927770385859,0.007241606712341309
agglomerative,0.3,5095,999,0.9684470632959513,0.0052343010902404785
agglomerative,0.3,5150,999,0.9789013495533169,0.0029491186141967773
agglomerative,0.3,5206,999,0.9895457137426344,0.0004094243049621582
agglomerative,0.3,5261,999,1.0,0.0
agglomerative,0.31,1,999,0.00019007793195210037,0.5667381286621094
agglomerative,0.31,56,999,0.01064436418931762,0.40739428997039795
agglomerative,0.31,112,999,0.02128872837863524,0.3458556532859802
agglomerative,0.31,167,999,0.03174301463600076,0.31971246004104614
agglomerative,0.31,222,999,0.04219730089336628,0.3009989261627197
agglomerative,0.31,278,999,0.0528416650826839,0.28765755891799927
agglomerative,0.31,333,999,0.06329595134004942,0.27822232246398926
agglomerative,0.31,389,999,0.07394031552936704,0.2698841691017151
agglomerative,0.31,444,999,0.08439460178673255,0.2612839937210083
agglomerative,0.31,499,999,0.09484888804409808,0.2543838620185852
agglomerative,0.31,555,999,0.1054932522334157,0.2477385401725769
agglomerative,0.31,610,999,0.11594753849078122,0.24092870950698853
agglomerative,0.31,665,999,0.12640182474814673,0.23447471857070923
agglomerative,0.31,721,999,0.13704618893746437,0.22737926244735718
agglomerative,0.31,776,999,0.14750047519482987,0.22208213806152344
agglomerative,0.31,832,999,0.1581448393841475,0.21480554342269897
agglomerative,0.31,887,999,0.16859912564151303,0.2108178734779358
agglomerative,0.31,942,999,0.17905341189887855,0.20681250095367432
agglomerative,0.31,998,999,0.18969777608819616,0.20176666975021362
agglomerative,0.31,1053,999,0.20015206234556168,0.19738531112670898
agglomerative,0.31,1108,999,0.2106063486029272,0.1937442421913147
agglomerative,0.31,1164,999,0.2212507127922448,0.18903589248657227
agglomerative,0.31,1219,999,0.23170499904961034,0.18362581729888916
agglomerative,0.31,1274,999,0.24215928530697586,0.18021833896636963
agglomerative,0.31,1330,999,0.25280364949629347,0.17617905139923096
agglomerative,0.31,1385,999,0.263257935753659,0.17245256900787354
agglomerative,0.31,1441,999,0.2739022999429766,0.16738677024841309
agglomerative,0.31,1496,999,0.28435658620034215,0.16434210538864136
agglomerative,0.31,1551,999,0.29481087245770765,0.16124039888381958
agglomerative,0.31,1607,999,0.3054552366470253,0.1572641134262085
agglomerative,0.31,1662,999,0.3159095229043908,0.15383434295654297
agglomerative,0.31,1717,999,0.32636380916175634,0.14979779720306396
agglomerative,0.31,1773,999,0.3370081733510739,0.14629560708999634
agglomerative,0.31,1828,999,0.34746245960843947,0.14350277185440063
agglomerative,0.31,1884,999,0.3581068237977571,0.13996738195419312
agglomerative,0.31,1939,999,0.3685611100551226,0.13629895448684692
agglomerative,0.31,1994,999,0.3790153963124881,0.1335310935974121
agglomerative,0.31,2050,999,0.38965976050180573,0.13030320405960083
agglomerative,0.31,2105,999,0.4001140467591713,0.12737321853637695
agglomerative,0.31,2160,999,0.4105683330165368,0.12440377473831177
agglomerative,0.31,2216,999,0.4212126972058544,0.12050265073776245
agglomerative,0.31,2271,999,0.4316669834632199,0.11751794815063477
agglomerative,0.31,2326,999,0.44212126972058546,0.11464983224868774
agglomerative,0.31,2382,999,0.45276563390990304,0.1119644045829773
agglomerative,0.31,2437,999,0.4632199201672686,0.10916930437088013
agglomerative,0.31,2493,999,0.4738642843565862,0.10622155666351318
agglomerative,0.31,2548,999,0.4843185706139517,0.1031767725944519
agglomerative,0.31,2603,999,0.4947728568713172,0.1001024842262268
agglomerative,0.31,2659,999,0.5054172210606349,0.097109854221344
agglomerative,0.31,2714,999,0.5158715073180004,0.09375089406967163
agglomerative,0.31,2769,999,0.5263257935753659,0.0907244086265564
agglomerative,0.31,2825,999,0.5369701577646835,0.08808678388595581
agglomerative,0.31,2880,999,0.547424444022049,0.08492648601531982
agglomerative,0.31,2936,999,0.5580688082113666,0.08232533931732178
agglomerative,0.31,2991,999,0.5685230944687322,0.07949036359786987
agglomerative,0.31,3046,999,0.5789773807260977,0.07675081491470337
agglomerative,0.31,3102,999,0.5896217449154153,0.07412606477737427
agglomerative,0.31,3157,999,0.6000760311727809,0.07114219665527344
agglomerative,0.31,3212,999,0.6105303174301464,0.06834590435028076
agglomerative,0.31,3268,999,0.621174681619464,0.06537824869155884
agglomerative,0.31,3323,999,0.6316289678768295,0.06254833936691284
agglomerative,0.31,3378,999,0.642083254134195,0.05993276834487915
agglomerative,0.31,3434,999,0.6527276183235127,0.05736345052719116
agglomerative,0.31,3489,999,0.6631819045808781,0.054743289947509766
agglomerative,0.31,3545,999,0.6738262687701958,0.05241596698760986
agglomerative,0.31,3600,999,0.6842805550275614,0.05016201734542847
agglomerative,0.31,3655,999,0.6947348412849268,0.04802769422531128
agglomerative,0.31,3711,999,0.7053792054742445,0.04596751928329468
agglomerative,0.31,3766,999,0.7158334917316099,0.04371440410614014
agglomerative,0.31,3821,999,0.7262877779889755,0.04169732332229614
agglomerative,0.31,3877,999,0.7369321421782931,0.03981757164001465
agglomerative,0.31,3932,999,0.7473864284356586,0.03797799348831177
agglomerative,0.31,3988,999,0.7580307926249762,0.03635376691818237
agglomerative,0.31,4043,999,0.7684850788823417,0.03449881076812744
agglomerative,0.31,4098,999,0.7789393651397073,0.03274446725845337
agglomerative,0.31,4154,999,0.7895837293290249,0.03123563528060913
agglomerative,0.31,4209,999,0.8000380155863904,0.029815316200256348
agglomerative,0.31,4264,999,0.810492301843756,0.028199493885040283
agglomerative,0.31,4320,999,0.8211366660330736,0.026738345623016357
agglomerative,0.31,4375,999,0.8315909522904391,0.025334954261779785
agglomerative,0.31,4430,999,0.8420452385478046,0.02358424663543701
agglomerative,0.31,4486,999,0.8526896027371222,0.022075653076171875
agglomerative,0.31,4541,999,0.8631438889944877,0.020731449127197266
agglomerative,0.31,4597,999,0.8737882531838054,0.01929372549057007
agglomerative,0.31,4652,999,0.8842425394411709,0.017987430095672607
agglomerative,0.31,4707,999,0.8946968256985364,0.01670593023300171
agglomerative,0.31,4763,999,0.9053411898878541,0.015252470970153809
agglomerative,0.31,4818,999,0.9157954761452195,0.01381593942642212
agglomerative,0.31,4873,999,0.926249762402585,0.012338101863861084
agglomerative,0.31,4929,999,0.9368941265919026,0.010680317878723145
agglomerative,0.31,4984,999,0.9473484128492682,0.0090218186378479
agglomerative,0.31,5040,999,0.9579927770385859,0.007241785526275635
agglomerative,0.31,5095,999,0.9684470632959513,0.0052343010902404785
agglomerative,0.31,5150,999,0.9789013495533169,0.0029489994049072266
agglomerative,0.31,5206,999,0.9895457137426344,0.0004094243049621582
agglomerative,0.31,5261,999,1.0,0.0
agglomerative,0.32,1,999,0.00019007793195210037,0.5703350305557251
agglomerative,0.32,56,999,0.01064436418931762,0.4049011468887329
agglomerative,0.32,112,999,0.02128872837863524,0.34846043586730957
agglomerative,0.32,167,999,0.03174301463600076,0.31972265243530273
agglomerative,0.32,222,999,0.04219730089336628,0.301006019115448
agglomerative,0.32,278,999,0.0528416650826839,0.28765904903411865
agglomerative,0.32,333,999,0.06329595134004942,0.2782226800918579
agglomerative,0.32,389,999,0.07394031552936704,0.26988422870635986
agglomerative,0.32,444,999,0.08439460178673255,0.2612839937210083
agglomerative,0.32,499,999,0.09484888804409808,0.25438374280929565
agglomerative,0.32,555,999,0.1054932522334157,0.2477385401725769
agglomerative,0.32,610,999,0.11594753849078122,0.24092859029769897
agglomerative,0.32,665,999,0.12640182474814673,0.234474778175354
agglomerative,0.32,721,999,0.13704618893746437,0.2273792028427124
agglomerative,0.32,776,999,0.14750047519482987,0.22208207845687866
agglomerative,0.32,832,999,0.1581448393841475,0.21480584144592285
agglomerative,0.32,887,999,0.16859912564151303,0.21081817150115967
agglomerative,0.32,942,999,0.17905341189887855,0.20681285858154297
agglomerative,0.32,998,999,0.18969777608819616,0.20176666975021362
agglomerative,0.32,1053,999,0.20015206234556168,0.1973852515220642
agglomerative,0.32,1108,999,0.2106063486029272,0.1937440037727356
agglomerative,0.32,1164,999,0.2212507127922448,0.18903571367263794
agglomerative,0.32,1219,999,0.23170499904961034,0.18362575769424438
agglomerative,0.32,1274,999,0.24215928530697586,0.18021833896636963
agglomerative,0.32,1330,999,0.25280364949629347,0.17617875337600708
agglomerative,0.32,1385,999,0.263257935753659,0.17245274782180786
agglomerative,0.32,1441,999,0.2739022999429766,0.1673867106437683
agglomerative,0.32,1496,999,0.28435658620034215,0.16434204578399658
agglomerative,0.32,1551,999,0.29481087245770765,0.16124039888381958
agglomerative,0.32,1607,999,0.3054552366470253,0.1572638750076294
agglomerative,0.32,1662,999,0.3159095229043908,0.15383440256118774
agglomerative,0.32,1717,999,0.32636380916175634,0.14979803562164307
agglomerative,0.32,1773,999,0.3370081733510739,0.14629578590393066
agglomerative,0.32,1828,999,0.34746245960843947,0.1435025930404663
agglomerative,0.32,1884,999,0.3581068237977571,0.13996738195419312
agglomerative,0.32,1939,999,0.3685611100551226,0.13629889488220215
agglomerative,0.32,1994,999,0.3790153963124881,0.13353115320205688
agglomerative,0.32,2050,999,0.38965976050180573,0.13030344247817993
agglomerative,0.32,2105,999,0.4001140467591713,0.12737363576889038
agglomerative,0.32,2160,999,0.4105683330165368,0.1244041919708252
agglomerative,0.32,2216,999,0.4212126972058544,0.12050318717956543
agglomerative,0.32,2271,999,0.4316669834632199,0.11751848459243774
agglomerative,0.32,2326,999,0.44212126972058546,0.11465084552764893
agglomerative,0.32,2382,999,0.45276563390990304,0.11196523904800415
agglomerative,0.32,2437,999,0.4632199201672686,0.10917013883590698
agglomerative,0.32,2493,999,0.4738642843565862,0.10622233152389526
agglomerative,0.32,2548,999,0.4843185706139517,0.10317736864089966
agglomerative,0.32,2603,999,0.4947728568713172,0.10010266304016113
agglomerative,0.32,2659,999,0.5054172210606349,0.09711027145385742
agglomerative,0.32,2714,999,0.5158715073180004,0.09375143051147461
agglomerative,0.32,2769,999,0.5263257935753659,0.09072428941726685
agglomerative,0.32,2825,999,0.5369701577646835,0.08808654546737671
agglomerative,0.32,2880,999,0.547424444022049,0.08492684364318848
agglomerative,0.32,2936,999,0.5580688082113666,0.08232533931732178
agglomerative,0.32,2991,999,0.5685230944687322,0.07949048280715942
agglomerative,0.32,3046,999,0.5789773807260977,0.07675051689147949
agglomerative,0.32,3102,999,0.5896217449154153,0.07412528991699219
agglomerative,0.32,3157,999,0.6000760311727809,0.07114243507385254
agglomerative,0.32,3212,999,0.6105303174301464,0.06834548711776733
agglomerative,0.32,3268,999,0.621174681619464,0.06537801027297974
agglomerative,0.32,3323,999,0.6316289678768295,0.06254768371582031
agglomerative,0.32,3378,999,0.642083254134195,0.059932589530944824
agglomerative,0.32,3434,999,0.6527276183235127,0.05736374855041504
agglomerative,0.32,3489,999,0.6631819045808781,0.054743945598602295
agglomerative,0.32,3545,999,0.6738262687701958,0.052416443824768066
agglomerative,0.32,3600,999,0.6842805550275614,0.05016213655471802
agglomerative,0.32,3655,999,0.6947348412849268,0.048027873039245605
agglomerative,0.32,3711,999,0.7053792054742445,0.04596740007400513
agglomerative,0.32,3766,999,0.7158334917316099,0.043714284896850586
agglomerative,0.32,3821,999,0.7262877779889755,0.041696786880493164
agglomerative,0.32,3877,999,0.7369321421782931,0.03981733322143555
agglomerative,0.32,3932,999,0.7473864284356586,0.03797793388366699
agglomerative,0.32,3988,999,0.7580307926249762,0.03635358810424805
agglomerative,0.32,4043,999,0.7684850788823417,0.03449887037277222
agglomerative,0.32,4098,999,0.7789393651397073,0.032744765281677246
agglomerative,0.32,4154,999,0.7895837293290249,0.03123539686203003
agglomerative,0.32,4209,999,0.8000380155863904,0.02981513738632202
agglomerative,0.32,4264,999,0.810492301843756,0.02819913625717163
agglomerative,0.32,4320,999,0.8211366660330736,0.026737987995147705
agglomerative,0.32,4375,999,0.8315909522904391,0.025334954261779785
agglomerative,0.32,4430,999,0.8420452385478046,0.023583948612213135
agglomerative,0.32,4486,999,0.8526896027371222,0.022075116634368896
agglomerative,0.32,4541,999,0.8631438889944877,0.020731687545776367
agglomerative,0.32,4597,999,0.8737882531838054,0.019293785095214844
agglomerative,0.32,4652,999,0.8842425394411709,0.017988145351409912
agglomerative,0.32,4707,999,0.8946968256985364,0.01670593023300171
agglomerative,0.32,4763,999,0.9053411898878541,0.015252292156219482
agglomerative,0.32,4818,999,0.9157954761452195,0.013815999031066895
agglomerative,0.32,4873,999,0.926249762402585,0.012338101863861084
agglomerative,0.32,4929,999,0.9368941265919026,0.010680317878723145
agglomerative,0.32,4984,999,0.9473484128492682,0.009021759033203125
agglomerative,0.32,5040,999,0.9579927770385859,0.007241666316986084
agglomerative,0.32,5095,999,0.9684470632959513,0.0052343010902404785
agglomerative,0.32,5150,999,0.9789013495533169,0.0029491186141967773
agglomerative,0.32,5206,999,0.9895457137426344,0.0004096031188964844
agglomerative,0.32,5261,999,1.0,0.0
agglomerative,0.33,1,999,0.00019007793195210037,0.5751133561134338
agglomerative,0.33,56,999,0.01064436418931762,0.4047822952270508
agglomerative,0.33,112,999,0.02128872837863524,0.3479807376861572
agglomerative,0.33,167,999,0.03174301463600076,0.31974273920059204
agglomerative,0.33,222,999,0.04219730089336628,0.30101245641708374
agglomerative,0.33,278,999,0.0528416650826839,0.2876589298248291
agglomerative,0.33,333,999,0.06329595134004942,0.2782224416732788
agglomerative,0.33,389,999,0.07394031552936704,0.26988446712493896
agglomerative,0.33,444,999,0.08439460178673255,0.26128411293029785
agglomerative,0.33,499,999,0.09484888804409808,0.25438380241394043
agglomerative,0.33,555,999,0.1054932522334157,0.2477385401725769
agglomerative,0.33,610,999,0.11594753849078122,0.24092870950698853
agglomerative,0.33,665,999,0.12640182474814673,0.2344745397567749
agglomerative,0.33,721,999,0.13704618893746437,0.22737926244735718
agglomerative,0.33,776,999,0.14750047519482987,0.22208207845687866
agglomerative,0.33,832,999,0.1581448393841475,0.2148057222366333
agglomerative,0.33,887,999,0.16859912564151303,0.21081793308258057
agglomerative,0.33,942,999,0.17905341189887855,0.20681273937225342
agglomerative,0.33,998,999,0.18969777608819616,0.2017664909362793
agglomerative,0.33,1053,999,0.20015206234556168,0.19738531112670898
agglomerative,0.33,1108,999,0.2106063486029272,0.19374418258666992
agglomerative,0.33,1164,999,0.2212507127922448,0.18903571367263794
agglomerative,0.33,1219,999,0.23170499904961034,0.18362575769424438
agglomerative,0.33,1274,999,0.24215928530697586,0.18021810054779053
agglomerative,0.33,1330,999,0.25280364949629347,0.17617899179458618
agglomerative,0.33,1385,999,0.263257935753659,0.1724526286125183
agglomerative,0.33,1441,999,0.2739022999429766,0.16738682985305786
agglomerative,0.33,1496,999,0.28435658620034215,0.16434186697006226
agglomerative,0.33,1551,999,0.29481087245770765,0.16124022006988525
agglomerative,0.33,1607,999,0.3054552366470253,0.15726381540298462
agglomerative,0.33,1662,999,0.3159095229043908,0.1538340449333191
agglomerative,0.33,1717,999,0.32636380916175634,0.14979779720306396
agglomerative,0.33,1773,999,0.3370081733510739,0.1462957262992859
agglomerative,0.33,1828,999,0.34746245960843947,0.14350271224975586
agglomerative,0.33,1884,999,0.3581068237977571,0.13996732234954834
agglomerative,0.33,1939,999,0.3685611100551226,0.13629895448684692
agglomerative,0.33,1994,999,0.3790153963124881,0.1335310935974121
agglomerative,0.33,2050,999,0.38965976050180573,0.1303032636642456
agglomerative,0.33,2105,999,0.4001140467591713,0.12737339735031128
agglomerative,0.33,2160,999,0.4105683330165368,0.1244041919708252
agglomerative,0.33,2216,999,0.4212126972058544,0.12050312757492065
agglomerative,0.33,2271,999,0.4316669834632199,0.1175186038017273
agglomerative,0.33,2326,999,0.44212126972058546,0.11465096473693848
agglomerative,0.33,2382,999,0.45276563390990304,0.11196523904800415
agglomerative,0.33,2437,999,0.4632199201672686,0.10917019844055176
agglomerative,0.33,2493,999,0.4738642843565862,0.10622239112854004
agglomerative,0.33,2548,999,0.4843185706139517,0.10317754745483398
agglomerative,0.33,2603,999,0.4947728568713172,0.10010296106338501
agglomerative,0.33,2659,999,0.5054172210606349,0.09710997343063354
agglomerative,0.33,2714,999,0.5158715073180004,0.0937509536743164
agglomerative,0.33,2769,999,0.5263257935753659,0.09072399139404297
agglomerative,0.33,2825,999,0.5369701577646835,0.08808654546737671
agglomerative,0.33,2880,999,0.547424444022049,0.08492660522460938
agglomerative,0.33,2936,999,0.5580688082113666,0.08232492208480835
agglomerative,0.33,2991,999,0.5685230944687322,0.0794903039932251
agglomerative,0.33,3046,999,0.5789773807260977,0.07675057649612427
agglomerative,0.33,3102,999,0.5896217449154153,0.07412576675415039
agglomerative,0.33,3157,999,0.6000760311727809,0.07114219665527344
agglomerative,0.33,3212,999,0.6105303174301464,0.06834536790847778
agglomerative,0.33,3268,999,0.621174681619464,0.06537818908691406
agglomerative,0.33,3323,999,0.6316289678768295,0.06254816055297852
agglomerative,0.33,3378,999,0.642083254134195,0.05993276834487915
agglomerative,0.33,3434,999,0.6527276183235127,0.05736374855041504
agglomerative,0.33,3489,999,0.6631819045808781,0.054743826389312744
agglomerative,0.33,3545,999,0.6738262687701958,0.052416443824768066
agglomerative,0.33,3600,999,0.6842805550275614,0.050161898136138916
agglomerative,0.33,3655,999,0.6947348412849268,0.04802757501602173
agglomerative,0.33,3711,999,0.7053792054742445,0.0459672212600708
agglomerative,0.33,3766,999,0.7158334917316099,0.04371410608291626
agglomerative,0.33,3821,999,0.7262877779889755,0.04169684648513794
agglomerative,0.33,3877,999,0.7369321421782931,0.03981757164001465
agglomerative,0.33,3932,999,0.7473864284356586,0.037978172302246094
agglomerative,0.33,3988,999,0.7580307926249762,0.036353886127471924
agglomerative,0.33,4043,999,0.7684850788823417,0.034498751163482666
agglomerative,0.33,4098,999,0.7789393651397073,0.032744526863098145
agglomerative,0.33,4154,999,0.7895837293290249,0.031235575675964355
agglomerative,0.33,4209,999,0.8000380155863904,0.029815077781677246
agglomerative,0.33,4264,999,0.810492301843756,0.02819877862930298
agglomerative,0.33,4320,999,0.8211366660330736,0.026737689971923828
agglomerative,0.33,4375,999,0.8315909522904391,0.025334835052490234
agglomerative,0.33,4430,999,0.8420452385478046,0.02358412742614746
agglomerative,0.33,4486,999,0.8526896027371222,0.022075414657592773
agglomerative,0.33,4541,999,0.8631438889944877,0.02073138952255249
agglomerative,0.33,4597,999,0.8737882531838054,0.01929372549057007
agglomerative,0.33,4652,999,0.8842425394411709,0.017987608909606934
agglomerative,0.33,4707,999,0.8946968256985364,0.01670593023300171
agglomerative,0.33,4763,999,0.9053411898878541,0.015252292156219482
agglomerative,0.33,4818,999,0.9157954761452195,0.013816297054290771
agglomerative,0.33,4873,999,0.926249762402585,0.012337863445281982
agglomerative,0.33,4929,999,0.9368941265919026,0.010680437088012695
agglomerative,0.33,4984,999,0.9473484128492682,0.009021878242492676
agglomerative,0.33,5040,999,0.9579927770385859,0.00724184513092041
agglomerative,0.33,5095,999,0.9684470632959513,0.005234420299530029
agglomerative,0.33,5150,999,0.9789013495533169,0.0029489994049072266
agglomerative,0.33,5206,999,0.9895457137426344,0.0004096031188964844
agglomerative,0.33,5261,999,1.0,0.0
agglomerative,0.34,1,999,0.00019007793195210037,0.5813287496566772
agglomerative,0.34,56,999,0.01064436418931762,0.40372318029403687
agglomerative,0.34,112,999,0.02128872837863524,0.34848886728286743
agglomerative,0.34,167,999,0.03174301463600076,0.31965649127960205
agglomerative,0.34,222,999,0.04219730089336628,0.30109673738479614
agglomerative,0.34,278,999,0.0528416650826839,0.2876644730567932
agglomerative,0.34,333,999,0.06329595134004942,0.2782279849052429
agglomerative,0.34,389,999,0.07394031552936704,0.2698853015899658
agglomerative,0.34,444,999,0.08439460178673255,0.2612842321395874
agglomerative,0.34,499,999,0.09484888804409808,0.25438398122787476
agglomerative,0.34,555,999,0.1054932522334157,0.247738778591156
agglomerative,0.34,610,999,0.11594753849078122,0.24092870950698853
agglomerative,0.34,665,999,0.12640182474814673,0.23447489738464355
agglomerative,0.34,721,999,0.13704618893746437,0.2273794412612915
agglomerative,0.34,776,999,0.14750047519482987,0.2220821976661682
agglomerative,0.34,832,999,0.1581448393841475,0.2148057222366333
agglomerative,0.34,887,999,0.16859912564151303,0.2108181118965149
agglomerative,0.34,942,999,0.17905341189887855,0.20681273937225342
agglomerative,0.34,998,999,0.18969777608819616,0.20176661014556885
agglomerative,0.34,1053,999,0.20015206234556168,0.19738531112670898
agglomerative,0.34,1108,999,0.2106063486029272,0.1937440037727356
agglomerative,0.34,1164,999,0.2212507127922448,0.18903565406799316
agglomerative,0.34,1219,999,0.23170499904961034,0.18362551927566528
agglomerative,0.34,1274,999,0.24215928530697586,0.18021810054779053
agglomerative,0.34,1330,999,0.25280364949629347,0.17617887258529663
agglomerative,0.34,1385,999,0.263257935753659,0.17245250940322876
agglomerative,0.34,1441,999,0.2739022999429766,0.16738665103912354
agglomerative,0.34,1496,999,0.28435658620034215,0.16434228420257568
agglomerative,0.34,1551,999,0.29481087245770765,0.16124063730239868
agglomerative,0.34,1607,999,0.3054552366470253,0.1572636365890503
agglomerative,0.34,1662,999,0.3159095229043908,0.15383392572402954
agglomerative,0.34,1717,999,0.32636380916175634,0.14979785680770874
agglomerative,0.34,1773,999,0.3370081733510739,0.14629524946212769
agglomerative,0.34,1828,999,0.34746245960843947,0.14350247383117676
agglomerative,0.34,1884,999,0.3581068237977571,0.13996726274490356
agglomerative,0.34,1939,999,0.3685611100551226,0.13629913330078125
agglomerative,0.34,1994,999,0.3790153963124881,0.133531391620636
agglomerative,0.34,2050,999,0.38965976050180573,0.1303032636642456
agglomerative,0.34,2105,999,0.4001140467591713,0.12737315893173218
agglomerative,0.34,2160,999,0.4105683330165368,0.12440401315689087
agglomerative,0.34,2216,999,0.4212126972058544,0.12050288915634155
agglomerative,0.34,2271,999,0.4316669834632199,0.11751788854598999
agglomerative,0.34,2326,999,0.44212126972058546,0.11465001106262207
agglomerative,0.34,2382,999,0.45276563390990304,0.1119648814201355
agglomerative,0.34,2437,999,0.4632199201672686,0.109169602394104
agglomerative,0.34,2493,999,0.4738642843565862,0.10622191429138184
agglomerative,0.34,2548,999,0.4843185706139517,0.10317724943161011
agglomerative,0.34,2603,999,0.4947728568713172,0.10010278224945068
agglomerative,0.34,2659,999,0.5054172210606349,0.09711027145385742
agglomerative,0.34,2714,999,0.5158715073180004,0.09375149011611938
agglomerative,0.34,2769,999,0.5263257935753659,0.09072452783584595
agglomerative,0.34,2825,999,0.5369701577646835,0.08808737993240356
agglomerative,0.34,2880,999,0.547424444022049,0.08492666482925415
agglomerative,0.34,2936,999,0.5580688082113666,0.082325279712677
agglomerative,0.34,2991,999,0.5685230944687322,0.07949036359786987
agglomerative,0.34,3046,999,0.5789773807260977,0.0767507553100586
agglomerative,0.34,3102,999,0.5896217449154153,0.07412564754486084
agglomerative,0.34,3157,999,0.6000760311727809,0.07114243507385254
agglomerative,0.34,3212,999,0.6105303174301464,0.06834530830383301
agglomerative,0.34,3268,999,0.621174681619464,0.06537759304046631
agglomerative,0.34,3323,999,0.6316289678768295,0.06254780292510986
agglomerative,0.34,3378,999,0.642083254134195,0.0599326491355896
agglomerative,0.34,3434,999,0.6527276183235127,0.05736351013183594
agglomerative,0.34,3489,999,0.6631819045808781,0.054743289947509766
agglomerative,0.34,3545,999,0.6738262687701958,0.052416086196899414
agglomerative,0.34,3600,999,0.6842805550275614,0.05016237497329712
agglomerative,0.34,3655,999,0.6947348412849268,0.04802781343460083
agglomerative,0.34,3711,999,0.7053792054742445,0.04596734046936035
agglomerative,0.34,3766,999,0.7158334917316099,0.04371440410614014
agglomerative,0.34,3821,999,0.7262877779889755,0.04169732332229614
agglomerative,0.34,3877,999,0.7369321421782931,0.0398176908493042
agglomerative,0.34,3932,999,0.7473864284356586,0.037978172302246094
agglomerative,0.34,3988,999,0.7580307926249762,0.0363537073135376
agglomerative,0.34,4043,999,0.7684850788823417,0.034498751163482666
agglomerative,0.34,4098,999,0.7789393651397073,0.032744526863098145
agglomerative,0.34,4154,999,0.7895837293290249,0.031235575675964355
agglomerative,0.34,4209,999,0.8000380155863904,0.029815077781677246
agglomerative,0.34,4264,999,0.810492301843756,0.02819913625717163
agglomerative,0.34,4320,999,0.8211366660330736,0.026737868785858154
agglomerative,0.34,4375,999,0.8315909522904391,0.025334835052490234
agglomerative,0.34,4430,999,0.8420452385478046,0.02358400821685791
agglomerative,0.34,4486,999,0.8526896027371222,0.022075414657592773
agglomerative,0.34,4541,999,0.8631438889944877,0.020731449127197266
agglomerative,0.34,4597,999,0.8737882531838054,0.019293665885925293
agglomerative,0.34,4652,999,0.8842425394411709,0.017987847328186035
agglomerative,0.34,4707,999,0.8946968256985364,0.01670593023300171
agglomerative,0.34,4763,999,0.9053411898878541,0.015252470970153809
agglomerative,0.34,4818,999,0.9157954761452195,0.01381593942642212
agglomerative,0.34,4873,999,0.926249762402585,0.012337982654571533
agglomerative,0.34,4929,999,0.9368941265919026,0.010680079460144043
agglomerative,0.34,4984,999,0.9473484128492682,0.0090218186378479
agglomerative,0.34,5040,999,0.9579927770385859,0.007241666316986084
agglomerative,0.34,5095,999,0.9684470632959513,0.0052343010902404785
agglomerative,0.34,5150,999,0.9789013495533169,0.0029489994049072266
agglomerative,0.34,5206,999,0.9895457137426344,0.0004094243049621582
agglomerative,0.34,5261,999,1.0,0.0
agglomerative,0.35000000000000003,1,999,0.00019007793195210037,0.5892823934555054
agglomerative,0.35000000000000003,56,999,0.01064436418931762,0.398565411567688
agglomerative,0.35000000000000003,112,999,0.02128872837863524,0.3495197296142578
agglomerative,0.35000000000000003,167,999,0.03174301463600076,0.31960493326187134
agglomerative,0.35000000000000003,222,999,0.04219730089336628,0.3014143705368042
agglomerative,0.35000000000000003,278,999,0.0528416650826839,0.2876780033111572
agglomerative,0.35000000000000003,333,999,0.06329595134004942,0.27823328971862793
agglomerative,0.35000000000000003,389,999,0.07394031552936704,0.269888699054718
agglomerative,0.35000000000000003,444,999,0.08439460178673255,0.2612869143486023
agglomerative,0.35000000000000003,499,999,0.09484888804409808,0.2543866038322449
agglomerative,0.35000000000000003,555,999,0.1054932522334157,0.2477414608001709
agglomerative,0.35000000000000003,610,999,0.11594753849078122,0.2409316897392273
agglomerative,0.35000000000000003,665,999,0.12640182474814673,0.23447614908218384
agglomerative,0.35000000000000003,721,999,0.13704618893746437,0.22738075256347656
agglomerative,0.35000000000000003,776,999,0.14750047519482987,0.22208374738693237
agglomerative,0.35000000000000003,832,999,0.1581448393841475,0.2148059606552124
agglomerative,0.35000000000000003,887,999,0.16859912564151303,0.21081829071044922
agglomerative,0.35000000000000003,942,999,0.17905341189887855,0.20681285858154297
agglomerative,0.35000000000000003,998,999,0.18969777608819616,0.20176661014556885
agglomerative,0.35000000000000003,1053,999,0.20015206234556168,0.19738519191741943
agglomerative,0.35000000000000003,1108,999,0.2106063486029272,0.19374388456344604
agglomerative,0.35000000000000003,1164,999,0.2212507127922448,0.18903565406799316
agglomerative,0.35000000000000003,1219,999,0.23170499904961034,0.1836254596710205
agglomerative,0.35000000000000003,1274,999,0.24215928530697586,0.18021786212921143
agglomerative,0.35000000000000003,1330,999,0.25280364949629347,0.17617875337600708
agglomerative,0.35000000000000003,1385,999,0.263257935753659,0.17245244979858398
agglomerative,0.35000000000000003,1441,999,0.2739022999429766,0.16738653182983398
agglomerative,0.35000000000000003,1496,999,0.28435658620034215,0.16434210538864136
agglomerative,0.35000000000000003,1551,999,0.29481087245770765,0.16124039888381958
agglomerative,0.35000000000000003,1607,999,0.3054552366470253,0.15726357698440552
agglomerative,0.35000000000000003,1662,999,0.3159095229043908,0.15383410453796387
agglomerative,0.35000000000000003,1717,999,0.32636380916175634,0.14979791641235352
agglomerative,0.35000000000000003,1773,999,0.3370081733510739,0.14629590511322021
agglomerative,0.35000000000000003,1828,999,0.34746245960843947,0.14350241422653198
agglomerative,0.35000000000000003,1884,999,0.3581068237977571,0.1399674415588379
agglomerative,0.35000000000000003,1939,999,0.3685611100551226,0.1362990140914917
agglomerative,0.35000000000000003,1994,999,0.3790153963124881,0.1335316300392151
agglomerative,0.35000000000000003,2050,999,0.38965976050180573,0.13030362129211426
agglomerative,0.35000000000000003,2105,999,0.4001140467591713,0.12737363576889038
agglomerative,0.35000000000000003,2160,999,0.4105683330165368,0.12440401315689087
agglomerative,0.35000000000000003,2216,999,0.4212126972058544,0.12050312757492065
agglomerative,0.35000000000000003,2271,999,0.4316669834632199,0.11751818656921387
agglomerative,0.35000000000000003,2326,999,0.44212126972058546,0.11465054750442505
agglomerative,0.35000000000000003,2382,999,0.45276563390990304,0.11196500062942505
agglomerative,0.35000000000000003,2437,999,0.4632199201672686,0.10916978120803833
agglomerative,0.35000000000000003,2493,999,0.4738642843565862,0.10622203350067139
agglomerative,0.35000000000000003,2548,999,0.4843185706139517,0.10317766666412354
agglomerative,0.35000000000000003,2603,999,0.4947728568713172,0.10010284185409546
agglomerative,0.35000000000000003,2659,999,0.5054172210606349,0.0971105694770813
agglomerative,0.35000000000000003,2714,999,0.5158715073180004,0.09375172853469849
agglomerative,0.35000000000000003,2769,999,0.5263257935753659,0.09072482585906982
agglomerative,0.35000000000000003,2825,999,0.5369701577646835,0.08808726072311401
agglomerative,0.35000000000000003,2880,999,0.547424444022049,0.08492696285247803
agglomerative,0.35000000000000003,2936,999,0.5580688082113666,0.08232516050338745
agglomerative,0.35000000000000003,2991,999,0.5685230944687322,0.0794907808303833
agglomerative,0.35000000000000003,3046,999,0.5789773807260977,0.07675081491470337
agglomerative,0.35000000000000003,3102,999,0.5896217449154153,0.07412582635879517
agglomerative,0.35000000000000003,3157,999,0.6000760311727809,0.07114219665527344
agglomerative,0.35000000000000003,3212,999,0.6105303174301464,0.06834518909454346
agglomerative,0.35000000000000003,3268,999,0.621174681619464,0.06537771224975586
agglomerative,0.35000000000000003,3323,999,0.6316289678768295,0.06254780292510986
agglomerative,0.35000000000000003,3378,999,0.642083254134195,0.05993211269378662
agglomerative,0.35000000000000003,3434,999,0.6527276183235127,0.057363152503967285
agglomerative,0.35000000000000003,3489,999,0.6631819045808781,0.05474311113357544
agglomerative,0.35000000000000003,3545,999,0.6738262687701958,0.052415549755096436
agglomerative,0.35000000000000003,3600,999,0.6842805550275614,0.050161898136138916
agglomerative,0.35000000000000003,3655,999,0.6947348412849268,0.04802769422531128
agglomerative,0.35000000000000003,3711,999,0.7053792054742445,0.045967280864715576
agglomerative,0.35000000000000003,3766,999,0.7158334917316099,0.043714284896850586
agglomerative,0.35000000000000003,3821,999,0.7262877779889755,0.04169684648513794
agglomerative,0.35000000000000003,3877,999,0.7369321421782931,0.03981727361679077
agglomerative,0.35000000000000003,3932,999,0.7473864284356586,0.03797793388366699
agglomerative,0.35000000000000003,3988,999,0.7580307926249762,0.03635364770889282
agglomerative,0.35000000000000003,4043,999,0.7684850788823417,0.03449881076812744
agglomerative,0.35000000000000003,4098,999,0.7789393651397073,0.032744407653808594
agglomerative,0.35000000000000003,4154,999,0.7895837293290249,0.031235158443450928
agglomerative,0.35000000000000003,4209,999,0.8000380155863904,0.029815077781677246
agglomerative,0.35000000000000003,4264,999,0.810492301843756,0.028199374675750732
agglomerative,0.35000000000000003,4320,999,0.8211366660330736,0.02673804759979248
agglomerative,0.35000000000000003,4375,999,0.8315909522904391,0.02533477544784546
agglomerative,0.35000000000000003,4430,999,0.8420452385478046,0.023583590984344482
agglomerative,0.35000000000000003,4486,999,0.8526896027371222,0.022075355052947998
agglomerative,0.35000000000000003,4541,999,0.8631438889944877,0.020731210708618164
agglomerative,0.35000000000000003,4597,999,0.8737882531838054,0.019293546676635742
agglomerative,0.35000000000000003,4652,999,0.8842425394411709,0.017987549304962158
agglomerative,0.35000000000000003,4707,999,0.8946968256985364,0.01670593023300171
agglomerative,0.35000000000000003,4763,999,0.9053411898878541,0.015252292156219482
agglomerative,0.35000000000000003,4818,999,0.9157954761452195,0.01381617784500122
agglomerative,0.35000000000000003,4873,999,0.926249762402585,0.012337803840637207
agglomerative,0.35000000000000003,4929,999,0.9368941265919026,0.010680317878723145
agglomerative,0.35000000000000003,4984,999,0.9473484128492682,0.009021759033203125
agglomerative,0.35000000000000003,5040,999,0.9579927770385859,0.007241785526275635
agglomerative,0.35000000000000003,5095,999,0.9684470632959513,0.0052343010902404785
agglomerative,0.35000000000000003,5150,999,0.9789013495533169,0.0029491782188415527
agglomerative,0.35000000000000003,5206,999,0.9895457137426344,0.000409543514251709
agglomerative,0.35000000000000003,5261,999,1.0,0.0
agglomerative,0.36,1,999,0.00019007793195210037,0.5992412567138672
agglomerative,0.36,56,999,0.01064436418931762,0.4067991375923157
agglomerative,0.36,112,999,0.02128872837863524,0.3494575619697571
agglomerative,0.36,167,999,0.03174301463600076,0.31967055797576904
agglomerative,0.36,222,999,0.04219730089336628,0.30090051889419556
agglomerative,0.36,278,999,0.0528416650826839,0.28769952058792114
agglomerative,0.36,333,999,0.06329595134004942,0.2782416343688965
agglomerative,0.36,389,999,0.07394031552936704,0.26979899406433105
agglomerative,0.36,444,999,0.08439460178673255,0.2612869143486023
agglomerative,0.36,499,999,0.09484888804409808,0.254386842250824
agglomerative,0.36,555,999,0.1054932522334157,0.24774158000946045
agglomerative,0.36,610,999,0.11594753849078122,0.24093157052993774
agglomerative,0.36,665,999,0.12640182474814673,0.23447608947753906
agglomerative,0.36,721,999,0.13704618893746437,0.22738057374954224
agglomerative,0.36,776,999,0.14750047519482987,0.22208338975906372
agglomerative,0.36,832,999,0.1581448393841475,0.2148057222366333
agglomerative,0.36,887,999,0.16859912564151303,0.21081805229187012
agglomerative,0.36,942,999,0.17905341189887855,0.2068127989768982
agglomerative,0.36,998,999,0.18969777608819616,0.20176678895950317
agglomerative,0.36,1053,999,0.20015206234556168,0.19738537073135376
agglomerative,0.36,1108,999,0.2106063486029272,0.19374394416809082
agglomerative,0.36,1164,999,0.2212507127922448,0.1890355944633484
agglomerative,0.36,1219,999,0.23170499904961034,0.1836254596710205
agglomerative,0.36,1274,999,0.24215928530697586,0.18021798133850098
agglomerative,0.36,1330,999,0.25280364949629347,0.1761786937713623
agglomerative,0.36,1385,999,0.263257935753659,0.17245250940322876
agglomerative,0.36,1441,999,0.2739022999429766,0.1673867106437683
agglomerative,0.36,1496,999,0.28435658620034215,0.16434228420257568
agglomerative,0.36,1551,999,0.29481087245770765,0.16124045848846436
agglomerative,0.36,1607,999,0.3054552366470253,0.15726375579833984
agglomerative,0.36,1662,999,0.3159095229043908,0.15383440256118774
agglomerative,0.36,1717,999,0.32636380916175634,0.1497982144355774
agglomerative,0.36,1773,999,0.3370081733510739,0.14629608392715454
agglomerative,0.36,1828,999,0.34746245960843947,0.14350301027297974
agglomerative,0.36,1884,999,0.3581068237977571,0.13996726274490356
agglomerative,0.36,1939,999,0.3685611100551226,0.1362992525100708
agglomerative,0.36,1994,999,0.3790153963124881,0.13353151082992554
agglomerative,0.36,2050,999,0.38965976050180573,0.1303037405014038
agglomerative,0.36,2105,999,0.4001140467591713,0.12737375497817993
agglomerative,0.36,2160,999,0.4105683330165368,0.12440437078475952
agglomerative,0.36,2216,999,0.4212126972058544,0.12050312757492065
agglomerative,0.36,2271,999,0.4316669834632199,0.11751812696456909
agglomerative,0.36,2326,999,0.44212126972058546,0.11465060710906982
agglomerative,0.36,2382,999,0.45276563390990304,0.11196482181549072
agglomerative,0.36,2437,999,0.4632199201672686,0.10917001962661743
agglomerative,0.36,2493,999,0.4738642843565862,0.10622239112854004
agglomerative,0.36,2548,999,0.4843185706139517,0.10317736864089966
agglomerative,0.36,2603,999,0.4947728568713172,0.10010313987731934
agglomerative,0.36,2659,999,0.5054172210606349,0.09711015224456787
agglomerative,0.36,2714,999,0.5158715073180004,0.09375119209289551
agglomerative,0.36,2769,999,0.5263257935753659,0.09072405099868774
agglomerative,0.36,2825,999,0.5369701577646835,0.08808696269989014
agglomerative,0.36,2880,999,0.547424444022049,0.08492648601531982
agglomerative,0.36,2936,999,0.5580688082113666,0.08232510089874268
agglomerative,0.36,2991,999,0.5685230944687322,0.07949012517929077
agglomerative,0.36,3046,999,0.5789773807260977,0.0767507553100586
agglomerative,0.36,3102,999,0.5896217449154153,0.07412606477737427
agglomerative,0.36,3157,999,0.6000760311727809,0.07114255428314209
agglomerative,0.36,3212,999,0.6105303174301464,0.06834584474563599
agglomerative,0.36,3268,999,0.621174681619464,0.06537872552871704
agglomerative,0.36,3323,999,0.6316289678768295,0.06254851818084717
agglomerative,0.36,3378,999,0.642083254134195,0.0599328875541687
agglomerative,0.36,3434,999,0.6527276183235127,0.05736374855041504
agglomerative,0.36,3489,999,0.6631819045808781,0.05474370718002319
agglomerative,0.36,3545,999,0.6738262687701958,0.052416324615478516
agglomerative,0.36,3600,999,0.6842805550275614,0.05016213655471802
agglomerative,0.36,3655,999,0.6947348412849268,0.04802769422531128
agglomerative,0.36,3711,999,0.7053792054742445,0.045967161655426025
agglomerative,0.36,3766,999,0.7158334917316099,0.04371422529220581
agglomerative,0.36,3821,999,0.7262877779889755,0.04169696569442749
agglomerative,0.36,3877,999,0.7369321421782931,0.03981751203536987
agglomerative,0.36,3932,999,0.7473864284356586,0.037978172302246094
agglomerative,0.36,3988,999,0.7580307926249762,0.0363539457321167
agglomerative,0.36,4043,999,0.7684850788823417,0.034498751163482666
agglomerative,0.36,4098,999,0.7789393651397073,0.032744526863098145
agglomerative,0.36,4154,999,0.7895837293290249,0.031235456466674805
agglomerative,0.36,4209,999,0.8000380155863904,0.02981513738632202
agglomerative,0.36,4264,999,0.810492301843756,0.028199315071105957
agglomerative,0.36,4320,999,0.8211366660330736,0.02673739194869995
agglomerative,0.36,4375,999,0.8315909522904391,0.02533435821533203
agglomerative,0.36,4430,999,0.8420452385478046,0.023583948612213135
agglomerative,0.36,4486,999,0.8526896027371222,0.022075414657592773
agglomerative,0.36,4541,999,0.8631438889944877,0.020731568336486816
agglomerative,0.36,4597,999,0.8737882531838054,0.019293665885925293
agglomerative,0.36,4652,999,0.8842425394411709,0.017987608909606934
agglomerative,0.36,4707,999,0.8946968256985364,0.016705751419067383
agglomerative,0.36,4763,999,0.9053411898878541,0.015252470970153809
agglomerative,0.36,4818,999,0.9157954761452195,0.013816118240356445
agglomerative,0.36,4873,999,0.926249762402585,0.012337982654571533
agglomerative,0.36,4929,999,0.9368941265919026,0.010680198669433594
agglomerative,0.36,4984,999,0.9473484128492682,0.0090218186378479
agglomerative,0.36,5040,999,0.9579927770385859,0.007241964340209961
agglomerative,0.36,5095,999,0.9684470632959513,0.0052343010902404785
agglomerative,0.36,5150,999,0.9789013495533169,0.0029491186141967773
agglomerative,0.36,5206,999,0.9895457137426344,0.000409543514251709
agglomerative,0.36,5261,999,1.0,0.0
agglomerative,0.37,1,999,0.00019007793195210037,0.611437201499939
agglomerative,0.37,56,999,0.01064436418931762,0.4102581739425659
agglomerative,0.37,112,999,0.02128872837863524,0.35004621744155884
agglomerative,0.37,167,999,0.03174301463600076,0.31953197717666626
agglomerative,0.37,222,999,0.04219730089336628,0.3010665774345398
agglomerative,0.37,278,999,0.0528416650826839,0.287559449672699
agglomerative,0.37,333,999,0.06329595134004942,0.2780154347419739
agglomerative,0.37,389,999,0.07394031552936704,0.2698060870170593
agglomerative,0.37,444,999,0.08439460178673255,0.2612892985343933
agglomerative,0.37,499,999,0.09484888804409808,0.25438839197158813
agglomerative,0.37,555,999,0.1054932522334157,0.24774283170700073
agglomerative,0.37,610,999,0.11594753849078122,0.24054986238479614
agglomerative,0.37,665,999,0.12640182474814673,0.2344760298728943
agglomerative,0.37,721,999,0.13704618893746437,0.22738057374954224
agglomerative,0.37,776,999,0.14750047519482987,0.2220834493637085
agglomerative,0.37,832,999,0.1581448393841475,0.2148057222366333
agglomerative,0.37,887,999,0.16859912564151303,0.21081805229187012
agglomerative,0.37,942,999,0.17905341189887855,0.20681297779083252
agglomerative,0.37,998,999,0.18969777608819616,0.20176684856414795
agglomerative,0.37,1053,999,0.20015206234556168,0.19738543033599854
agglomerative,0.37,1108,999,0.2106063486029272,0.19374394416809082
agglomerative,0.37,1164,999,0.2212507127922448,0.1890355944633484
agglomerative,0.37,1219,999,0.23170499904961034,0.18362551927566528
agglomerative,0.37,1274,999,0.24215928530697586,0.1802179217338562
agglomerative,0.37,1330,999,0.25280364949629347,0.17617875337600708
agglomerative,0.37,1385,999,0.263257935753659,0.17245250940322876
agglomerative,0.37,1441,999,0.2739022999429766,0.1673867106437683
agglomerative,0.37,1496,999,0.28435658620034215,0.16434192657470703
agglomerative,0.37,1551,999,0.29481087245770765,0.1612403392791748
agglomerative,0.37,1607,999,0.3054552366470253,0.1572636365890503
agglomerative,0.37,1662,999,0.3159095229043908,0.15383422374725342
agglomerative,0.37,1717,999,0.32636380916175634,0.1497979760169983
agglomerative,0.37,1773,999,0.3370081733510739,0.14629590511322021
agglomerative,0.37,1828,999,0.34746245960843947,0.14350301027297974
agglomerative,0.37,1884,999,0.3581068237977571,0.1399679183959961
agglomerative,0.37,1939,999,0.3685611100551226,0.1362994909286499
agglomerative,0.37,1994,999,0.3790153963124881,0.13353204727172852
agglomerative,0.37,2050,999,0.38965976050180573,0.13030415773391724
agglomerative,0.37,2105,999,0.4001140467591713,0.12737411260604858
agglomerative,0.37,2160,999,0.4105683330165368,0.12440448999404907
agglomerative,0.37,2216,999,0.4212126972058544,0.12050306797027588
agglomerative,0.37,2271,999,0.4316669834632199,0.1175186038017273
agglomerative,0.37,2326,999,0.44212126972058546,0.11465060710906982
agglomerative,0.37,2382,999,0.45276563390990304,0.11196500062942505
agglomerative,0.37,2437,999,0.4632199201672686,0.10917001962661743
agglomerative,0.37,2493,999,0.4738642843565862,0.10622221231460571
agglomerative,0.37,2548,999,0.4843185706139517,0.10317736864089966
agglomerative,0.37,2603,999,0.4947728568713172,0.10010260343551636
agglomerative,0.37,2659,999,0.5054172210606349,0.097109854221344
agglomerative,0.37,2714,999,0.5158715073180004,0.09375053644180298
agglomerative,0.37,2769,999,0.5263257935753659,0.09072399139404297
agglomerative,0.37,2825,999,0.5369701577646835,0.08808684349060059
agglomerative,0.37,2880,999,0.547424444022049,0.08492618799209595
agglomerative,0.37,2936,999,0.5580688082113666,0.08232468366622925
agglomerative,0.37,2991,999,0.5685230944687322,0.07948988676071167
agglomerative,0.37,3046,999,0.5789773807260977,0.07675027847290039
agglomerative,0.37,3102,999,0.5896217449154153,0.07412528991699219
agglomerative,0.37,3157,999,0.6000760311727809,0.07114171981811523
agglomerative,0.37,3212,999,0.6105303174301464,0.0683450698852539
agglomerative,0.37,3268,999,0.621174681619464,0.06537771224975586
agglomerative,0.37,3323,999,0.6316289678768295,0.06254780292510986
agglomerative,0.37,3378,999,0.642083254134195,0.05993247032165527
agglomerative,0.37,3434,999,0.6527276183235127,0.05736362934112549
agglomerative,0.37,3489,999,0.6631819045808781,0.054743826389312744
agglomerative,0.37,3545,999,0.6738262687701958,0.052416443824768066
agglomerative,0.37,3600,999,0.6842805550275614,0.05016237497329712
agglomerative,0.37,3655,999,0.6947348412849268,0.04802781343460083
agglomerative,0.37,3711,999,0.7053792054742445,0.04596757888793945
agglomerative,0.37,3766,999,0.7158334917316099,0.04371440410614014
agglomerative,0.37,3821,999,0.7262877779889755,0.04169732332229614
agglomerative,0.37,3877,999,0.7369321421782931,0.039817750453948975
agglomerative,0.37,3932,999,0.7473864284356586,0.03797811269760132
agglomerative,0.37,3988,999,0.7580307926249762,0.036353886127471924
agglomerative,0.37,4043,999,0.7684850788823417,0.03449887037277222
agglomerative,0.37,4098,999,0.7789393651397073,0.03274458646774292
agglomerative,0.37,4154,999,0.7895837293290249,0.031235814094543457
agglomerative,0.37,4209,999,0.8000380155863904,0.029815375804901123
agglomerative,0.37,4264,999,0.810492301843756,0.028199374675750732
agglomerative,0.37,4320,999,0.8211366660330736,0.026737749576568604
agglomerative,0.37,4375,999,0.8315909522904391,0.025334537029266357
agglomerative,0.37,4430,999,0.8420452385478046,0.02358412742614746
agglomerative,0.37,4486,999,0.8526896027371222,0.022075653076171875
agglomerative,0.37,4541,999,0.8631438889944877,0.02073150873184204
agglomerative,0.37,4597,999,0.8737882531838054,0.019293785095214844
agglomerative,0.37,4652,999,0.8842425394411709,0.01798790693283081
agglomerative,0.37,4707,999,0.8946968256985364,0.016705989837646484
agglomerative,0.37,4763,999,0.9053411898878541,0.015252530574798584
agglomerative,0.37,4818,999,0.9157954761452195,0.01381593942642212
agglomerative,0.37,4873,999,0.926249762402585,0.012338101863861084
agglomerative,0.37,4929,999,0.9368941265919026,0.010680198669433594
agglomerative,0.37,4984,999,0.9473484128492682,0.009021759033203125
agglomerative,0.37,5040,999,0.9579927770385859,0.007241547107696533
agglomerative,0.37,5095,999,0.9684470632959513,0.00523453950881958
agglomerative,0.37,5150,999,0.9789013495533169,0.0029491186141967773
agglomerative,0.37,5206,999,0.9895457137426344,0.000409543514251709
agglomerative,0.37,5261,999,1.0,0.0
agglomerative,0.38,1,999,0.00019007793195210037,0.6261059045791626
agglomerative,0.38,56,999,0.01064436418931762,0.4098372459411621
agglomerative,0.38,112,999,0.02128872837863524,0.350760817527771
agglomerative,0.38,167,999,0.03174301463600076,0.32008296251296997
agglomerative,0.38,222,999,0.04219730089336628,0.30126941204071045
agglomerative,0.38,278,999,0.0528416650826839,0.287670373916626
agglomerative,0.38,333,999,0.06329595134004942,0.2776145935058594
agglomerative,0.38,389,999,0.07394031552936704,0.2693166732788086
agglomerative,0.38,444,999,0.08439460178673255,0.26136815547943115
agglomerative,0.38,499,999,0.09484888804409808,0.25446760654449463
agglomerative,0.38,555,999,0.1054932522334157,0.24774372577667236
agglomerative,0.38,610,999,0.11594753849078122,0.24055099487304688
agglomerative,0.38,665,999,0.12640182474814673,0.23447614908218384
agglomerative,0.38,721,999,0.13704618893746437,0.2273806929588318
agglomerative,0.38,776,999,0.14750047519482987,0.2220832109451294
agglomerative,0.38,832,999,0.1581448393841475,0.2148057222366333
agglomerative,0.38,887,999,0.16859912564151303,0.21081823110580444
agglomerative,0.38,942,999,0.17905341189887855,0.20681285858154297
agglomerative,0.38,998,999,0.18969777608819616,0.2017669677734375
agglomerative,0.38,1053,999,0.20015206234556168,0.1973854899406433
agglomerative,0.38,1108,999,0.2106063486029272,0.19374406337738037
agglomerative,0.38,1164,999,0.2212507127922448,0.18903571367263794
agglomerative,0.38,1219,999,0.23170499904961034,0.18362563848495483
agglomerative,0.38,1274,999,0.24215928530697586,0.18021786212921143
agglomerative,0.38,1330,999,0.25280364949629347,0.17617839574813843
agglomerative,0.38,1385,999,0.263257935753659,0.17245221138000488
agglomerative,0.38,1441,999,0.2739022999429766,0.1673867106437683
agglomerative,0.38,1496,999,0.28435658620034215,0.1643417477607727
agglomerative,0.38,1551,999,0.29481087245770765,0.16124027967453003
agglomerative,0.38,1607,999,0.3054552366470253,0.15726345777511597
agglomerative,0.38,1662,999,0.3159095229043908,0.1538342833518982
agglomerative,0.38,1717,999,0.32636380916175634,0.14979815483093262
agglomerative,0.38,1773,999,0.3370081733510739,0.14629608392715454
agglomerative,0.38,1828,999,0.34746245960843947,0.14350301027297974
agglomerative,0.38,1884,999,0.3581068237977571,0.13996756076812744
agglomerative,0.38,1939,999,0.3685611100551226,0.1362990140914917
agglomerative,0.38,1994,999,0.3790153963124881,0.13353127241134644
agglomerative,0.38,2050,999,0.38965976050180573,0.13030356168746948
agglomerative,0.38,2105,999,0.4001140467591713,0.12737339735031128
agglomerative,0.38,2160,999,0.4105683330165368,0.1244039535522461
agglomerative,0.38,2216,999,0.4212126972058544,0.12050306797027588
agglomerative,0.38,2271,999,0.4316669834632199,0.11751812696456909
agglomerative,0.38,2326,999,0.44212126972058546,0.11465060710906982
agglomerative,0.38,2382,999,0.45276563390990304,0.11196470260620117
agglomerative,0.38,2437,999,0.4632199201672686,0.10916978120803833
agglomerative,0.38,2493,999,0.4738642843565862,0.10622227191925049
agglomerative,0.38,2548,999,0.4843185706139517,0.10317718982696533
agglomerative,0.38,2603,999,0.4947728568713172,0.10010272264480591
agglomerative,0.38,2659,999,0.5054172210606349,0.09711021184921265
agglomerative,0.38,2714,999,0.5158715073180004,0.09375089406967163
agglomerative,0.38,2769,999,0.5263257935753659,0.09072381258010864
agglomerative,0.38,2825,999,0.5369701577646835,0.08808678388595581
agglomerative,0.38,2880,999,0.547424444022049,0.08492672443389893
agglomerative,0.38,2936,999,0.5580688082113666,0.08232510089874268
agglomerative,0.38,2991,999,0.5685230944687322,0.07949048280715942
agglomerative,0.38,3046,999,0.5789773807260977,0.07675051689147949
agglomerative,0.38,3102,999,0.5896217449154153,0.07412558794021606
agglomerative,0.38,3157,999,0.6000760311727809,0.07114219665527344
agglomerative,0.38,3212,999,0.6105303174301464,0.06834536790847778
agglomerative,0.38,3268,999,0.621174681619464,0.06537818908691406
agglomerative,0.38,3323,999,0.6316289678768295,0.06254804134368896
agglomerative,0.38,3378,999,0.642083254134195,0.0599328875541687
agglomerative,0.38,3434,999,0.6527276183235127,0.05736351013183594
agglomerative,0.38,3489,999,0.6631819045808781,0.054743409156799316
agglomerative,0.38,3545,999,0.6738262687701958,0.052416324615478516
agglomerative,0.38,3600,999,0.6842805550275614,0.05016225576400757
agglomerative,0.38,3655,999,0.6947348412849268,0.048027992248535156
agglomerative,0.38,3711,999,0.7053792054742445,0.04596740007400513
agglomerative,0.38,3766,999,0.7158334917316099,0.04371440410614014
agglomerative,0.38,3821,999,0.7262877779889755,0.041696786880493164
agglomerative,0.38,3877,999,0.7369321421782931,0.03981733322143555
agglomerative,0.38,3932,999,0.7473864284356586,0.037977755069732666
agglomerative,0.38,3988,999,0.7580307926249762,0.036353886127471924
agglomerative,0.38,4043,999,0.7684850788823417,0.03449887037277222
agglomerative,0.38,4098,999,0.7789393651397073,0.03274482488632202
agglomerative,0.38,4154,999,0.7895837293290249,0.031235933303833008
agglomerative,0.38,4209,999,0.8000380155863904,0.029815375804901123
agglomerative,0.38,4264,999,0.810492301843756,0.02819901704788208
agglomerative,0.38,4320,999,0.8211366660330736,0.026737511157989502
agglomerative,0.38,4375,999,0.8315909522904391,0.02533435821533203
agglomerative,0.38,4430,999,0.8420452385478046,0.02358412742614746
agglomerative,0.38,4486,999,0.8526896027371222,0.022075414657592773
agglomerative,0.38,4541,999,0.8631438889944877,0.020731329917907715
agglomerative,0.38,4597,999,0.8737882531838054,0.019293665885925293
agglomerative,0.38,4652,999,0.8842425394411709,0.017987489700317383
agglomerative,0.38,4707,999,0.8946968256985364,0.016705870628356934
agglomerative,0.38,4763,999,0.9053411898878541,0.015252411365509033
agglomerative,0.38,4818,999,0.9157954761452195,0.01381593942642212
agglomerative,0.38,4873,999,0.926249762402585,0.012337982654571533
agglomerative,0.38,4929,999,0.9368941265919026,0.010680198669433594
agglomerative,0.38,4984,999,0.9473484128492682,0.009021878242492676
agglomerative,0.38,5040,999,0.9579927770385859,0.007241964340209961
agglomerative,0.38,5095,999,0.9684470632959513,0.0052343010902404785
agglomerative,0.38,5150,999,0.9789013495533169,0.0029491186141967773
agglomerative,0.38,5206,999,0.9895457137426344,0.0004094243049621582
agglomerative,0.38,5261,999,1.0,0.0
agglomerative,0.39,1,999,0.00019007793195210037,0.6432757377624512
agglomerative,0.39,56,999,0.01064436418931762,0.40861642360687256
agglomerative,0.39,112,999,0.02128872837863524,0.3524932861328125
agglomerative,0.39,167,999,0.03174301463600076,0.31971389055252075
agglomerative,0.39,222,999,0.04219730089336628,0.301246702671051
agglomerative,0.39,278,999,0.0528416650826839,0.2877362370491028
agglomerative,0.39,333,999,0.06329595134004942,0.2776485085487366
agglomerative,0.39,389,999,0.07394031552936704,0.269403874874115
agglomerative,0.39,444,999,0.08439460178673255,0.2610970735549927
agglomerative,0.39,499,999,0.09484888804409808,0.25447380542755127
agglomerative,0.39,555,999,0.1054932522334157,0.24774891138076782
agglomerative,0.39,610,999,0.11594753849078122,0.24049806594848633
agglomerative,0.39,665,999,0.12640182474814673,0.2344772219657898
agglomerative,0.39,721,999,0.13704618893746437,0.22738057374954224
agglomerative,0.39,776,999,0.14750047519482987,0.22208362817764282
agglomerative,0.39,832,999,0.1581448393841475,0.2148057222366333
agglomerative,0.39,887,999,0.16859912564151303,0.21081829071044922
agglomerative,0.39,942,999,0.17905341189887855,0.20681315660476685
agglomerative,0.39,998,999,0.18969777608819616,0.20176702737808228
agglomerative,0.39,1053,999,0.20015206234556168,0.19738560914993286
agglomerative,0.39,1108,999,0.2106063486029272,0.19374430179595947
agglomerative,0.39,1164,999,0.2212507127922448,0.18903589248657227
agglomerative,0.39,1219,999,0.23170499904961034,0.18362581729888916
agglomerative,0.39,1274,999,0.24215928530697586,0.1802181601524353
agglomerative,0.39,1330,999,0.25280364949629347,0.17617875337600708
agglomerative,0.39,1385,999,0.263257935753659,0.17245227098464966
agglomerative,0.39,1441,999,0.2739022999429766,0.16738659143447876
agglomerative,0.39,1496,999,0.28435658620034215,0.1643419861793518
agglomerative,0.39,1551,999,0.29481087245770765,0.16124016046524048
agglomerative,0.39,1607,999,0.3054552366470253,0.15726369619369507
agglomerative,0.39,1662,999,0.3159095229043908,0.15383398532867432
agglomerative,0.39,1717,999,0.32636380916175634,0.14979839324951172
agglomerative,0.39,1773,999,0.3370081733510739,0.14629590511322021
agglomerative,0.39,1828,999,0.34746245960843947,0.14350271224975586
agglomerative,0.39,1884,999,0.3581068237977571,0.13996750116348267
agglomerative,0.39,1939,999,0.3685611100551226,0.1362990140914917
agglomerative,0.39,1994,999,0.3790153963124881,0.1335313320159912
agglomerative,0.39,2050,999,0.38965976050180573,0.13030344247817993
agglomerative,0.39,2105,999,0.4001140467591713,0.12737363576889038
agglomerative,0.39,2160,999,0.4105683330165368,0.1244041919708252
agglomerative,0.39,2216,999,0.4212126972058544,0.120502769947052
agglomerative,0.39,2271,999,0.4316669834632199,0.11751824617385864
agglomerative,0.39,2326,999,0.44212126972058546,0.11465030908584595
agglomerative,0.39,2382,999,0.45276563390990304,0.11196482181549072
agglomerative,0.39,2437,999,0.4632199201672686,0.10916966199874878
agglomerative,0.39,2493,999,0.4738642843565862,0.10622203350067139
agglomerative,0.39,2548,999,0.4843185706139517,0.10317730903625488
agglomerative,0.39,2603,999,0.4947728568713172,0.1001024842262268
agglomerative,0.39,2659,999,0.5054172210606349,0.09710991382598877
agglomerative,0.39,2714,999,0.5158715073180004,0.09375059604644775
agglomerative,0.39,2769,999,0.5263257935753659,0.09072399139404297
agglomerative,0.39,2825,999,0.5369701577646835,0.08808672428131104
agglomerative,0.39,2880,999,0.547424444022049,0.08492642641067505
agglomerative,0.39,2936,999,0.5580688082113666,0.08232486248016357
agglomerative,0.39,2991,999,0.5685230944687322,0.07949048280715942
agglomerative,0.39,3046,999,0.5789773807260977,0.07675081491470337
agglomerative,0.39,3102,999,0.5896217449154153,0.07412558794021606
agglomerative,0.39,3157,999,0.6000760311727809,0.07114189863204956
agglomerative,0.39,3212,999,0.6105303174301464,0.06834554672241211
agglomerative,0.39,3268,999,0.621174681619464,0.06537818908691406
agglomerative,0.39,3323,999,0.6316289678768295,0.06254804134368896
agglomerative,0.39,3378,999,0.642083254134195,0.05993247032165527
agglomerative,0.39,3434,999,0.6527276183235127,0.057363927364349365
agglomerative,0.39,3489,999,0.6631819045808781,0.054744064807891846
agglomerative,0.39,3545,999,0.6738262687701958,0.05241674184799194
agglomerative,0.39,3600,999,0.6842805550275614,0.05016213655471802
agglomerative,0.39,3655,999,0.6947348412849268,0.048027873039245605
agglomerative,0.39,3711,999,0.7053792054742445,0.04596734046936035
agglomerative,0.39,3766,999,0.7158334917316099,0.04371440410614014
agglomerative,0.39,3821,999,0.7262877779889755,0.04169720411300659
agglomerative,0.39,3877,999,0.7369321421782931,0.03981751203536987
agglomerative,0.39,3932,999,0.7473864284356586,0.03797781467437744
agglomerative,0.39,3988,999,0.7580307926249762,0.03635358810424805
agglomerative,0.39,4043,999,0.7684850788823417,0.03449881076812744
agglomerative,0.39,4098,999,0.7789393651397073,0.03274470567703247
agglomerative,0.39,4154,999,0.7895837293290249,0.031235456466674805
agglomerative,0.39,4209,999,0.8000380155863904,0.029815256595611572
agglomerative,0.39,4264,999,0.810492301843756,0.028198957443237305
agglomerative,0.39,4320,999,0.8211366660330736,0.02673739194869995
agglomerative,0.39,4375,999,0.8315909522904391,0.025334537029266357
agglomerative,0.39,4430,999,0.8420452385478046,0.02358400821685791
agglomerative,0.39,4486,999,0.8526896027371222,0.022075414657592773
agglomerative,0.39,4541,999,0.8631438889944877,0.020731449127197266
agglomerative,0.39,4597,999,0.8737882531838054,0.019293487071990967
agglomerative,0.39,4652,999,0.8842425394411709,0.017987728118896484
agglomerative,0.39,4707,999,0.8946968256985364,0.01670593023300171
agglomerative,0.39,4763,999,0.9053411898878541,0.015252232551574707
agglomerative,0.39,4818,999,0.9157954761452195,0.013816118240356445
agglomerative,0.39,4873,999,0.926249762402585,0.012337982654571533
agglomerative,0.39,4929,999,0.9368941265919026,0.010680198669433594
agglomerative,0.39,4984,999,0.9473484128492682,0.009021997451782227
agglomerative,0.39,5040,999,0.9579927770385859,0.007241606712341309
agglomerative,0.39,5095,999,0.9684470632959513,0.005234420299530029
agglomerative,0.39,5150,999,0.9789013495533169,0.0029492974281311035
agglomerative,0.39,5206,999,0.9895457137426344,0.00040966272354125977
agglomerative,0.39,5261,999,1.0,0.0
agglomerative,0.4,1,999,0.00019007793195210037,0.6629395484924316
agglomerative,0.4,56,999,0.01064436418931762,0.418094277381897
agglomerative,0.4,112,999,0.02128872837863524,0.3528279662132263
agglomerative,0.4,167,999,0.03174301463600076,0.3188190460205078
agglomerative,0.4,222,999,0.04219730089336628,0.3003115653991699
agglomerative,0.4,278,999,0.0528416650826839,0.2875053882598877
agglomerative,0.4,333,999,0.06329595134004942,0.27744102478027344
agglomerative,0.4,389,999,0.07394031552936704,0.2693660855293274
agglomerative,0.4,444,999,0.08439460178673255,0.260858952999115
agglomerative,0.4,499,999,0.09484888804409808,0.2543987035751343
agglomerative,0.4,555,999,0.1054932522334157,0.24775105714797974
agglomerative,0.4,610,999,0.11594753849078122,0.24049896001815796
agglomerative,0.4,665,999,0.12640182474814673,0.2344781756401062
agglomerative,0.4,721,999,0.13704618893746437,0.22738057374954224
agglomerative,0.4,776,999,0.14750047519482987,0.22208338975906372
agglomerative,0.4,832,999,0.1581448393841475,0.21480554342269897
agglomerative,0.4,887,999,0.16859912564151303,0.21081793308258057
agglomerative,0.4,942,999,0.17905341189887855,0.20681285858154297
agglomerative,0.4,998,999,0.18969777608819616,0.20176690816879272
agglomerative,0.4,1053,999,0.20015206234556168,0.19738566875457764
agglomerative,0.4,1108,999,0.2106063486029272,0.19374442100524902
agglomerative,0.4,1164,999,0.2212507127922448,0.18903595209121704
agglomerative,0.4,1219,999,0.23170499904961034,0.18362563848495483
agglomerative,0.4,1274,999,0.24215928530697586,0.18021804094314575
agglomerative,0.4,1330,999,0.25280364949629347,0.17617881298065186
agglomerative,0.4,1385,999,0.263257935753659,0.17245227098464966
agglomerative,0.4,1441,999,0.2739022999429766,0.16738641262054443
agglomerative,0.4,1496,999,0.28435658620034215,0.16434204578399658
agglomerative,0.4,1551,999,0.29481087245770765,0.1612401008605957
agglomerative,0.4,1607,999,0.3054552366470253,0.15726381540298462
agglomerative,0.4,1662,999,0.3159095229043908,0.15383440256118774
agglomerative,0.4,1717,999,0.32636380916175634,0.14979833364486694
agglomerative,0.4,1773,999,0.3370081733510739,0.14629584550857544
agglomerative,0.4,1828,999,0.34746245960843947,0.1435028314590454
agglomerative,0.4,1884,999,0.3581068237977571,0.13996738195419312
agglomerative,0.4,1939,999,0.3685611100551226,0.13629883527755737
agglomerative,0.4,1994,999,0.3790153963124881,0.13353097438812256
agglomerative,0.4,2050,999,0.38965976050180573,0.13030314445495605
agglomerative,0.4,2105,999,0.4001140467591713,0.12737321853637695
agglomerative,0.4,2160,999,0.4105683330165368,0.12440371513366699
agglomerative,0.4,2216,999,0.4212126972058544,0.120502769947052
agglomerative,0.4,2271,999,0.4316669834632199,0.11751800775527954
agglomerative,0.4,2326,999,0.44212126972058546,0.11465024948120117
agglomerative,0.4,2382,999,0.45276563390990304,0.11196470260620117
agglomerative,0.4,2437,999,0.4632199201672686,0.10916966199874878
agglomerative,0.4,2493,999,0.4738642843565862,0.10622227191925049
agglomerative,0.4,2548,999,0.4843185706139517,0.10317766666412354
agglomerative,0.4,2603,999,0.4947728568713172,0.10010302066802979
agglomerative,0.4,2659,999,0.5054172210606349,0.0971100926399231
agglomerative,0.4,2714,999,0.5158715073180004,0.09375154972076416
agglomerative,0.4,2769,999,0.5263257935753659,0.09072422981262207
agglomerative,0.4,2825,999,0.5369701577646835,0.08808696269989014
agglomerative,0.4,2880,999,0.547424444022049,0.08492648601531982
agglomerative,0.4,2936,999,0.5580688082113666,0.08232492208480835
agglomerative,0.4,2991,999,0.5685230944687322,0.07948988676071167
agglomerative,0.4,3046,999,0.5789773807260977,0.07675057649612427
agglomerative,0.4,3102,999,0.5896217449154153,0.07412564754486084
agglomerative,0.4,3157,999,0.6000760311727809,0.07114243507385254
agglomerative,0.4,3212,999,0.6105303174301464,0.06834566593170166
agglomerative,0.4,3268,999,0.621174681619464,0.06537872552871704
agglomerative,0.4,3323,999,0.6316289678768295,0.06254863739013672
agglomerative,0.4,3378,999,0.642083254134195,0.059933483600616455
agglomerative,0.4,3434,999,0.6527276183235127,0.05736434459686279
agglomerative,0.4,3489,999,0.6631819045808781,0.05474436283111572
agglomerative,0.4,3545,999,0.6738262687701958,0.052416324615478516
agglomerative,0.4,3600,999,0.6842805550275614,0.05016201734542847
agglomerative,0.4,3655,999,0.6947348412849268,0.048027634620666504
agglomerative,0.4,3711,999,0.7053792054742445,0.04596740007400513
agglomerative,0.4,3766,999,0.7158334917316099,0.043714284896850586
agglomerative,0.4,3821,999,0.7262877779889755,0.041696906089782715
agglomerative,0.4,3877,999,0.7369321421782931,0.03981751203536987
agglomerative,0.4,3932,999,0.7473864284356586,0.03797799348831177
agglomerative,0.4,3988,999,0.7580307926249762,0.0363537073135376
agglomerative,0.4,4043,999,0.7684850788823417,0.034498751163482666
agglomerative,0.4,4098,999,0.7789393651397073,0.032744407653808594
agglomerative,0.4,4154,999,0.7895837293290249,0.031235575675964355
agglomerative,0.4,4209,999,0.8000380155863904,0.029814958572387695
agglomerative,0.4,4264,999,0.810492301843756,0.028199195861816406
agglomerative,0.4,4320,999,0.8211366660330736,0.026737749576568604
agglomerative,0.4,4375,999,0.8315909522904391,0.02533477544784546
agglomerative,0.4,4430,999,0.8420452385478046,0.02358400821685791
agglomerative,0.4,4486,999,0.8526896027371222,0.022075414657592773
agglomerative,0.4,4541,999,0.8631438889944877,0.02073150873184204
agglomerative,0.4,4597,999,0.8737882531838054,0.019293665885925293
agglomerative,0.4,4652,999,0.8842425394411709,0.017987608909606934
agglomerative,0.4,4707,999,0.8946968256985364,0.016706228256225586
agglomerative,0.4,4763,999,0.9053411898878541,0.015252530574798584
agglomerative,0.4,4818,999,0.9157954761452195,0.013816356658935547
agglomerative,0.4,4873,999,0.926249762402585,0.012338101863861084
agglomerative,0.4,4929,999,0.9368941265919026,0.010680317878723145
agglomerative,0.4,4984,999,0.9473484128492682,0.009021878242492676
agglomerative,0.4,5040,999,0.9579927770385859,0.007241666316986084
agglomerative,0.4,5095,999,0.9684470632959513,0.00523453950881958
agglomerative,0.4,5150,999,0.9789013495533169,0.0029491186141967773
agglomerative,0.4,5206,999,0.9895457137426344,0.000409543514251709
agglomerative,0.4,5261,999,1.0,0.0
agglomerative,0.41000000000000003,1,999,0.00019007793195210037,0.6846674084663391
agglomerative,0.41000000000000003,56,999,0.01064436418931762,0.4231465458869934
agglomerative,0.41000000000000003,112,999,0.02128872837863524,0.34718888998031616
agglomerative,0.41000000000000003,167,999,0.03174301463600076,0.31935572624206543
agglomerative,0.41000000000000003,222,999,0.04219730089336628,0.29951512813568115
agglomerative,0.41000000000000003,278,999,0.0528416650826839,0.28754281997680664
agglomerative,0.41000000000000003,333,999,0.06329595134004942,0.27746307849884033
agglomerative,0.41000000000000003,389,999,0.07394031552936704,0.26935458183288574
agglomerative,0.41000000000000003,444,999,0.08439460178673255,0.26081985235214233
agglomerative,0.41000000000000003,499,999,0.09484888804409808,0.25438612699508667
agglomerative,0.41000000000000003,555,999,0.1054932522334157,0.24775844812393188
agglomerative,0.41000000000000003,610,999,0.11594753849078122,0.24050438404083252
agglomerative,0.41000000000000003,665,999,0.12640182474814673,0.23448169231414795
agglomerative,0.41000000000000003,721,999,0.13704618893746437,0.22738361358642578
agglomerative,0.41000000000000003,776,999,0.14750047519482987,0.22208666801452637
agglomerative,0.41000000000000003,832,999,0.1581448393841475,0.2148057222366333
agglomerative,0.41000000000000003,887,999,0.16859912564151303,0.21081793308258057
agglomerative,0.41000000000000003,942,999,0.17905341189887855,0.20681285858154297
agglomerative,0.41000000000000003,998,999,0.18969777608819616,0.2017667293548584
agglomerative,0.41000000000000003,1053,999,0.20015206234556168,0.19738537073135376
agglomerative,0.41000000000000003,1108,999,0.2106063486029272,0.19374406337738037
agglomerative,0.41000000000000003,1164,999,0.2212507127922448,0.18903565406799316
agglomerative,0.41000000000000003,1219,999,0.23170499904961034,0.1836254596710205
agglomerative,0.41000000000000003,1274,999,0.24215928530697586,0.1802179217338562
agglomerative,0.41000000000000003,1330,999,0.25280364949629347,0.17617857456207275
agglomerative,0.41000000000000003,1385,999,0.263257935753659,0.17245233058929443
agglomerative,0.41000000000000003,1441,999,0.2739022999429766,0.16738653182983398
agglomerative,0.41000000000000003,1496,999,0.28435658620034215,0.16434156894683838
agglomerative,0.41000000000000003,1551,999,0.29481087245770765,0.16123998165130615
agglomerative,0.41000000000000003,1607,999,0.3054552366470253,0.15726351737976074
agglomerative,0.41000000000000003,1662,999,0.3159095229043908,0.1538340449333191
agglomerative,0.41000000000000003,1717,999,0.32636380916175634,0.14979767799377441
agglomerative,0.41000000000000003,1773,999,0.3370081733510739,0.14629554748535156
agglomerative,0.41000000000000003,1828,999,0.34746245960843947,0.14350253343582153
agglomerative,0.41000000000000003,1884,999,0.3581068237977571,0.13996738195419312
agglomerative,0.41000000000000003,1939,999,0.3685611100551226,0.13629895448684692
agglomerative,0.41000000000000003,1994,999,0.3790153963124881,0.13353145122528076
agglomerative,0.41000000000000003,2050,999,0.38965976050180573,0.13030368089675903
agglomerative,0.41000000000000003,2105,999,0.4001140467591713,0.12737321853637695
agglomerative,0.41000000000000003,2160,999,0.4105683330165368,0.12440389394760132
agglomerative,0.41000000000000003,2216,999,0.4212126972058544,0.120502769947052
agglomerative,0.41000000000000003,2271,999,0.4316669834632199,0.11751800775527954
agglomerative,0.41000000000000003,2326,999,0.44212126972058546,0.11465007066726685
agglomerative,0.41000000000000003,2382,999,0.45276563390990304,0.11196476221084595
agglomerative,0.41000000000000003,2437,999,0.4632199201672686,0.10916954278945923
agglomerative,0.41000000000000003,2493,999,0.4738642843565862,0.10622191429138184
agglomerative,0.41000000000000003,2548,999,0.4843185706139517,0.10317713022232056
agglomerative,0.41000000000000003,2603,999,0.4947728568713172,0.10010242462158203
agglomerative,0.41000000000000003,2659,999,0.5054172210606349,0.09710967540740967
agglomerative,0.41000000000000003,2714,999,0.5158715073180004,0.0937507152557373
agglomerative,0.41000000000000003,2769,999,0.5263257935753659,0.09072369337081909
agglomerative,0.41000000000000003,2825,999,0.5369701577646835,0.08808660507202148
agglomerative,0.41000000000000003,2880,999,0.547424444022049,0.08492636680603027
agglomerative,0.41000000000000003,2936,999,0.5580688082113666,0.08232474327087402
agglomerative,0.41000000000000003,2991,999,0.5685230944687322,0.0794898271560669
agglomerative,0.41000000000000003,3046,999,0.5789773807260977,0.07675027847290039
agglomerative,0.41000000000000003,3102,999,0.5896217449154153,0.07412517070770264
agglomerative,0.41000000000000003,3157,999,0.6000760311727809,0.07114154100418091
agglomerative,0.41000000000000003,3212,999,0.6105303174301464,0.06834489107131958
agglomerative,0.41000000000000003,3268,999,0.621174681619464,0.06537753343582153
agglomerative,0.41000000000000003,3323,999,0.6316289678768295,0.06254768371582031
agglomerative,0.41000000000000003,3378,999,0.642083254134195,0.0599326491355896
agglomerative,0.41000000000000003,3434,999,0.6527276183235127,0.05736351013183594
agglomerative,0.41000000000000003,3489,999,0.6631819045808781,0.054743289947509766
agglomerative,0.41000000000000003,3545,999,0.6738262687701958,0.05241596698760986
agglomerative,0.41000000000000003,3600,999,0.6842805550275614,0.05016213655471802
agglomerative,0.41000000000000003,3655,999,0.6947348412849268,0.04802751541137695
agglomerative,0.41000000000000003,3711,999,0.7053792054742445,0.04596740007400513
agglomerative,0.41000000000000003,3766,999,0.7158334917316099,0.04371422529220581
agglomerative,0.41000000000000003,3821,999,0.7262877779889755,0.041697025299072266
agglomerative,0.41000000000000003,3877,999,0.7369321421782931,0.03981733322143555
agglomerative,0.41000000000000003,3932,999,0.7473864284356586,0.03797799348831177
agglomerative,0.41000000000000003,3988,999,0.7580307926249762,0.0363537073135376
agglomerative,0.41000000000000003,4043,999,0.7684850788823417,0.03449887037277222
agglomerative,0.41000000000000003,4098,999,0.7789393651397073,0.03274494409561157
agglomerative,0.41000000000000003,4154,999,0.7895837293290249,0.03123605251312256
agglomerative,0.41000000000000003,4209,999,0.8000380155863904,0.029815256595611572
agglomerative,0.41000000000000003,4264,999,0.810492301843756,0.02819901704788208
agglomerative,0.41000000000000003,4320,999,0.8211366660330736,0.02673804759979248
agglomerative,0.41000000000000003,4375,999,0.8315909522904391,0.025335073471069336
agglomerative,0.41000000000000003,4430,999,0.8420452385478046,0.023584425449371338
agglomerative,0.41000000000000003,4486,999,0.8526896027371222,0.022075533866882324
agglomerative,0.41000000000000003,4541,999,0.8631438889944877,0.02073150873184204
agglomerative,0.41000000000000003,4597,999,0.8737882531838054,0.019293785095214844
agglomerative,0.41000000000000003,4652,999,0.8842425394411709,0.01798766851425171
agglomerative,0.41000000000000003,4707,999,0.8946968256985364,0.016705989837646484
agglomerative,0.41000000000000003,4763,999,0.9053411898878541,0.015252530574798584
agglomerative,0.41000000000000003,4818,999,0.9157954761452195,0.013816297054290771
agglomerative,0.41000000000000003,4873,999,0.926249762402585,0.01233828067779541
agglomerative,0.41000000000000003,4929,999,0.9368941265919026,0.010680437088012695
agglomerative,0.41000000000000003,4984,999,0.9473484128492682,0.009021937847137451
agglomerative,0.41000000000000003,5040,999,0.9579927770385859,0.007241666316986084
agglomerative,0.41000000000000003,5095,999,0.9684470632959513,0.0052343010902404785
agglomerative,0.41000000000000003,5150,999,0.9789013495533169,0.0029491782188415527
agglomerative,0.41000000000000003,5206,999,0.9895457137426344,0.000409543514251709
agglomerative,0.41000000000000003,5261,999,1.0,0.0
agglomerative,0.42,1,999,0.00019007793195210037,0.7082308530807495
agglomerative,0.42,56,999,0.01064436418931762,0.43555957078933716
agglomerative,0.42,112,999,0.02128872837863524,0.34734368324279785
agglomerative,0.42,167,999,0.03174301463600076,0.31625401973724365
agglomerative,0.42,222,999,0.04219730089336628,0.2994629144668579
agglomerative,0.42,278,999,0.0528416650826839,0.2869112491607666
agglomerative,0.42,333,999,0.06329595134004942,0.2780776023864746
agglomerative,0.42,389,999,0.07394031552936704,0.26934200525283813
agglomerative,0.42,444,999,0.08439460178673255,0.26060378551483154
agglomerative,0.42,499,999,0.09484888804409808,0.2541578412055969
agglomerative,0.42,555,999,0.1054932522334157,0.24771058559417725
agglomerative,0.42,610,999,0.11594753849078122,0.24054992198944092
agglomerative,0.42,665,999,0.12640182474814673,0.2340865135192871
agglomerative,0.42,721,999,0.13704618893746437,0.22746378183364868
agglomerative,0.42,776,999,0.14750047519482987,0.22179675102233887
agglomerative,0.42,832,999,0.1581448393841475,0.2148888111114502
agglomerative,0.42,887,999,0.16859912564151303,0.21084153652191162
agglomerative,0.42,942,999,0.17905341189887855,0.20665240287780762
agglomerative,0.42,998,999,0.18969777608819616,0.20176684856414795
agglomerative,0.42,1053,999,0.20015206234556168,0.1973852515220642
agglomerative,0.42,1108,999,0.2106063486029272,0.1937440037727356
agglomerative,0.42,1164,999,0.2212507127922448,0.18903571367263794
agglomerative,0.42,1219,999,0.23170499904961034,0.18362575769424438
agglomerative,0.42,1274,999,0.24215928530697586,0.1802181601524353
agglomerative,0.42,1330,999,0.25280364949629347,0.1761789321899414
agglomerative,0.42,1385,999,0.263257935753659,0.17245244979858398
agglomerative,0.42,1441,999,0.2739022999429766,0.1673867106437683
agglomerative,0.42,1496,999,0.28435658620034215,0.1643422245979309
agglomerative,0.42,1551,999,0.29481087245770765,0.1612403392791748
agglomerative,0.42,1607,999,0.3054552366470253,0.15726375579833984
agglomerative,0.42,1662,999,0.3159095229043908,0.15383416414260864
agglomerative,0.42,1717,999,0.32636380916175634,0.14979785680770874
agglomerative,0.42,1773,999,0.3370081733510739,0.1462957262992859
agglomerative,0.42,1828,999,0.34746245960843947,0.14350265264511108
agglomerative,0.42,1884,999,0.3581068237977571,0.13996762037277222
agglomerative,0.42,1939,999,0.3685611100551226,0.13629913330078125
agglomerative,0.42,1994,999,0.3790153963124881,0.13353145122528076
agglomerative,0.42,2050,999,0.38965976050180573,0.13030320405960083
agglomerative,0.42,2105,999,0.4001140467591713,0.12737339735031128
agglomerative,0.42,2160,999,0.4105683330165368,0.12440353631973267
agglomerative,0.42,2216,999,0.4212126972058544,0.1205025315284729
agglomerative,0.42,2271,999,0.4316669834632199,0.11751741170883179
agglomerative,0.42,2326,999,0.44212126972058546,0.11465001106262207
agglomerative,0.42,2382,999,0.45276563390990304,0.11196458339691162
agglomerative,0.42,2437,999,0.4632199201672686,0.10916954278945923
agglomerative,0.42,2493,999,0.4738642843565862,0.10622209310531616
agglomerative,0.42,2548,999,0.4843185706139517,0.10317754745483398
agglomerative,0.42,2603,999,0.4947728568713172,0.10010272264480591
agglomerative,0.42,2659,999,0.5054172210606349,0.09711021184921265
agglomerative,0.42,2714,999,0.5158715073180004,0.09375143051147461
agglomerative,0.42,2769,999,0.5263257935753659,0.09072411060333252
agglomerative,0.42,2825,999,0.5369701577646835,0.08808708190917969
agglomerative,0.42,2880,999,0.547424444022049,0.08492708206176758
agglomerative,0.42,2936,999,0.5580688082113666,0.0823255181312561
agglomerative,0.42,2991,999,0.5685230944687322,0.0794905424118042
agglomerative,0.42,3046,999,0.5789773807260977,0.0767507553100586
agglomerative,0.42,3102,999,0.5896217449154153,0.07412582635879517
agglomerative,0.42,3157,999,0.6000760311727809,0.07114219665527344
agglomerative,0.42,3212,999,0.6105303174301464,0.06834554672241211
agglomerative,0.42,3268,999,0.621174681619464,0.06537806987762451
agglomerative,0.42,3323,999,0.6316289678768295,0.06254768371582031
agglomerative,0.42,3378,999,0.642083254134195,0.05993229150772095
agglomerative,0.42,3434,999,0.6527276183235127,0.05736362934112549
agglomerative,0.42,3489,999,0.6631819045808781,0.054743945598602295
agglomerative,0.42,3545,999,0.6738262687701958,0.052416205406188965
agglomerative,0.42,3600,999,0.6842805550275614,0.05016213655471802
agglomerative,0.42,3655,999,0.6947348412849268,0.0480273962020874
agglomerative,0.42,3711,999,0.7053792054742445,0.045967042446136475
agglomerative,0.42,3766,999,0.7158334917316099,0.043714165687561035
agglomerative,0.42,3821,999,0.7262877779889755,0.041697025299072266
agglomerative,0.42,3877,999,0.7369321421782931,0.0398174524307251
agglomerative,0.42,3932,999,0.7473864284356586,0.03797769546508789
agglomerative,0.42,3988,999,0.7580307926249762,0.03635358810424805
agglomerative,0.42,4043,999,0.7684850788823417,0.03449881076812744
agglomerative,0.42,4098,999,0.7789393651397073,0.032744765281677246
agglomerative,0.42,4154,999,0.7895837293290249,0.031235456466674805
agglomerative,0.42,4209,999,0.8000380155863904,0.029815077781677246
agglomerative,0.42,4264,999,0.810492301843756,0.028198838233947754
agglomerative,0.42,4320,999,0.8211366660330736,0.026737570762634277
agglomerative,0.42,4375,999,0.8315909522904391,0.025334656238555908
agglomerative,0.42,4430,999,0.8420452385478046,0.02358400821685791
agglomerative,0.42,4486,999,0.8526896027371222,0.022075355052947998
agglomerative,0.42,4541,999,0.8631438889944877,0.020731568336486816
agglomerative,0.42,4597,999,0.8737882531838054,0.019293487071990967
agglomerative,0.42,4652,999,0.8842425394411709,0.017987608909606934
agglomerative,0.42,4707,999,0.8946968256985364,0.016705989837646484
agglomerative,0.42,4763,999,0.9053411898878541,0.015252232551574707
agglomerative,0.42,4818,999,0.9157954761452195,0.01381593942642212
agglomerative,0.42,4873,999,0.926249762402585,0.012337982654571533
agglomerative,0.42,4929,999,0.9368941265919026,0.010680079460144043
agglomerative,0.42,4984,999,0.9473484128492682,0.009021878242492676
agglomerative,0.42,5040,999,0.9579927770385859,0.007241606712341309
agglomerative,0.42,5095,999,0.9684470632959513,0.0052343010902404785
agglomerative,0.42,5150,999,0.9789013495533169,0.0029489994049072266
agglomerative,0.42,5206,999,0.9895457137426344,0.00040966272354125977
agglomerative,0.42,5261,999,1.0,0.0
agglomerative,0.43,1,999,0.00019007793195210037,0.7331050634384155
agglomerative,0.43,56,999,0.01064436418931762,0.4414204955101013
agglomerative,0.43,112,999,0.02128872837863524,0.3540983200073242
agglomerative,0.43,167,999,0.03174301463600076,0.3175699710845947
agglomerative,0.43,222,999,0.04219730089336628,0.29985344409942627
agglomerative,0.43,278,999,0.0528416650826839,0.28708416223526
agglomerative,0.43,333,999,0.06329595134004942,0.27770477533340454
agglomerative,0.43,389,999,0.07394031552936704,0.2693532705307007
agglomerative,0.43,444,999,0.08439460178673255,0.2602863311767578
agglomerative,0.43,499,999,0.09484888804409808,0.25423216819763184
agglomerative,0.43,555,999,0.1054932522334157,0.24777311086654663
agglomerative,0.43,610,999,0.11594753849078122,0.24058932065963745
agglomerative,0.43,665,999,0.12640182474814673,0.23410671949386597
agglomerative,0.43,721,999,0.13704618893746437,0.22744762897491455
agglomerative,0.43,776,999,0.14750047519482987,0.22181099653244019
agglomerative,0.43,832,999,0.1581448393841475,0.21485507488250732
agglomerative,0.43,887,999,0.16859912564151303,0.21084409952163696
agglomerative,0.43,942,999,0.17905341189887855,0.20665264129638672
agglomerative,0.43,998,999,0.18969777608819616,0.20176684856414795
agglomerative,0.43,1053,999,0.20015206234556168,0.19738554954528809
agglomerative,0.43,1108,999,0.2106063486029272,0.19374430179595947
agglomerative,0.43,1164,999,0.2212507127922448,0.18903595209121704
agglomerative,0.43,1219,999,0.23170499904961034,0.18362587690353394
agglomerative,0.43,1274,999,0.24215928530697586,0.1802181601524353
agglomerative,0.43,1330,999,0.25280364949629347,0.17617905139923096
agglomerative,0.43,1385,999,0.263257935753659,0.1724526286125183
agglomerative,0.43,1441,999,0.2739022999429766,0.1673867106437683
agglomerative,0.43,1496,999,0.28435658620034215,0.16434210538864136
agglomerative,0.43,1551,999,0.29481087245770765,0.16124039888381958
agglomerative,0.43,1607,999,0.3054552366470253,0.1572636365890503
agglomerative,0.43,1662,999,0.3159095229043908,0.1538340449333191
agglomerative,0.43,1717,999,0.32636380916175634,0.14979761838912964
agglomerative,0.43,1773,999,0.3370081733510739,0.14629513025283813
agglomerative,0.43,1828,999,0.34746245960843947,0.1435021162033081
agglomerative,0.43,1884,999,0.3581068237977571,0.13996708393096924
agglomerative,0.43,1939,999,0.3685611100551226,0.13629859685897827
agglomerative,0.43,1994,999,0.3790153963124881,0.13353121280670166
agglomerative,0.43,2050,999,0.38965976050180573,0.13030308485031128
agglomerative,0.43,2105,999,0.4001140467591713,0.12737351655960083
agglomerative,0.43,2160,999,0.4105683330165368,0.1244039535522461
agglomerative,0.43,2216,999,0.4212126972058544,0.12050271034240723
agglomerative,0.43,2271,999,0.4316669834632199,0.11751788854598999
agglomerative,0.43,2326,999,0.44212126972058546,0.11465030908584595
agglomerative,0.43,2382,999,0.45276563390990304,0.1119646430015564
agglomerative,0.43,2437,999,0.4632199201672686,0.10916966199874878
agglomerative,0.43,2493,999,0.4738642843565862,0.10622191429138184
agglomerative,0.43,2548,999,0.4843185706139517,0.10317724943161011
agglomerative,0.43,2603,999,0.4947728568713172,0.10010236501693726
agglomerative,0.43,2659,999,0.5054172210606349,0.09711015224456787
agglomerative,0.43,2714,999,0.5158715073180004,0.0937507152557373
agglomerative,0.43,2769,999,0.5263257935753659,0.09072399139404297
agglomerative,0.43,2825,999,0.5369701577646835,0.08808696269989014
agglomerative,0.43,2880,999,0.547424444022049,0.08492642641067505
agglomerative,0.43,2936,999,0.5580688082113666,0.08232486248016357
agglomerative,0.43,2991,999,0.5685230944687322,0.079490065574646
agglomerative,0.43,3046,999,0.5789773807260977,0.07675051689147949
agglomerative,0.43,3102,999,0.5896217449154153,0.07412546873092651
agglomerative,0.43,3157,999,0.6000760311727809,0.07114189863204956
agglomerative,0.43,3212,999,0.6105303174301464,0.06834536790847778
agglomerative,0.43,3268,999,0.621174681619464,0.06537806987762451
agglomerative,0.43,3323,999,0.6316289678768295,0.06254804134368896
agglomerative,0.43,3378,999,0.642083254134195,0.05993294715881348
agglomerative,0.43,3434,999,0.6527276183235127,0.057363808155059814
agglomerative,0.43,3489,999,0.6631819045808781,0.054744064807891846
agglomerative,0.43,3545,999,0.6738262687701958,0.05241674184799194
agglomerative,0.43,3600,999,0.6842805550275614,0.05016249418258667
agglomerative,0.43,3655,999,0.6947348412849268,0.04802751541137695
agglomerative,0.43,3711,999,0.7053792054742445,0.04596710205078125
agglomerative,0.43,3766,999,0.7158334917316099,0.04371440410614014
agglomerative,0.43,3821,999,0.7262877779889755,0.04169708490371704
agglomerative,0.43,3877,999,0.7369321421782931,0.03981727361679077
agglomerative,0.43,3932,999,0.7473864284356586,0.03797781467437744
agglomerative,0.43,3988,999,0.7580307926249762,0.0363537073135376
agglomerative,0.43,4043,999,0.7684850788823417,0.03449881076812744
agglomerative,0.43,4098,999,0.7789393651397073,0.032744765281677246
agglomerative,0.43,4154,999,0.7895837293290249,0.031235814094543457
agglomerative,0.43,4209,999,0.8000380155863904,0.029815316200256348
agglomerative,0.43,4264,999,0.810492301843756,0.028199374675750732
agglomerative,0.43,4320,999,0.8211366660330736,0.026737987995147705
agglomerative,0.43,4375,999,0.8315909522904391,0.025334835052490234
agglomerative,0.43,4430,999,0.8420452385478046,0.02358412742614746
agglomerative,0.43,4486,999,0.8526896027371222,0.022075235843658447
agglomerative,0.43,4541,999,0.8631438889944877,0.020731329917907715
agglomerative,0.43,4597,999,0.8737882531838054,0.019293606281280518
agglomerative,0.43,4652,999,0.8842425394411709,0.01798766851425171
agglomerative,0.43,4707,999,0.8946968256985364,0.01670593023300171
agglomerative,0.43,4763,999,0.9053411898878541,0.01525205373764038
agglomerative,0.43,4818,999,0.9157954761452195,0.013815760612487793
agglomerative,0.43,4873,999,0.926249762402585,0.012337803840637207
agglomerative,0.43,4929,999,0.9368941265919026,0.010680079460144043
agglomerative,0.43,4984,999,0.9473484128492682,0.009021639823913574
agglomerative,0.43,5040,999,0.9579927770385859,0.007241606712341309
agglomerative,0.43,5095,999,0.9684470632959513,0.0052343010902404785
agglomerative,0.43,5150,999,0.9789013495533169,0.0029489994049072266
agglomerative,0.43,5206,999,0.9895457137426344,0.0004094243049621582
agglomerative,0.43,5261,999,1.0,0.0
agglomerative,0.44,1,999,0.00019007793195210037,0.7585384845733643
agglomerative,0.44,56,999,0.01064436418931762,0.44841164350509644
agglomerative,0.44,112,999,0.02128872837863524,0.35453975200653076
agglomerative,0.44,167,999,0.03174301463600076,0.3185043931007385
agglomerative,0.44,222,999,0.04219730089336628,0.3000401258468628
agglomerative,0.44,278,999,0.0528416650826839,0.28746145963668823
agglomerative,0.44,333,999,0.06329595134004942,0.2777836322784424
agglomerative,0.44,389,999,0.07394031552936704,0.2679405212402344
agglomerative,0.44,444,999,0.08439460178673255,0.25992536544799805
agglomerative,0.44,499,999,0.09484888804409808,0.2540765404701233
agglomerative,0.44,555,999,0.1054932522334157,0.24755191802978516
agglomerative,0.44,610,999,0.11594753849078122,0.24034225940704346
agglomerative,0.44,665,999,0.12640182474814673,0.23406988382339478
agglomerative,0.44,721,999,0.13704618893746437,0.22741085290908813
agglomerative,0.44,776,999,0.14750047519482987,0.2218395471572876
agglomerative,0.44,832,999,0.1581448393841475,0.2148371934890747
agglomerative,0.44,887,999,0.16859912564151303,0.21084755659103394
agglomerative,0.44,942,999,0.17905341189887855,0.20665359497070312
agglomerative,0.44,998,999,0.18969777608819616,0.20176678895950317
agglomerative,0.44,1053,999,0.20015206234556168,0.1973854899406433
agglomerative,0.44,1108,999,0.2106063486029272,0.19374418258666992
agglomerative,0.44,1164,999,0.2212507127922448,0.18903595209121704
agglomerative,0.44,1219,999,0.23170499904961034,0.18362581729888916
agglomerative,0.44,1274,999,0.24215928530697586,0.18021821975708008
agglomerative,0.44,1330,999,0.25280364949629347,0.17617905139923096
agglomerative,0.44,1385,999,0.263257935753659,0.17245268821716309
agglomerative,0.44,1441,999,0.2739022999429766,0.1673867106437683
agglomerative,0.44,1496,999,0.28435658620034215,0.16434252262115479
agglomerative,0.44,1551,999,0.29481087245770765,0.16124063730239868
agglomerative,0.44,1607,999,0.3054552366470253,0.15726399421691895
agglomerative,0.44,1662,999,0.3159095229043908,0.1538342833518982
agglomerative,0.44,1717,999,0.32636380916175634,0.14979815483093262
agglomerative,0.44,1773,999,0.3370081733510739,0.14629608392715454
agglomerative,0.44,1828,999,0.34746245960843947,0.1435030698776245
agglomerative,0.44,1884,999,0.3581068237977571,0.1399679183959961
agglomerative,0.44,1939,999,0.3685611100551226,0.1362992525100708
agglomerative,0.44,1994,999,0.3790153963124881,0.13353174924850464
agglomerative,0.44,2050,999,0.38965976050180573,0.1303035020828247
agglomerative,0.44,2105,999,0.4001140467591713,0.12737339735031128
agglomerative,0.44,2160,999,0.4105683330165368,0.12440431118011475
agglomerative,0.44,2216,999,0.4212126972058544,0.12050306797027588
agglomerative,0.44,2271,999,0.4316669834632199,0.11751830577850342
agglomerative,0.44,2326,999,0.44212126972058546,0.11465054750442505
agglomerative,0.44,2382,999,0.45276563390990304,0.11196506023406982
agglomerative,0.44,2437,999,0.4632199201672686,0.10916966199874878
agglomerative,0.44,2493,999,0.4738642843565862,0.10622233152389526
agglomerative,0.44,2548,999,0.4843185706139517,0.10317772626876831
agglomerative,0.44,2603,999,0.4947728568713172,0.10010296106338501
agglomerative,0.44,2659,999,0.5054172210606349,0.09711027145385742
agglomerative,0.44,2714,999,0.5158715073180004,0.09375125169754028
agglomerative,0.44,2769,999,0.5263257935753659,0.09072452783584595
agglomerative,0.44,2825,999,0.5369701577646835,0.08808720111846924
agglomerative,0.44,2880,999,0.547424444022049,0.08492708206176758
agglomerative,0.44,2936,999,0.5580688082113666,0.08232539892196655
agglomerative,0.44,2991,999,0.5685230944687322,0.07949072122573853
agglomerative,0.44,3046,999,0.5789773807260977,0.0767507553100586
agglomerative,0.44,3102,999,0.5896217449154153,0.07412582635879517
agglomerative,0.44,3157,999,0.6000760311727809,0.07114255428314209
agglomerative,0.44,3212,999,0.6105303174301464,0.06834590435028076
agglomerative,0.44,3268,999,0.621174681619464,0.06537854671478271
agglomerative,0.44,3323,999,0.6316289678768295,0.06254833936691284
agglomerative,0.44,3378,999,0.642083254134195,0.0599326491355896
agglomerative,0.44,3434,999,0.6527276183235127,0.05736374855041504
agglomerative,0.44,3489,999,0.6631819045808781,0.05474370718002319
agglomerative,0.44,3545,999,0.6738262687701958,0.052416086196899414
agglomerative,0.44,3600,999,0.6842805550275614,0.05016201734542847
agglomerative,0.44,3655,999,0.6947348412849268,0.04802751541137695
agglomerative,0.44,3711,999,0.7053792054742445,0.045967161655426025
agglomerative,0.44,3766,999,0.7158334917316099,0.04371410608291626
agglomerative,0.44,3821,999,0.7262877779889755,0.04169684648513794
agglomerative,0.44,3877,999,0.7369321421782931,0.03981733322143555
agglomerative,0.44,3932,999,0.7473864284356586,0.03797793388366699
agglomerative,0.44,3988,999,0.7580307926249762,0.03635358810424805
agglomerative,0.44,4043,999,0.7684850788823417,0.034498751163482666
agglomerative,0.44,4098,999,0.7789393651397073,0.03274458646774292
agglomerative,0.44,4154,999,0.7895837293290249,0.031235814094543457
agglomerative,0.44,4209,999,0.8000380155863904,0.029815375804901123
agglomerative,0.44,4264,999,0.810492301843756,0.028198957443237305
agglomerative,0.44,4320,999,0.8211366660330736,0.026737689971923828
agglomerative,0.44,4375,999,0.8315909522904391,0.025334537029266357
agglomerative,0.44,4430,999,0.8420452385478046,0.023584425449371338
agglomerative,0.44,4486,999,0.8526896027371222,0.022075533866882324
agglomerative,0.44,4541,999,0.8631438889944877,0.02073138952255249
agglomerative,0.44,4597,999,0.8737882531838054,0.019293367862701416
agglomerative,0.44,4652,999,0.8842425394411709,0.017987370491027832
agglomerative,0.44,4707,999,0.8946968256985364,0.016705870628356934
agglomerative,0.44,4763,999,0.9053411898878541,0.015252411365509033
agglomerative,0.44,4818,999,0.9157954761452195,0.013816297054290771
agglomerative,0.44,4873,999,0.926249762402585,0.012338101863861084
agglomerative,0.44,4929,999,0.9368941265919026,0.010680079460144043
agglomerative,0.44,4984,999,0.9473484128492682,0.009021759033203125
agglomerative,0.44,5040,999,0.9579927770385859,0.007241666316986084
agglomerative,0.44,5095,999,0.9684470632959513,0.005234420299530029
agglomerative,0.44,5150,999,0.9789013495533169,0.0029489994049072266
agglomerative,0.44,5206,999,0.9895457137426344,0.0004094243049621582
agglomerative,0.44,5261,999,1.0,0.0
agglomerative,0.45,1,999,0.00019007793195210037,0.7839040756225586
agglomerative,0.45,56,999,0.01064436418931762,0.4508326053619385
agglomerative,0.45,112,999,0.02128872837863524,0.3606482744216919
agglomerative,0.45,167,999,0.03174301463600076,0.3204278349876404
agglomerative,0.45,222,999,0.04219730089336628,0.30017024278640747
agglomerative,0.45,278,999,0.0528416650826839,0.28704822063446045
agglomerative,0.45,333,999,0.06329595134004942,0.27749550342559814
agglomerative,0.45,389,999,0.07394031552936704,0.2675149440765381
agglomerative,0.45,444,999,0.08439460178673255,0.25990235805511475
agglomerative,0.45,499,999,0.09484888804409808,0.2538633346557617
agglomerative,0.45,555,999,0.1054932522334157,0.24740493297576904
agglomerative,0.45,610,999,0.11594753849078122,0.2404196858406067
agglomerative,0.45,665,999,0.12640182474814673,0.2337557077407837
agglomerative,0.45,721,999,0.13704618893746437,0.22704839706420898
agglomerative,0.45,776,999,0.14750047519482987,0.22184628248214722
agglomerative,0.45,832,999,0.1581448393841475,0.21484214067459106
agglomerative,0.45,887,999,0.16859912564151303,0.21066081523895264
agglomerative,0.45,942,999,0.17905341189887855,0.20665466785430908
agglomerative,0.45,998,999,0.18969777608819616,0.20176780223846436
agglomerative,0.45,1053,999,0.20015206234556168,0.19738620519638062
agglomerative,0.45,1108,999,0.2106063486029272,0.1937440037727356
agglomerative,0.45,1164,999,0.2212507127922448,0.1890358328819275
agglomerative,0.45,1219,999,0.23170499904961034,0.1836256980895996
agglomerative,0.45,1274,999,0.24215928530697586,0.1802179217338562
agglomerative,0.45,1330,999,0.25280364949629347,0.17617881298065186
agglomerative,0.45,1385,999,0.263257935753659,0.17245244979858398
agglomerative,0.45,1441,999,0.2739022999429766,0.16738665103912354
agglomerative,0.45,1496,999,0.28435658620034215,0.16434180736541748
agglomerative,0.45,1551,999,0.29481087245770765,0.1612403392791748
agglomerative,0.45,1607,999,0.3054552366470253,0.15726369619369507
agglomerative,0.45,1662,999,0.3159095229043908,0.1538340449333191
agglomerative,0.45,1717,999,0.32636380916175634,0.1497979760169983
agglomerative,0.45,1773,999,0.3370081733510739,0.1462956666946411
agglomerative,0.45,1828,999,0.34746245960843947,0.1435025930404663
agglomerative,0.45,1884,999,0.3581068237977571,0.13996738195419312
agglomerative,0.45,1939,999,0.3685611100551226,0.1362987756729126
agglomerative,0.45,1994,999,0.3790153963124881,0.133531391620636
agglomerative,0.45,2050,999,0.38965976050180573,0.1303035020828247
agglomerative,0.45,2105,999,0.4001140467591713,0.12737363576889038
agglomerative,0.45,2160,999,0.4105683330165368,0.12440425157546997
agglomerative,0.45,2216,999,0.4212126972058544,0.12050318717956543
agglomerative,0.45,2271,999,0.4316669834632199,0.11751824617385864
agglomerative,0.45,2326,999,0.44212126972058546,0.11465060710906982
agglomerative,0.45,2382,999,0.45276563390990304,0.11196500062942505
agglomerative,0.45,2437,999,0.4632199201672686,0.10917007923126221
agglomerative,0.45,2493,999,0.4738642843565862,0.10622161626815796
agglomerative,0.45,2548,999,0.4843185706139517,0.10317695140838623
agglomerative,0.45,2603,999,0.4947728568713172,0.10010260343551636
agglomerative,0.45,2659,999,0.5054172210606349,0.0971100926399231
agglomerative,0.45,2714,999,0.5158715073180004,0.09375089406967163
agglomerative,0.45,2769,999,0.5263257935753659,0.09072399139404297
agglomerative,0.45,2825,999,0.5369701577646835,0.08808660507202148
agglomerative,0.45,2880,999,0.547424444022049,0.08492648601531982
agglomerative,0.45,2936,999,0.5580688082113666,0.08232486248016357
agglomerative,0.45,2991,999,0.5685230944687322,0.07949012517929077
agglomerative,0.45,3046,999,0.5789773807260977,0.07675069570541382
agglomerative,0.45,3102,999,0.5896217449154153,0.07412576675415039
agglomerative,0.45,3157,999,0.6000760311727809,0.07114237546920776
agglomerative,0.45,3212,999,0.6105303174301464,0.06834554672241211
agglomerative,0.45,3268,999,0.621174681619464,0.06537836790084839
agglomerative,0.45,3323,999,0.6316289678768295,0.06254798173904419
agglomerative,0.45,3378,999,0.642083254134195,0.0599324107170105
agglomerative,0.45,3434,999,0.6527276183235127,0.05736374855041504
agglomerative,0.45,3489,999,0.6631819045808781,0.05474370718002319
agglomerative,0.45,3545,999,0.6738262687701958,0.052416443824768066
agglomerative,0.45,3600,999,0.6842805550275614,0.05016225576400757
agglomerative,0.45,3655,999,0.6947348412849268,0.048027753829956055
agglomerative,0.45,3711,999,0.7053792054742445,0.045967280864715576
agglomerative,0.45,3766,999,0.7158334917316099,0.04371422529220581
agglomerative,0.45,3821,999,0.7262877779889755,0.041697025299072266
agglomerative,0.45,3877,999,0.7369321421782931,0.0398176908493042
agglomerative,0.45,3932,999,0.7473864284356586,0.03797799348831177
agglomerative,0.45,3988,999,0.7580307926249762,0.03635352849960327
agglomerative,0.45,4043,999,0.7684850788823417,0.03449887037277222
agglomerative,0.45,4098,999,0.7789393651397073,0.03274470567703247
agglomerative,0.45,4154,999,0.7895837293290249,0.031235456466674805
agglomerative,0.45,4209,999,0.8000380155863904,0.029814958572387695
agglomerative,0.45,4264,999,0.810492301843756,0.028198957443237305
agglomerative,0.45,4320,999,0.8211366660330736,0.02673739194869995
agglomerative,0.45,4375,999,0.8315909522904391,0.025334477424621582
agglomerative,0.45,4430,999,0.8420452385478046,0.02358412742614746
agglomerative,0.45,4486,999,0.8526896027371222,0.022075235843658447
agglomerative,0.45,4541,999,0.8631438889944877,0.02073127031326294
agglomerative,0.45,4597,999,0.8737882531838054,0.019293665885925293
agglomerative,0.45,4652,999,0.8842425394411709,0.017987728118896484
agglomerative,0.45,4707,999,0.8946968256985364,0.01670616865158081
agglomerative,0.45,4763,999,0.9053411898878541,0.015252470970153809
agglomerative,0.45,4818,999,0.9157954761452195,0.013816118240356445
agglomerative,0.45,4873,999,0.926249762402585,0.012337863445281982
agglomerative,0.45,4929,999,0.9368941265919026,0.010680317878723145
agglomerative,0.45,4984,999,0.9473484128492682,0.009021878242492676
agglomerative,0.45,5040,999,0.9579927770385859,0.007241785526275635
agglomerative,0.45,5095,999,0.9684470632959513,0.005234420299530029
agglomerative,0.45,5150,999,0.9789013495533169,0.0029491186141967773
agglomerative,0.45,5206,999,0.9895457137426344,0.000409543514251709
agglomerative,0.45,5261,999,1.0,0.0
agglomerative,0.46,1,999,0.00019007793195210037,0.8085183501243591
agglomerative,0.46,56,999,0.01064436418931762,0.48680615425109863
agglomerative,0.46,112,999,0.02128872837863524,0.37044262886047363
agglomerative,0.46,167,999,0.03174301463600076,0.32158589363098145
agglomerative,0.46,222,999,0.04219730089336628,0.30043429136276245
agglomerative,0.46,278,999,0.0528416650826839,0.28737038373947144
agglomerative,0.46,333,999,0.06329595134004942,0.2761995196342468
agglomerative,0.46,389,999,0.07394031552936704,0.26748669147491455
agglomerative,0.46,444,999,0.08439460178673255,0.2594298720359802
agglomerative,0.46,499,999,0.09484888804409808,0.25360918045043945
agglomerative,0.46,555,999,0.1054932522334157,0.2470274567604065
agglomerative,0.46,610,999,0.11594753849078122,0.239426851272583
agglomerative,0.46,665,999,0.12640182474814673,0.23349660634994507
agglomerative,0.46,721,999,0.13704618893746437,0.22685545682907104
agglomerative,0.46,776,999,0.14750047519482987,0.22185510396957397
agglomerative,0.46,832,999,0.1581448393841475,0.21484780311584473
agglomerative,0.46,887,999,0.16859912564151303,0.21066385507583618
agglomerative,0.46,942,999,0.17905341189887855,0.20665764808654785
agglomerative,0.46,998,999,0.18969777608819616,0.20177096128463745
agglomerative,0.46,1053,999,0.20015206234556168,0.1973896026611328
agglomerative,0.46,1108,999,0.2106063486029272,0.1937461495399475
agglomerative,0.46,1164,999,0.2212507127922448,0.18903571367263794
agglomerative,0.46,1219,999,0.23170499904961034,0.18362575769424438
agglomerative,0.46,1274,999,0.24215928530697586,0.18021810054779053
agglomerative,0.46,1330,999,0.25280364949629347,0.1761789321899414
agglomerative,0.46,1385,999,0.263257935753659,0.17245250940322876
agglomerative,0.46,1441,999,0.2739022999429766,0.1673867106437683
agglomerative,0.46,1496,999,0.28435658620034215,0.16434210538864136
agglomerative,0.46,1551,999,0.29481087245770765,0.16124051809310913
agglomerative,0.46,1607,999,0.3054552366470253,0.15726381540298462
agglomerative,0.46,1662,999,0.3159095229043908,0.1538342833518982
agglomerative,0.46,1717,999,0.32636380916175634,0.14979791641235352
agglomerative,0.46,1773,999,0.3370081733510739,0.14629578590393066
agglomerative,0.46,1828,999,0.34746245960843947,0.14350271224975586
agglomerative,0.46,1884,999,0.3581068237977571,0.1399674415588379
agglomerative,0.46,1939,999,0.3685611100551226,0.13629883527755737
agglomerative,0.46,1994,999,0.3790153963124881,0.13353145122528076
agglomerative,0.46,2050,999,0.38965976050180573,0.13030368089675903
agglomerative,0.46,2105,999,0.4001140467591713,0.12737339735031128
agglomerative,0.46,2160,999,0.4105683330165368,0.12440425157546997
agglomerative,0.46,2216,999,0.4212126972058544,0.12050265073776245
agglomerative,0.46,2271,999,0.4316669834632199,0.11751794815063477
agglomerative,0.46,2326,999,0.44212126972058546,0.11465030908584595
agglomerative,0.46,2382,999,0.45276563390990304,0.11196458339691162
agglomerative,0.46,2437,999,0.4632199201672686,0.10916972160339355
agglomerative,0.46,2493,999,0.4738642843565862,0.10622185468673706
agglomerative,0.46,2548,999,0.4843185706139517,0.10317707061767578
agglomerative,0.46,2603,999,0.4947728568713172,0.1001024842262268
agglomerative,0.46,2659,999,0.5054172210606349,0.09710997343063354
agglomerative,0.46,2714,999,0.5158715073180004,0.09375119209289551
agglomerative,0.46,2769,999,0.5263257935753659,0.09072411060333252
agglomerative,0.46,2825,999,0.5369701577646835,0.08808678388595581
agglomerative,0.46,2880,999,0.547424444022049,0.08492648601531982
agglomerative,0.46,2936,999,0.5580688082113666,0.08232510089874268
agglomerative,0.46,2991,999,0.5685230944687322,0.07949048280715942
agglomerative,0.46,3046,999,0.5789773807260977,0.0767507553100586
agglomerative,0.46,3102,999,0.5896217449154153,0.07412558794021606
agglomerative,0.46,3157,999,0.6000760311727809,0.07114219665527344
agglomerative,0.46,3212,999,0.6105303174301464,0.06834518909454346
agglomerative,0.46,3268,999,0.621174681619464,0.06537801027297974
agglomerative,0.46,3323,999,0.6316289678768295,0.06254786252975464
agglomerative,0.46,3378,999,0.642083254134195,0.05993276834487915
agglomerative,0.46,3434,999,0.6527276183235127,0.057363808155059814
agglomerative,0.46,3489,999,0.6631819045808781,0.054743826389312744
agglomerative,0.46,3545,999,0.6738262687701958,0.052416205406188965
agglomerative,0.46,3600,999,0.6842805550275614,0.05016237497329712
agglomerative,0.46,3655,999,0.6947348412849268,0.048027753829956055
agglomerative,0.46,3711,999,0.7053792054742445,0.0459674596786499
agglomerative,0.46,3766,999,0.7158334917316099,0.04371476173400879
agglomerative,0.46,3821,999,0.7262877779889755,0.04169726371765137
agglomerative,0.46,3877,999,0.7369321421782931,0.0398174524307251
agglomerative,0.46,3932,999,0.7473864284356586,0.03797799348831177
agglomerative,0.46,3988,999,0.7580307926249762,0.0363537073135376
agglomerative,0.46,4043,999,0.7684850788823417,0.03449881076812744
agglomerative,0.46,4098,999,0.7789393651397073,0.032744765281677246
agglomerative,0.46,4154,999,0.7895837293290249,0.031235933303833008
agglomerative,0.46,4209,999,0.8000380155863904,0.029815256595611572
agglomerative,0.46,4264,999,0.810492301843756,0.02819901704788208
agglomerative,0.46,4320,999,0.8211366660330736,0.026737689971923828
agglomerative,0.46,4375,999,0.8315909522904391,0.025334537029266357
agglomerative,0.46,4430,999,0.8420452385478046,0.023583948612213135
agglomerative,0.46,4486,999,0.8526896027371222,0.022075116634368896
agglomerative,0.46,4541,999,0.8631438889944877,0.02073138952255249
agglomerative,0.46,4597,999,0.8737882531838054,0.019293487071990967
agglomerative,0.46,4652,999,0.8842425394411709,0.01798766851425171
agglomerative,0.46,4707,999,0.8946968256985364,0.01670593023300171
agglomerative,0.46,4763,999,0.9053411898878541,0.015252470970153809
agglomerative,0.46,4818,999,0.9157954761452195,0.01381617784500122
agglomerative,0.46,4873,999,0.926249762402585,0.01233816146850586
agglomerative,0.46,4929,999,0.9368941265919026,0.010680437088012695
agglomerative,0.46,4984,999,0.9473484128492682,0.009021759033203125
agglomerative,0.46,5040,999,0.9579927770385859,0.007241964340209961
agglomerative,0.46,5095,999,0.9684470632959513,0.00523453950881958
agglomerative,0.46,5150,999,0.9789013495533169,0.0029491782188415527
agglomerative,0.46,5206,999,0.9895457137426344,0.00040966272354125977
agglomerative,0.46,5261,999,1.0,0.0
agglomerative,0.47000000000000003,1,999,0.00019007793195210037,0.8318919539451599
agglomerative,0.47000000000000003,56,999,0.01064436418931762,0.4979872703552246
agglomerative,0.47000000000000003,112,999,0.02128872837863524,0.37393152713775635
agglomerative,0.47000000000000003,167,999,0.03174301463600076,0.325570285320282
agglomerative,0.47000000000000003,222,999,0.04219730089336628,0.30110639333724976
agglomerative,0.47000000000000003,278,999,0.0528416650826839,0.28714078664779663
agglomerative,0.47000000000000003,333,999,0.06329595134004942,0.27587783336639404
agglomerative,0.47000000000000003,389,999,0.07394031552936704,0.26698166131973267
agglomerative,0.47000000000000003,444,999,0.08439460178673255,0.25964874029159546
agglomerative,0.47000000000000003,499,999,0.09484888804409808,0.25317269563674927
agglomerative,0.47000000000000003,555,999,0.1054932522334157,0.24708706140518188
agglomerative,0.47000000000000003,610,999,0.11594753849078122,0.23921650648117065
agglomerative,0.47000000000000003,665,999,0.12640182474814673,0.23344719409942627
agglomerative,0.47000000000000003,721,999,0.13704618893746437,0.22680580615997314
agglomerative,0.47000000000000003,776,999,0.14750047519482987,0.22152549028396606
agglomerative,0.47000000000000003,832,999,0.1581448393841475,0.21486139297485352
agglomerative,0.47000000000000003,887,999,0.16859912564151303,0.210673987865448
agglomerative,0.47000000000000003,942,999,0.17905341189887855,0.20666784048080444
agglomerative,0.47000000000000003,998,999,0.18969777608819616,0.20178091526031494
agglomerative,0.47000000000000003,1053,999,0.20015206234556168,0.19739949703216553
agglomerative,0.47000000000000003,1108,999,0.2106063486029272,0.19375485181808472
agglomerative,0.47000000000000003,1164,999,0.2212507127922448,0.18903732299804688
agglomerative,0.47000000000000003,1219,999,0.23170499904961034,0.1836274266242981
agglomerative,0.47000000000000003,1274,999,0.24215928530697586,0.1802198886871338
agglomerative,0.47000000000000003,1330,999,0.25280364949629347,0.17618072032928467
agglomerative,0.47000000000000003,1385,999,0.263257935753659,0.17245405912399292
agglomerative,0.47000000000000003,1441,999,0.2739022999429766,0.16738837957382202
agglomerative,0.47000000000000003,1496,999,0.28435658620034215,0.1643439531326294
agglomerative,0.47000000000000003,1551,999,0.29481087245770765,0.16124224662780762
agglomerative,0.47000000000000003,1607,999,0.3054552366470253,0.15726590156555176
agglomerative,0.47000000000000003,1662,999,0.3159095229043908,0.15383398532867432
agglomerative,0.47000000000000003,1717,999,0.32636380916175634,0.14979761838912964
agglomerative,0.47000000000000003,1773,999,0.3370081733510739,0.1462954878807068
agglomerative,0.47000000000000003,1828,999,0.34746245960843947,0.14350271224975586
agglomerative,0.47000000000000003,1884,999,0.3581068237977571,0.13996750116348267
agglomerative,0.47000000000000003,1939,999,0.3685611100551226,0.13629883527755737
agglomerative,0.47000000000000003,1994,999,0.3790153963124881,0.13353121280670166
agglomerative,0.47000000000000003,2050,999,0.38965976050180573,0.13030320405960083
agglomerative,0.47000000000000003,2105,999,0.4001140467591713,0.12737321853637695
agglomerative,0.47000000000000003,2160,999,0.4105683330165368,0.12440389394760132
agglomerative,0.47000000000000003,2216,999,0.4212126972058544,0.120502769947052
agglomerative,0.47000000000000003,2271,999,0.4316669834632199,0.11751806735992432
agglomerative,0.47000000000000003,2326,999,0.44212126972058546,0.11465084552764893
agglomerative,0.47000000000000003,2382,999,0.45276563390990304,0.11196523904800415
agglomerative,0.47000000000000003,2437,999,0.4632199201672686,0.10917007923126221
agglomerative,0.47000000000000003,2493,999,0.4738642843565862,0.10622197389602661
agglomerative,0.47000000000000003,2548,999,0.4843185706139517,0.10317724943161011
agglomerative,0.47000000000000003,2603,999,0.4947728568713172,0.10010296106338501
agglomerative,0.47000000000000003,2659,999,0.5054172210606349,0.09711027145385742
agglomerative,0.47000000000000003,2714,999,0.5158715073180004,0.09375113248825073
agglomerative,0.47000000000000003,2769,999,0.5263257935753659,0.09072411060333252
agglomerative,0.47000000000000003,2825,999,0.5369701577646835,0.08808702230453491
agglomerative,0.47000000000000003,2880,999,0.547424444022049,0.08492684364318848
agglomerative,0.47000000000000003,2936,999,0.5580688082113666,0.08232533931732178
agglomerative,0.47000000000000003,2991,999,0.5685230944687322,0.0794905424118042
agglomerative,0.47000000000000003,3046,999,0.5789773807260977,0.07675081491470337
agglomerative,0.47000000000000003,3102,999,0.5896217449154153,0.07412576675415039
agglomerative,0.47000000000000003,3157,999,0.6000760311727809,0.07114225625991821
agglomerative,0.47000000000000003,3212,999,0.6105303174301464,0.06834548711776733
agglomerative,0.47000000000000003,3268,999,0.621174681619464,0.06537818908691406
agglomerative,0.47000000000000003,3323,999,0.6316289678768295,0.06254816055297852
agglomerative,0.47000000000000003,3378,999,0.642083254134195,0.05993276834487915
agglomerative,0.47000000000000003,3434,999,0.6527276183235127,0.05736351013183594
agglomerative,0.47000000000000003,3489,999,0.6631819045808781,0.05474370718002319
agglomerative,0.47000000000000003,3545,999,0.6738262687701958,0.052416324615478516
agglomerative,0.47000000000000003,3600,999,0.6842805550275614,0.05016225576400757
agglomerative,0.47000000000000003,3655,999,0.6947348412849268,0.048027873039245605
agglomerative,0.47000000000000003,3711,999,0.7053792054742445,0.04596734046936035
agglomerative,0.47000000000000003,3766,999,0.7158334917316099,0.04371410608291626
agglomerative,0.47000000000000003,3821,999,0.7262877779889755,0.041697025299072266
agglomerative,0.47000000000000003,3877,999,0.7369321421782931,0.0398174524307251
agglomerative,0.47000000000000003,3932,999,0.7473864284356586,0.037978172302246094
agglomerative,0.47000000000000003,3988,999,0.7580307926249762,0.0363537073135376
agglomerative,0.47000000000000003,4043,999,0.7684850788823417,0.03449887037277222
agglomerative,0.47000000000000003,4098,999,0.7789393651397073,0.03274500370025635
agglomerative,0.47000000000000003,4154,999,0.7895837293290249,0.03123563528060913
agglomerative,0.47000000000000003,4209,999,0.8000380155863904,0.029815375804901123
agglomerative,0.47000000000000003,4264,999,0.810492301843756,0.02819901704788208
agglomerative,0.47000000000000003,4320,999,0.8211366660330736,0.026737987995147705
agglomerative,0.47000000000000003,4375,999,0.8315909522904391,0.02533477544784546
agglomerative,0.47000000000000003,4430,999,0.8420452385478046,0.02358412742614746
agglomerative,0.47000000000000003,4486,999,0.8526896027371222,0.022075355052947998
agglomerative,0.47000000000000003,4541,999,0.8631438889944877,0.020731627941131592
agglomerative,0.47000000000000003,4597,999,0.8737882531838054,0.019293665885925293
agglomerative,0.47000000000000003,4652,999,0.8842425394411709,0.017987489700317383
agglomerative,0.47000000000000003,4707,999,0.8946968256985364,0.016705870628356934
agglomerative,0.47000000000000003,4763,999,0.9053411898878541,0.015252649784088135
agglomerative,0.47000000000000003,4818,999,0.9157954761452195,0.01381617784500122
agglomerative,0.47000000000000003,4873,999,0.926249762402585,0.012338101863861084
agglomerative,0.47000000000000003,4929,999,0.9368941265919026,0.010680198669433594
agglomerative,0.47000000000000003,4984,999,0.9473484128492682,0.009021878242492676
agglomerative,0.47000000000000003,5040,999,0.9579927770385859,0.007241606712341309
agglomerative,0.47000000000000003,5095,999,0.9684470632959513,0.0052343010902404785
agglomerative,0.47000000000000003,5150,999,0.9789013495533169,0.0029491186141967773
agglomerative,0.47000000000000003,5206,999,0.9895457137426344,0.0004094243049621582
agglomerative,0.47000000000000003,5261,999,1.0,0.0
agglomerative,0.48,1,999,0.00019007793195210037,0.8535748720169067
agglomerative,0.48,56,999,0.01064436418931762,0.4971734881401062
agglomerative,0.48,112,999,0.02128872837863524,0.38604265451431274
agglomerative,0.48,167,999,0.03174301463600076,0.3299602270126343
agglomerative,0.48,222,999,0.04219730089336628,0.3044160008430481
agglomerative,0.48,278,999,0.0528416650826839,0.2863190174102783
agglomerative,0.48,333,999,0.06329595134004942,0.27688509225845337
agglomerative,0.48,389,999,0.07394031552936704,0.2663140892982483
agglomerative,0.48,444,999,0.08439460178673255,0.25921404361724854
agglomerative,0.48,499,999,0.09484888804409808,0.25294530391693115
agglomerative,0.48,555,999,0.1054932522334157,0.24698090553283691
agglomerative,0.48,610,999,0.11594753849078122,0.23879480361938477
agglomerative,0.48,665,999,0.12640182474814673,0.2334783673286438
agglomerative,0.48,721,999,0.13704618893746437,0.2264338731765747
agglomerative,0.48,776,999,0.14750047519482987,0.22154253721237183
agglomerative,0.48,832,999,0.1581448393841475,0.2148761749267578
agglomerative,0.48,887,999,0.16859912564151303,0.21068286895751953
agglomerative,0.48,942,999,0.17905341189887855,0.20666873455047607
agglomerative,0.48,998,999,0.18969777608819616,0.2017841935157776
agglomerative,0.48,1053,999,0.20015206234556168,0.19740289449691772
agglomerative,0.48,1108,999,0.2106063486029272,0.19375723600387573
agglomerative,0.48,1164,999,0.2212507127922448,0.18903732299804688
agglomerative,0.48,1219,999,0.23170499904961034,0.18362760543823242
agglomerative,0.48,1274,999,0.24215928530697586,0.18022006750106812
agglomerative,0.48,1330,999,0.25280364949629347,0.17618095874786377
agglomerative,0.48,1385,999,0.263257935753659,0.17245465517044067
agglomerative,0.48,1441,999,0.2739022999429766,0.16738903522491455
agglomerative,0.48,1496,999,0.28435658620034215,0.1643444299697876
agglomerative,0.48,1551,999,0.29481087245770765,0.16124266386032104
agglomerative,0.48,1607,999,0.3054552366470253,0.15726619958877563
agglomerative,0.48,1662,999,0.3159095229043908,0.15383392572402954
agglomerative,0.48,1717,999,0.32636380916175634,0.14979755878448486
agglomerative,0.48,1773,999,0.3370081733510739,0.1462954878807068
agglomerative,0.48,1828,999,0.34746245960843947,0.14350253343582153
agglomerative,0.48,1884,999,0.3581068237977571,0.13996738195419312
agglomerative,0.48,1939,999,0.3685611100551226,0.1362987756729126
agglomerative,0.48,1994,999,0.3790153963124881,0.1335313320159912
agglomerative,0.48,2050,999,0.38965976050180573,0.13030332326889038
agglomerative,0.48,2105,999,0.4001140467591713,0.1273733377456665
agglomerative,0.48,2160,999,0.4105683330165368,0.1244041919708252
agglomerative,0.48,2216,999,0.4212126972058544,0.12050330638885498
agglomerative,0.48,2271,999,0.4316669834632199,0.11751824617385864
agglomerative,0.48,2326,999,0.44212126972058546,0.11465048789978027
agglomerative,0.48,2382,999,0.45276563390990304,0.11196494102478027
agglomerative,0.48,2437,999,0.4632199201672686,0.10916966199874878
agglomerative,0.48,2493,999,0.4738642843565862,0.10622191429138184
agglomerative,0.48,2548,999,0.4843185706139517,0.10317718982696533
agglomerative,0.48,2603,999,0.4947728568713172,0.10010260343551636
agglomerative,0.48,2659,999,0.5054172210606349,0.09710961580276489
agglomerative,0.48,2714,999,0.5158715073180004,0.0937507152557373
agglomerative,0.48,2769,999,0.5263257935753659,0.09072381258010864
agglomerative,0.48,2825,999,0.5369701577646835,0.08808660507202148
agglomerative,0.48,2880,999,0.547424444022049,0.08492642641067505
agglomerative,0.48,2936,999,0.5580688082113666,0.08232498168945312
agglomerative,0.48,2991,999,0.5685230944687322,0.079490065574646
agglomerative,0.48,3046,999,0.5789773807260977,0.0767507553100586
agglomerative,0.48,3102,999,0.5896217449154153,0.07412528991699219
agglomerative,0.48,3157,999,0.6000760311727809,0.07114166021347046
agglomerative,0.48,3212,999,0.6105303174301464,0.06834530830383301
agglomerative,0.48,3268,999,0.621174681619464,0.06537771224975586
agglomerative,0.48,3323,999,0.6316289678768295,0.06254780292510986
agglomerative,0.48,3378,999,0.642083254134195,0.05993276834487915
agglomerative,0.48,3434,999,0.6527276183235127,0.057363808155059814
agglomerative,0.48,3489,999,0.6631819045808781,0.054744064807891846
agglomerative,0.48,3545,999,0.6738262687701958,0.052416324615478516
agglomerative,0.48,3600,999,0.6842805550275614,0.05016213655471802
agglomerative,0.48,3655,999,0.6947348412849268,0.04802781343460083
agglomerative,0.48,3711,999,0.7053792054742445,0.045967280864715576
agglomerative,0.48,3766,999,0.7158334917316099,0.04371452331542969
agglomerative,0.48,3821,999,0.7262877779889755,0.041697144508361816
agglomerative,0.48,3877,999,0.7369321421782931,0.0398174524307251
agglomerative,0.48,3932,999,0.7473864284356586,0.03797799348831177
agglomerative,0.48,3988,999,0.7580307926249762,0.03635376691818237
agglomerative,0.48,4043,999,0.7684850788823417,0.03449869155883789
agglomerative,0.48,4098,999,0.7789393651397073,0.03274470567703247
agglomerative,0.48,4154,999,0.7895837293290249,0.031235933303833008
agglomerative,0.48,4209,999,0.8000380155863904,0.02981555461883545
agglomerative,0.48,4264,999,0.810492301843756,0.028199374675750732
agglomerative,0.48,4320,999,0.8211366660330736,0.026737868785858154
agglomerative,0.48,4375,999,0.8315909522904391,0.02533477544784546
agglomerative,0.48,4430,999,0.8420452385478046,0.02358412742614746
agglomerative,0.48,4486,999,0.8526896027371222,0.022075355052947998
agglomerative,0.48,4541,999,0.8631438889944877,0.020731627941131592
agglomerative,0.48,4597,999,0.8737882531838054,0.019293785095214844
agglomerative,0.48,4652,999,0.8842425394411709,0.01798766851425171
agglomerative,0.48,4707,999,0.8946968256985364,0.01670593023300171
agglomerative,0.48,4763,999,0.9053411898878541,0.015252470970153809
agglomerative,0.48,4818,999,0.9157954761452195,0.013816356658935547
agglomerative,0.48,4873,999,0.926249762402585,0.012337863445281982
agglomerative,0.48,4929,999,0.9368941265919026,0.010680317878723145
agglomerative,0.48,4984,999,0.9473484128492682,0.009021937847137451
agglomerative,0.48,5040,999,0.9579927770385859,0.007241606712341309
agglomerative,0.48,5095,999,0.9684470632959513,0.0052343010902404785
agglomerative,0.48,5150,999,0.9789013495533169,0.0029491186141967773
agglomerative,0.48,5206,999,0.9895457137426344,0.000409543514251709
agglomerative,0.48,5261,999,1.0,0.0
agglomerative,0.49,1,999,0.00019007793195210037,0.8732507228851318
agglomerative,0.49,56,999,0.01064436418931762,0.5218765139579773
agglomerative,0.49,112,999,0.02128872837863524,0.3912903666496277
agglomerative,0.49,167,999,0.03174301463600076,0.3356146812438965
agglomerative,0.49,222,999,0.04219730089336628,0.3064422011375427
agglomerative,0.49,278,999,0.0528416650826839,0.2873092293739319
agglomerative,0.49,333,999,0.06329595134004942,0.276766300201416
agglomerative,0.49,389,999,0.07394031552936704,0.26563042402267456
agglomerative,0.49,444,999,0.08439460178673255,0.25864869356155396
agglomerative,0.49,499,999,0.09484888804409808,0.2529633045196533
agglomerative,0.49,555,999,0.1054932522334157,0.24660426378250122
agglomerative,0.49,610,999,0.11594753849078122,0.2383030652999878
agglomerative,0.49,665,999,0.12640182474814673,0.23326712846755981
agglomerative,0.49,721,999,0.13704618893746437,0.2263050079345703
agglomerative,0.49,776,999,0.14750047519482987,0.22118818759918213
agglomerative,0.49,832,999,0.1581448393841475,0.21463853120803833
agglomerative,0.49,887,999,0.16859912564151303,0.21069902181625366
agglomerative,0.49,942,999,0.17905341189887855,0.20668500661849976
agglomerative,0.49,998,999,0.18969777608819616,0.20168930292129517
agglomerative,0.49,1053,999,0.20015206234556168,0.19741326570510864
agglomerative,0.49,1108,999,0.2106063486029272,0.19301974773406982
agglomerative,0.49,1164,999,0.2212507127922448,0.1890430450439453
agglomerative,0.49,1219,999,0.23170499904961034,0.1836313009262085
agglomerative,0.49,1274,999,0.24215928530697586,0.1802235245704651
agglomerative,0.49,1330,999,0.25280364949629347,0.17618250846862793
agglomerative,0.49,1385,999,0.263257935753659,0.1715381145477295
agglomerative,0.49,1441,999,0.2739022999429766,0.16738849878311157
agglomerative,0.49,1496,999,0.28435658620034215,0.16434407234191895
agglomerative,0.49,1551,999,0.29481087245770765,0.16124224662780762
agglomerative,0.49,1607,999,0.3054552366470253,0.15726596117019653
agglomerative,0.49,1662,999,0.3159095229043908,0.15383392572402954
agglomerative,0.49,1717,999,0.32636380916175634,0.14979761838912964
agglomerative,0.49,1773,999,0.3370081733510739,0.146295428276062
agglomerative,0.49,1828,999,0.34746245960843947,0.14350253343582153
agglomerative,0.49,1884,999,0.3581068237977571,0.1399672031402588
agglomerative,0.49,1939,999,0.3685611100551226,0.13629871606826782
agglomerative,0.49,1994,999,0.3790153963124881,0.13353115320205688
agglomerative,0.49,2050,999,0.38965976050180573,0.13030308485031128
agglomerative,0.49,2105,999,0.4001140467591713,0.12737303972244263
agglomerative,0.49,2160,999,0.4105683330165368,0.12440389394760132
agglomerative,0.49,2216,999,0.4212126972058544,0.12050294876098633
agglomerative,0.49,2271,999,0.4316669834632199,0.11751830577850342
agglomerative,0.49,2326,999,0.44212126972058546,0.11465036869049072
agglomerative,0.49,2382,999,0.45276563390990304,0.11196494102478027
agglomerative,0.49,2437,999,0.4632199201672686,0.10916966199874878
agglomerative,0.49,2493,999,0.4738642843565862,0.10622209310531616
agglomerative,0.49,2548,999,0.4843185706139517,0.10317754745483398
agglomerative,0.49,2603,999,0.4947728568713172,0.10010296106338501
agglomerative,0.49,2659,999,0.5054172210606349,0.09711015224456787
agglomerative,0.49,2714,999,0.5158715073180004,0.09375125169754028
agglomerative,0.49,2769,999,0.5263257935753659,0.09072422981262207
agglomerative,0.49,2825,999,0.5369701577646835,0.08808642625808716
agglomerative,0.49,2880,999,0.547424444022049,0.08492600917816162
agglomerative,0.49,2936,999,0.5580688082113666,0.08232486248016357
agglomerative,0.49,2991,999,0.5685230944687322,0.07949018478393555
agglomerative,0.49,3046,999,0.5789773807260977,0.0767507553100586
agglomerative,0.49,3102,999,0.5896217449154153,0.07412546873092651
agglomerative,0.49,3157,999,0.6000760311727809,0.07114237546920776
agglomerative,0.49,3212,999,0.6105303174301464,0.06834548711776733
agglomerative,0.49,3268,999,0.621174681619464,0.06537818908691406
agglomerative,0.49,3323,999,0.6316289678768295,0.06254768371582031
agglomerative,0.49,3378,999,0.642083254134195,0.05993211269378662
agglomerative,0.49,3434,999,0.6527276183235127,0.05736333131790161
agglomerative,0.49,3489,999,0.6631819045808781,0.05474352836608887
agglomerative,0.49,3545,999,0.6738262687701958,0.05241578817367554
agglomerative,0.49,3600,999,0.6842805550275614,0.050161898136138916
agglomerative,0.49,3655,999,0.6947348412849268,0.04802781343460083
agglomerative,0.49,3711,999,0.7053792054742445,0.0459672212600708
agglomerative,0.49,3766,999,0.7158334917316099,0.04371410608291626
agglomerative,0.49,3821,999,0.7262877779889755,0.041697025299072266
agglomerative,0.49,3877,999,0.7369321421782931,0.03981739282608032
agglomerative,0.49,3932,999,0.7473864284356586,0.037977755069732666
agglomerative,0.49,3988,999,0.7580307926249762,0.036353886127471924
agglomerative,0.49,4043,999,0.7684850788823417,0.03449910879135132
agglomerative,0.49,4098,999,0.7789393651397073,0.03274500370025635
agglomerative,0.49,4154,999,0.7895837293290249,0.031236112117767334
agglomerative,0.49,4209,999,0.8000380155863904,0.029815733432769775
agglomerative,0.49,4264,999,0.810492301843756,0.02819901704788208
agglomerative,0.49,4320,999,0.8211366660330736,0.026737511157989502
agglomerative,0.49,4375,999,0.8315909522904391,0.02533435821533203
agglomerative,0.49,4430,999,0.8420452385478046,0.023583829402923584
agglomerative,0.49,4486,999,0.8526896027371222,0.022074997425079346
agglomerative,0.49,4541,999,0.8631438889944877,0.020731449127197266
agglomerative,0.49,4597,999,0.8737882531838054,0.019293665885925293
agglomerative,0.49,4652,999,0.8842425394411709,0.017987728118896484
agglomerative,0.49,4707,999,0.8946968256985364,0.01670616865158081
agglomerative,0.49,4763,999,0.9053411898878541,0.015252470970153809
agglomerative,0.49,4818,999,0.9157954761452195,0.013816118240356445
agglomerative,0.49,4873,999,0.926249762402585,0.012337803840637207
agglomerative,0.49,4929,999,0.9368941265919026,0.010680198669433594
agglomerative,0.49,4984,999,0.9473484128492682,0.0090218186378479
agglomerative,0.49,5040,999,0.9579927770385859,0.007241785526275635
agglomerative,0.49,5095,999,0.9684470632959513,0.005234420299530029
agglomerative,0.49,5150,999,0.9789013495533169,0.0029491782188415527
agglomerative,0.49,5206,999,0.9895457137426344,0.0004096031188964844
agglomerative,0.49,5261,999,1.0,0.0
agglomerative,0.5,1,999,0.00019007793195210037,0.8907771706581116
agglomerative,0.5,56,999,0.01064436418931762,0.5332160592079163
agglomerative,0.5,112,999,0.02128872837863524,0.40507739782333374
agglomerative,0.5,167,999,0.03174301463600076,0.34358304738998413
agglomerative,0.5,222,999,0.04219730089336628,0.31095290184020996
agglomerative,0.5,278,999,0.0528416650826839,0.28937727212905884
agglomerative,0.5,333,999,0.06329595134004942,0.27678734064102173
agglomerative,0.5,389,999,0.07394031552936704,0.26696330308914185
agglomerative,0.5,444,999,0.08439460178673255,0.25907832384109497
agglomerative,0.5,499,999,0.09484888804409808,0.2533152103424072
agglomerative,0.5,555,999,0.1054932522334157,0.24598431587219238
agglomerative,0.5,610,999,0.11594753849078122,0.23808354139328003
agglomerative,0.5,665,999,0.12640182474814673,0.23299849033355713
agglomerative,0.5,721,999,0.13704618893746437,0.22609663009643555
agglomerative,0.5,776,999,0.14750047519482987,0.22020107507705688
agglomerative,0.5,832,999,0.1581448393841475,0.21462410688400269
agglomerative,0.5,887,999,0.16859912564151303,0.2107163667678833
agglomerative,0.5,942,999,0.17905341189887855,0.20670276880264282
agglomerative,0.5,998,999,0.18969777608819616,0.20170438289642334
agglomerative,0.5,1053,999,0.20015206234556168,0.19742822647094727
agglomerative,0.5,1108,999,0.2106063486029272,0.1930275559425354
agglomerative,0.5,1164,999,0.2212507127922448,0.18905091285705566
agglomerative,0.5,1219,999,0.23170499904961034,0.18363934755325317
agglomerative,0.5,1274,999,0.24215928530697586,0.1802317500114441
agglomerative,0.5,1330,999,0.25280364949629347,0.17619073390960693
agglomerative,0.5,1385,999,0.263257935753659,0.1715381145477295
agglomerative,0.5,1441,999,0.2739022999429766,0.16738861799240112
agglomerative,0.5,1496,999,0.28435658620034215,0.16434425115585327
agglomerative,0.5,1551,999,0.29481087245770765,0.16124260425567627
agglomerative,0.5,1607,999,0.3054552366470253,0.15726637840270996
agglomerative,0.5,1662,999,0.3159095229043908,0.15383434295654297
agglomerative,0.5,1717,999,0.32636380916175634,0.14979803562164307
agglomerative,0.5,1773,999,0.3370081733510739,0.14629584550857544
agglomerative,0.5,1828,999,0.34746245960843947,0.14350253343582153
agglomerative,0.5,1884,999,0.3581068237977571,0.13996726274490356
agglomerative,0.5,1939,999,0.3685611100551226,0.1362987756729126
agglomerative,0.5,1994,999,0.3790153963124881,0.13353121280670166
agglomerative,0.5,2050,999,0.38965976050180573,0.13030320405960083
agglomerative,0.5,2105,999,0.4001140467591713,0.12737315893173218
agglomerative,0.5,2160,999,0.4105683330165368,0.12440383434295654
agglomerative,0.5,2216,999,0.4212126972058544,0.12050288915634155
agglomerative,0.5,2271,999,0.4316669834632199,0.11751812696456909
agglomerative,0.5,2326,999,0.44212126972058546,0.11465024948120117
agglomerative,0.5,2382,999,0.45276563390990304,0.11196470260620117
agglomerative,0.5,2437,999,0.4632199201672686,0.10916978120803833
agglomerative,0.5,2493,999,0.4738642843565862,0.10622191429138184
agglomerative,0.5,2548,999,0.4843185706139517,0.10317713022232056
agglomerative,0.5,2603,999,0.4947728568713172,0.10010230541229248
agglomerative,0.5,2659,999,0.5054172210606349,0.09710991382598877
agglomerative,0.5,2714,999,0.5158715073180004,0.09375119209289551
agglomerative,0.5,2769,999,0.5263257935753659,0.0907239317893982
agglomerative,0.5,2825,999,0.5369701577646835,0.08808648586273193
agglomerative,0.5,2880,999,0.547424444022049,0.08492624759674072
agglomerative,0.5,2936,999,0.5580688082113666,0.08232468366622925
agglomerative,0.5,2991,999,0.5685230944687322,0.07949012517929077
agglomerative,0.5,3046,999,0.5789773807260977,0.07675039768218994
agglomerative,0.5,3102,999,0.5896217449154153,0.07412576675415039
agglomerative,0.5,3157,999,0.6000760311727809,0.07114207744598389
agglomerative,0.5,3212,999,0.6105303174301464,0.06834518909454346
agglomerative,0.5,3268,999,0.621174681619464,0.06537789106369019
agglomerative,0.5,3323,999,0.6316289678768295,0.06254780292510986
agglomerative,0.5,3378,999,0.642083254134195,0.05993294715881348
agglomerative,0.5,3434,999,0.6527276183235127,0.057364046573638916
agglomerative,0.5,3489,999,0.6631819045808781,0.05474436283111572
agglomerative,0.5,3545,999,0.6738262687701958,0.05241650342941284
agglomerative,0.5,3600,999,0.6842805550275614,0.05016225576400757
agglomerative,0.5,3655,999,0.6947348412849268,0.048027873039245605
agglomerative,0.5,3711,999,0.7053792054742445,0.0459674596786499
agglomerative,0.5,3766,999,0.7158334917316099,0.04371434450149536
agglomerative,0.5,3821,999,0.7262877779889755,0.04169720411300659
agglomerative,0.5,3877,999,0.7369321421782931,0.0398174524307251
agglomerative,0.5,3932,999,0.7473864284356586,0.03797805309295654
agglomerative,0.5,3988,999,0.7580307926249762,0.03635376691818237
agglomerative,0.5,4043,999,0.7684850788823417,0.03449881076812744
agglomerative,0.5,4098,999,0.7789393651397073,0.03274428844451904
agglomerative,0.5,4154,999,0.7895837293290249,0.03123563528060913
agglomerative,0.5,4209,999,0.8000380155863904,0.029815077781677246
agglomerative,0.5,4264,999,0.810492301843756,0.02819913625717163
agglomerative,0.5,4320,999,0.8211366660330736,0.026737689971923828
agglomerative,0.5,4375,999,0.8315909522904391,0.025334954261779785
agglomerative,0.5,4430,999,0.8420452385478046,0.02358424663543701
agglomerative,0.5,4486,999,0.8526896027371222,0.022075355052947998
agglomerative,0.5,4541,999,0.8631438889944877,0.02073138952255249
agglomerative,0.5,4597,999,0.8737882531838054,0.01929342746734619
agglomerative,0.5,4652,999,0.8842425394411709,0.017987489700317383
agglomerative,0.5,4707,999,0.8946968256985364,0.016705691814422607
agglomerative,0.5,4763,999,0.9053411898878541,0.015252411365509033
agglomerative,0.5,4818,999,0.9157954761452195,0.013816118240356445
agglomerative,0.5,4873,999,0.926249762402585,0.012337863445281982
agglomerative,0.5,4929,999,0.9368941265919026,0.010680317878723145
agglomerative,0.5,4984,999,0.9473484128492682,0.009021878242492676
agglomerative,0.5,5040,999,0.9579927770385859,0.007241666316986084
agglomerative,0.5,5095,999,0.9684470632959513,0.0052343010902404785
agglomerative,0.5,5150,999,0.9789013495533169,0.0029491782188415527
agglomerative,0.5,5206,999,0.9895457137426344,0.000409543514251709
agglomerative,0.5,5261,999,1.0,0.0
agglomerative,0.51,1,999,0.00019007793195210037,0.9061857461929321
agglomerative,0.51,56,999,0.01064436418931762,0.5744873285293579
agglomerative,0.51,112,999,0.02128872837863524,0.41272300481796265
agglomerative,0.51,167,999,0.03174301463600076,0.35013800859451294
agglomerative,0.51,222,999,0.04219730089336628,0.3152300715446472
agglomerative,0.51,278,999,0.0528416650826839,0.2937934994697571
agglomerative,0.51,333,999,0.06329595134004942,0.27790015935897827
agglomerative,0.51,389,999,0.07394031552936704,0.26587826013565063
agglomerative,0.51,444,999,0.08439460178673255,0.2578609585762024
agglomerative,0.51,499,999,0.09484888804409808,0.25146913528442383
agglomerative,0.51,555,999,0.1054932522334157,0.24513018131256104
agglomerative,0.51,610,999,0.11594753849078122,0.23733830451965332
agglomerative,0.51,665,999,0.12640182474814673,0.23241758346557617
agglomerative,0.51,721,999,0.13704618893746437,0.22599291801452637
agglomerative,0.51,776,999,0.14750047519482987,0.21998536586761475
agglomerative,0.51,832,999,0.1581448393841475,0.21468794345855713
agglomerative,0.51,887,999,0.16859912564151303,0.21079003810882568
agglomerative,0.51,942,999,0.17905341189887855,0.20669132471084595
agglomerative,0.51,998,999,0.18969777608819616,0.20165103673934937
agglomerative,0.51,1053,999,0.20015206234556168,0.19745832681655884
agglomerative,0.51,1108,999,0.2106063486029272,0.19304251670837402
agglomerative,0.51,1164,999,0.2212507127922448,0.18906599283218384
agglomerative,0.51,1219,999,0.23170499904961034,0.1836472749710083
agglomerative,0.51,1274,999,0.24215928530697586,0.1802399754524231
agglomerative,0.51,1330,999,0.25280364949629347,0.17619693279266357
agglomerative,0.51,1385,999,0.263257935753659,0.17154061794281006
agglomerative,0.51,1441,999,0.2739022999429766,0.16739106178283691
agglomerative,0.51,1496,999,0.28435658620034215,0.1643465757369995
agglomerative,0.51,1551,999,0.29481087245770765,0.1612427830696106
agglomerative,0.51,1607,999,0.3054552366470253,0.15726613998413086
agglomerative,0.51,1662,999,0.3159095229043908,0.15383410453796387
agglomerative,0.51,1717,999,0.32636380916175634,0.14979791641235352
agglomerative,0.51,1773,999,0.3370081733510739,0.14629578590393066
agglomerative,0.51,1828,999,0.34746245960843947,0.14350265264511108
agglomerative,0.51,1884,999,0.3581068237977571,0.1399674415588379
agglomerative,0.51,1939,999,0.3685611100551226,0.13629883527755737
agglomerative,0.51,1994,999,0.3790153963124881,0.1335315704345703
agglomerative,0.51,2050,999,0.38965976050180573,0.13030344247817993
agglomerative,0.51,2105,999,0.4001140467591713,0.12737351655960083
agglomerative,0.51,2160,999,0.4105683330165368,0.12440437078475952
agglomerative,0.51,2216,999,0.4212126972058544,0.12050294876098633
agglomerative,0.51,2271,999,0.4316669834632199,0.11751830577850342
agglomerative,0.51,2326,999,0.44212126972058546,0.11465036869049072
agglomerative,0.51,2382,999,0.45276563390990304,0.11196506023406982
agglomerative,0.51,2437,999,0.4632199201672686,0.10916972160339355
agglomerative,0.51,2493,999,0.4738642843565862,0.10622173547744751
agglomerative,0.51,2548,999,0.4843185706139517,0.10317724943161011
agglomerative,0.51,2603,999,0.4947728568713172,0.10010278224945068
agglomerative,0.51,2659,999,0.5054172210606349,0.09711015224456787
agglomerative,0.51,2714,999,0.5158715073180004,0.09375083446502686
agglomerative,0.51,2769,999,0.5263257935753659,0.09072399139404297
agglomerative,0.51,2825,999,0.5369701577646835,0.08808660507202148
agglomerative,0.51,2880,999,0.547424444022049,0.08492600917816162
agglomerative,0.51,2936,999,0.5580688082113666,0.08232462406158447
agglomerative,0.51,2991,999,0.5685230944687322,0.07948994636535645
agglomerative,0.51,3046,999,0.5789773807260977,0.07675039768218994
agglomerative,0.51,3102,999,0.5896217449154153,0.07412558794021606
agglomerative,0.51,3157,999,0.6000760311727809,0.07114171981811523
agglomerative,0.51,3212,999,0.6105303174301464,0.06834501028060913
agglomerative,0.51,3268,999,0.621174681619464,0.06537777185440063
agglomerative,0.51,3323,999,0.6316289678768295,0.06254726648330688
agglomerative,0.51,3378,999,0.642083254134195,0.05993199348449707
agglomerative,0.51,3434,999,0.6527276183235127,0.05736261606216431
agglomerative,0.51,3489,999,0.6631819045808781,0.05474287271499634
agglomerative,0.51,3545,999,0.6738262687701958,0.052415549755096436
agglomerative,0.51,3600,999,0.6842805550275614,0.050161898136138916
agglomerative,0.51,3655,999,0.6947348412849268,0.048027634620666504
agglomerative,0.51,3711,999,0.7053792054742445,0.045967161655426025
agglomerative,0.51,3766,999,0.7158334917316099,0.043714165687561035
agglomerative,0.51,3821,999,0.7262877779889755,0.04169696569442749
agglomerative,0.51,3877,999,0.7369321421782931,0.03981739282608032
agglomerative,0.51,3932,999,0.7473864284356586,0.03797799348831177
agglomerative,0.51,3988,999,0.7580307926249762,0.03635340929031372
agglomerative,0.51,4043,999,0.7684850788823417,0.034498751163482666
agglomerative,0.51,4098,999,0.7789393651397073,0.03274458646774292
agglomerative,0.51,4154,999,0.7895837293290249,0.031235814094543457
agglomerative,0.51,4209,999,0.8000380155863904,0.029815375804901123
agglomerative,0.51,4264,999,0.810492301843756,0.02819967269897461
agglomerative,0.51,4320,999,0.8211366660330736,0.026738405227661133
agglomerative,0.51,4375,999,0.8315909522904391,0.025335073471069336
agglomerative,0.51,4430,999,0.8420452385478046,0.02358412742614746
agglomerative,0.51,4486,999,0.8526896027371222,0.022075235843658447
agglomerative,0.51,4541,999,0.8631438889944877,0.020731747150421143
agglomerative,0.51,4597,999,0.8737882531838054,0.019293904304504395
agglomerative,0.51,4652,999,0.8842425394411709,0.017987847328186035
agglomerative,0.51,4707,999,0.8946968256985364,0.016706228256225586
agglomerative,0.51,4763,999,0.9053411898878541,0.015252470970153809
agglomerative,0.51,4818,999,0.9157954761452195,0.01381593942642212
agglomerative,0.51,4873,999,0.926249762402585,0.012337982654571533
agglomerative,0.51,4929,999,0.9368941265919026,0.010680198669433594
agglomerative,0.51,4984,999,0.9473484128492682,0.009021997451782227
agglomerative,0.51,5040,999,0.9579927770385859,0.007241666316986084
agglomerative,0.51,5095,999,0.9684470632959513,0.005234420299530029
agglomerative,0.51,5150,999,0.9789013495533169,0.0029491186141967773
agglomerative,0.51,5206,999,0.9895457137426344,0.000409543514251709
agglomerative,0.51,5261,999,1.0,0.0
agglomerative,0.52,1,999,0.00019007793195210037,0.9196034669876099
agglomerative,0.52,56,999,0.01064436418931762,0.5891391038894653
agglomerative,0.52,112,999,0.02128872837863524,0.42531049251556396
agglomerative,0.52,167,999,0.03174301463600076,0.3607891798019409
agglomerative,0.52,222,999,0.04219730089336628,0.32274502515792847
agglomerative,0.52,278,999,0.0528416650826839,0.2977811098098755
agglomerative,0.52,333,999,0.06329595134004942,0.2790607213973999
agglomerative,0.52,389,999,0.07394031552936704,0.26564890146255493
agglomerative,0.52,444,999,0.08439460178673255,0.2584475874900818
agglomerative,0.52,499,999,0.09484888804409808,0.2515295743942261
agglomerative,0.52,555,999,0.1054932522334157,0.24372750520706177
agglomerative,0.52,610,999,0.11594753849078122,0.2375650405883789
agglomerative,0.52,665,999,0.12640182474814673,0.23182421922683716
agglomerative,0.52,721,999,0.13704618893746437,0.22572916746139526
agglomerative,0.52,776,999,0.14750047519482987,0.22018730640411377
agglomerative,0.52,832,999,0.1581448393841475,0.21438586711883545
agglomerative,0.52,887,999,0.16859912564151303,0.2107454538345337
agglomerative,0.52,942,999,0.17905341189887855,0.20640403032302856
agglomerative,0.52,998,999,0.18969777608819616,0.20212852954864502
agglomerative,0.52,1053,999,0.20015206234556168,0.19809401035308838
agglomerative,0.52,1108,999,0.2106063486029272,0.1929956078529358
agglomerative,0.52,1164,999,0.2212507127922448,0.18909072875976562
agglomerative,0.52,1219,999,0.23170499904961034,0.18366646766662598
agglomerative,0.52,1274,999,0.24215928530697586,0.18025940656661987
agglomerative,0.52,1330,999,0.25280364949629347,0.17621451616287231
agglomerative,0.52,1385,999,0.263257935753659,0.17136293649673462
agglomerative,0.52,1441,999,0.2739022999429766,0.16739344596862793
agglomerative,0.52,1496,999,0.28435658620034215,0.16434937715530396
agglomerative,0.52,1551,999,0.29481087245770765,0.16124582290649414
agglomerative,0.52,1607,999,0.3054552366470253,0.15726912021636963
agglomerative,0.52,1662,999,0.3159095229043908,0.15383708477020264
agglomerative,0.52,1717,999,0.32636380916175634,0.14980077743530273
agglomerative,0.52,1773,999,0.3370081733510739,0.14629864692687988
agglomerative,0.52,1828,999,0.34746245960843947,0.14330822229385376
agglomerative,0.52,1884,999,0.3581068237977571,0.13996732234954834
agglomerative,0.52,1939,999,0.3685611100551226,0.13629889488220215
agglomerative,0.52,1994,999,0.3790153963124881,0.1335313320159912
agglomerative,0.52,2050,999,0.38965976050180573,0.13030320405960083
agglomerative,0.52,2105,999,0.4001140467591713,0.12737298011779785
agglomerative,0.52,2160,999,0.4105683330165368,0.12440401315689087
agglomerative,0.52,2216,999,0.4212126972058544,0.12050294876098633
agglomerative,0.52,2271,999,0.4316669834632199,0.11751824617385864
agglomerative,0.52,2326,999,0.44212126972058546,0.11465060710906982
agglomerative,0.52,2382,999,0.45276563390990304,0.11196523904800415
agglomerative,0.52,2437,999,0.4632199201672686,0.10917007923126221
agglomerative,0.52,2493,999,0.4738642843565862,0.10622239112854004
agglomerative,0.52,2548,999,0.4843185706139517,0.10317724943161011
agglomerative,0.52,2603,999,0.4947728568713172,0.10010278224945068
agglomerative,0.52,2659,999,0.5054172210606349,0.0971100926399231
agglomerative,0.52,2714,999,0.5158715073180004,0.09375089406967163
agglomerative,0.52,2769,999,0.5263257935753659,0.0907239317893982
agglomerative,0.52,2825,999,0.5369701577646835,0.08808654546737671
agglomerative,0.52,2880,999,0.547424444022049,0.08492648601531982
agglomerative,0.52,2936,999,0.5580688082113666,0.08232498168945312
agglomerative,0.52,2991,999,0.5685230944687322,0.07949036359786987
agglomerative,0.52,3046,999,0.5789773807260977,0.0767507553100586
agglomerative,0.52,3102,999,0.5896217449154153,0.07412594556808472
agglomerative,0.52,3157,999,0.6000760311727809,0.07114237546920776
agglomerative,0.52,3212,999,0.6105303174301464,0.06834548711776733
agglomerative,0.52,3268,999,0.621174681619464,0.06537818908691406
agglomerative,0.52,3323,999,0.6316289678768295,0.06254780292510986
agglomerative,0.52,3378,999,0.642083254134195,0.05993229150772095
agglomerative,0.52,3434,999,0.6527276183235127,0.057363808155059814
agglomerative,0.52,3489,999,0.6631819045808781,0.05474364757537842
agglomerative,0.52,3545,999,0.6738262687701958,0.052416205406188965
agglomerative,0.52,3600,999,0.6842805550275614,0.05016225576400757
agglomerative,0.52,3655,999,0.6947348412849268,0.04802793264389038
agglomerative,0.52,3711,999,0.7053792054742445,0.045967280864715576
agglomerative,0.52,3766,999,0.7158334917316099,0.043714165687561035
agglomerative,0.52,3821,999,0.7262877779889755,0.04169696569442749
agglomerative,0.52,3877,999,0.7369321421782931,0.039817214012145996
agglomerative,0.52,3932,999,0.7473864284356586,0.037977635860443115
agglomerative,0.52,3988,999,0.7580307926249762,0.036353349685668945
agglomerative,0.52,4043,999,0.7684850788823417,0.034498751163482666
agglomerative,0.52,4098,999,0.7789393651397073,0.032744407653808594
agglomerative,0.52,4154,999,0.7895837293290249,0.03123539686203003
agglomerative,0.52,4209,999,0.8000380155863904,0.029815316200256348
agglomerative,0.52,4264,999,0.810492301843756,0.028199374675750732
agglomerative,0.52,4320,999,0.8211366660330736,0.026737868785858154
agglomerative,0.52,4375,999,0.8315909522904391,0.02533513307571411
agglomerative,0.52,4430,999,0.8420452385478046,0.023584425449371338
agglomerative,0.52,4486,999,0.8526896027371222,0.022075355052947998
agglomerative,0.52,4541,999,0.8631438889944877,0.020731329917907715
agglomerative,0.52,4597,999,0.8737882531838054,0.01929372549057007
agglomerative,0.52,4652,999,0.8842425394411709,0.017987847328186035
agglomerative,0.52,4707,999,0.8946968256985364,0.016706347465515137
agglomerative,0.52,4763,999,0.9053411898878541,0.015252470970153809
agglomerative,0.52,4818,999,0.9157954761452195,0.01381593942642212
agglomerative,0.52,4873,999,0.926249762402585,0.012337863445281982
agglomerative,0.52,4929,999,0.9368941265919026,0.010680079460144043
agglomerative,0.52,4984,999,0.9473484128492682,0.0090218186378479
agglomerative,0.52,5040,999,0.9579927770385859,0.007241666316986084
agglomerative,0.52,5095,999,0.9684470632959513,0.005234181880950928
agglomerative,0.52,5150,999,0.9789013495533169,0.0029492974281311035
agglomerative,0.52,5206,999,0.9895457137426344,0.000409543514251709
agglomerative,0.52,5261,999,1.0,0.0
agglomerative,0.53,1,999,0.00019007793195210037,0.9312300086021423
agglomerative,0.53,56,999,0.01064436418931762,0.5904106497764587
agglomerative,0.53,112,999,0.02128872837863524,0.4420374631881714
agglomerative,0.53,167,999,0.03174301463600076,0.3694761395454407
agglomerative,0.53,222,999,0.04219730089336628,0.3334115743637085
agglomerative,0.53,278,999,0.0528416650826839,0.3061196804046631
agglomerative,0.53,333,999,0.06329595134004942,0.2828570604324341
agglomerative,0.53,389,999,0.07394031552936704,0.26710045337677
agglomerative,0.53,444,999,0.08439460178673255,0.2591090798377991
agglomerative,0.53,499,999,0.09484888804409808,0.25039398670196533
agglomerative,0.53,555,999,0.1054932522334157,0.2430993914604187
agglomerative,0.53,610,999,0.11594753849078122,0.237407386302948
agglomerative,0.53,665,999,0.12640182474814673,0.23184698820114136
agglomerative,0.53,721,999,0.13704618893746437,0.22537356615066528
agglomerative,0.53,776,999,0.14750047519482987,0.21969866752624512
agglomerative,0.53,832,999,0.1581448393841475,0.21443289518356323
agglomerative,0.53,887,999,0.16859912564151303,0.2104731798171997
agglomerative,0.53,942,999,0.17905341189887855,0.20619136095046997
agglomerative,0.53,998,999,0.18969777608819616,0.20142316818237305
agglomerative,0.53,1053,999,0.20015206234556168,0.19761115312576294
agglomerative,0.53,1108,999,0.2106063486029272,0.19284367561340332
agglomerative,0.53,1164,999,0.2212507127922448,0.18885082006454468
agglomerative,0.53,1219,999,0.23170499904961034,0.18352216482162476
agglomerative,0.53,1274,999,0.24215928530697586,0.18027019500732422
agglomerative,0.53,1330,999,0.25280364949629347,0.17624974250793457
agglomerative,0.53,1385,999,0.263257935753659,0.17138135433197021
agglomerative,0.53,1441,999,0.2739022999429766,0.16753411293029785
agglomerative,0.53,1496,999,0.28435658620034215,0.16438329219818115
agglomerative,0.53,1551,999,0.29481087245770765,0.16124320030212402
agglomerative,0.53,1607,999,0.3054552366470253,0.15744686126708984
agglomerative,0.53,1662,999,0.3159095229043908,0.15383970737457275
agglomerative,0.53,1717,999,0.32636380916175634,0.1498037576675415
agglomerative,0.53,1773,999,0.3370081733510739,0.1463015079498291
agglomerative,0.53,1828,999,0.34746245960843947,0.1433112621307373
agglomerative,0.53,1884,999,0.3581068237977571,0.13997042179107666
agglomerative,0.53,1939,999,0.3685611100551226,0.1363019347190857
agglomerative,0.53,1994,999,0.3790153963124881,0.13353437185287476
agglomerative,0.53,2050,999,0.38965976050180573,0.13030636310577393
agglomerative,0.53,2105,999,0.4001140467591713,0.12737655639648438
agglomerative,0.53,2160,999,0.4105683330165368,0.12440723180770874
agglomerative,0.53,2216,999,0.4212126972058544,0.12050634622573853
agglomerative,0.53,2271,999,0.4316669834632199,0.11733585596084595
agglomerative,0.53,2326,999,0.44212126972058546,0.1146506667137146
agglomerative,0.53,2382,999,0.45276563390990304,0.11196541786193848
agglomerative,0.53,2437,999,0.4632199201672686,0.10917025804519653
agglomerative,0.53,2493,999,0.4738642843565862,0.10622227191925049
agglomerative,0.53,2548,999,0.4843185706139517,0.10317754745483398
agglomerative,0.53,2603,999,0.4947728568713172,0.10010272264480591
agglomerative,0.53,2659,999,0.5054172210606349,0.0971100926399231
agglomerative,0.53,2714,999,0.5158715073180004,0.0937509536743164
agglomerative,0.53,2769,999,0.5263257935753659,0.09072422981262207
agglomerative,0.53,2825,999,0.5369701577646835,0.08808672428131104
agglomerative,0.53,2880,999,0.547424444022049,0.08492612838745117
agglomerative,0.53,2936,999,0.5580688082113666,0.08232450485229492
agglomerative,0.53,2991,999,0.5685230944687322,0.07948964834213257
agglomerative,0.53,3046,999,0.5789773807260977,0.07675033807754517
agglomerative,0.53,3102,999,0.5896217449154153,0.07412564754486084
agglomerative,0.53,3157,999,0.6000760311727809,0.07114255428314209
agglomerative,0.53,3212,999,0.6105303174301464,0.06834566593170166
agglomerative,0.53,3268,999,0.621174681619464,0.06537806987762451
agglomerative,0.53,3323,999,0.6316289678768295,0.06254804134368896
agglomerative,0.53,3378,999,0.642083254134195,0.05993247032165527
agglomerative,0.53,3434,999,0.6527276183235127,0.05736345052719116
agglomerative,0.53,3489,999,0.6631819045808781,0.054743289947509766
agglomerative,0.53,3545,999,0.6738262687701958,0.052416205406188965
agglomerative,0.53,3600,999,0.6842805550275614,0.05016201734542847
agglomerative,0.53,3655,999,0.6947348412849268,0.04802781343460083
agglomerative,0.53,3711,999,0.7053792054742445,0.04596757888793945
agglomerative,0.53,3766,999,0.7158334917316099,0.04371452331542969
agglomerative,0.53,3821,999,0.7262877779889755,0.04169732332229614
agglomerative,0.53,3877,999,0.7369321421782931,0.03981781005859375
agglomerative,0.53,3932,999,0.7473864284356586,0.037978172302246094
agglomerative,0.53,3988,999,0.7580307926249762,0.036354005336761475
agglomerative,0.53,4043,999,0.7684850788823417,0.03449904918670654
agglomerative,0.53,4098,999,0.7789393651397073,0.03274494409561157
agglomerative,0.53,4154,999,0.7895837293290249,0.031235873699188232
agglomerative,0.53,4209,999,0.8000380155863904,0.02981513738632202
agglomerative,0.53,4264,999,0.810492301843756,0.02819913625717163
agglomerative,0.53,4320,999,0.8211366660330736,0.026737987995147705
agglomerative,0.53,4375,999,0.8315909522904391,0.025334954261779785
agglomerative,0.53,4430,999,0.8420452385478046,0.023583710193634033
agglomerative,0.53,4486,999,0.8526896027371222,0.022075116634368896
agglomerative,0.53,4541,999,0.8631438889944877,0.02073138952255249
agglomerative,0.53,4597,999,0.8737882531838054,0.019293546676635742
agglomerative,0.53,4652,999,0.8842425394411709,0.017987608909606934
agglomerative,0.53,4707,999,0.8946968256985364,0.016705870628356934
agglomerative,0.53,4763,999,0.9053411898878541,0.015252411365509033
agglomerative,0.53,4818,999,0.9157954761452195,0.013815999031066895
agglomerative,0.53,4873,999,0.926249762402585,0.012337982654571533
agglomerative,0.53,4929,999,0.9368941265919026,0.010680437088012695
agglomerative,0.53,4984,999,0.9473484128492682,0.0090218186378479
agglomerative,0.53,5040,999,0.9579927770385859,0.007241427898406982
agglomerative,0.53,5095,999,0.9684470632959513,0.005234420299530029
agglomerative,0.53,5150,999,0.9789013495533169,0.0029491186141967773
agglomerative,0.53,5206,999,0.9895457137426344,0.000409543514251709
agglomerative,0.53,5261,999,1.0,0.0
agglomerative,0.54,1,999,0.00019007793195210037,0.9412007331848145
agglomerative,0.54,56,999,0.01064436418931762,0.6128535866737366
agglomerative,0.54,112,999,0.02128872837863524,0.4517338275909424
agglomerative,0.54,167,999,0.03174301463600076,0.3786090612411499
agglomerative,0.54,222,999,0.04219730089336628,0.3378622531890869
agglomerative,0.54,278,999,0.0528416650826839,0.31272149085998535
agglomerative,0.54,333,999,0.06329595134004942,0.2874569892883301
agglomerative,0.54,389,999,0.07394031552936704,0.27023565769195557
agglomerative,0.54,444,999,0.08439460178673255,0.2590608596801758
agglomerative,0.54,499,999,0.09484888804409808,0.2504602074623108
agglomerative,0.54,555,999,0.1054932522334157,0.24303269386291504
agglomerative,0.54,610,999,0.11594753849078122,0.23744386434555054
agglomerative,0.54,665,999,0.12640182474814673,0.23187381029129028
agglomerative,0.54,721,999,0.13704618893746437,0.22617971897125244
agglomerative,0.54,776,999,0.14750047519482987,0.21879863739013672
agglomerative,0.54,832,999,0.1581448393841475,0.21413642168045044
agglomerative,0.54,887,999,0.16859912564151303,0.21035635471343994
agglomerative,0.54,942,999,0.17905341189887855,0.20529508590698242
agglomerative,0.54,998,999,0.18969777608819616,0.20131731033325195
agglomerative,0.54,1053,999,0.20015206234556168,0.19661617279052734
agglomerative,0.54,1108,999,0.2106063486029272,0.1925700306892395
agglomerative,0.54,1164,999,0.2212507127922448,0.18890637159347534
agglomerative,0.54,1219,999,0.23170499904961034,0.1835782527923584
agglomerative,0.54,1274,999,0.24215928530697586,0.1800520420074463
agglomerative,0.54,1330,999,0.25280364949629347,0.17506355047225952
agglomerative,0.54,1385,999,0.263257935753659,0.1713910698890686
agglomerative,0.54,1441,999,0.2739022999429766,0.1675441861152649
agglomerative,0.54,1496,999,0.28435658620034215,0.1643940806388855
agglomerative,0.54,1551,999,0.29481087245770765,0.1612449288368225
agglomerative,0.54,1607,999,0.3054552366470253,0.15745288133621216
agglomerative,0.54,1662,999,0.3159095229043908,0.1538456678390503
agglomerative,0.54,1717,999,0.32636380916175634,0.1498098373413086
agglomerative,0.54,1773,999,0.3370081733510739,0.14630794525146484
agglomerative,0.54,1828,999,0.34746245960843947,0.14331495761871338
agglomerative,0.54,1884,999,0.3581068237977571,0.13995051383972168
agglomerative,0.54,1939,999,0.3685611100551226,0.13630205392837524
agglomerative,0.54,1994,999,0.3790153963124881,0.13353466987609863
agglomerative,0.54,2050,999,0.38965976050180573,0.13030648231506348
agglomerative,0.54,2105,999,0.4001140467591713,0.12737661600112915
agglomerative,0.54,2160,999,0.4105683330165368,0.12440747022628784
agglomerative,0.54,2216,999,0.4212126972058544,0.1205061674118042
agglomerative,0.54,2271,999,0.4316669834632199,0.1173359751701355
agglomerative,0.54,2326,999,0.44212126972058546,0.11465048789978027
agglomerative,0.54,2382,999,0.45276563390990304,0.11196494102478027
agglomerative,0.54,2437,999,0.4632199201672686,0.10917001962661743
agglomerative,0.54,2493,999,0.4738642843565862,0.10622209310531616
agglomerative,0.54,2548,999,0.4843185706139517,0.10317707061767578
agglomerative,0.54,2603,999,0.4947728568713172,0.10010206699371338
agglomerative,0.54,2659,999,0.5054172210606349,0.09710949659347534
agglomerative,0.54,2714,999,0.5158715073180004,0.09375065565109253
agglomerative,0.54,2769,999,0.5263257935753659,0.09072351455688477
agglomerative,0.54,2825,999,0.5369701577646835,0.08808630704879761
agglomerative,0.54,2880,999,0.547424444022049,0.08492612838745117
agglomerative,0.54,2936,999,0.5580688082113666,0.08232438564300537
agglomerative,0.54,2991,999,0.5685230944687322,0.07948970794677734
agglomerative,0.54,3046,999,0.5789773807260977,0.07675015926361084
agglomerative,0.54,3102,999,0.5896217449154153,0.07412523031234741
agglomerative,0.54,3157,999,0.6000760311727809,0.07114166021347046
agglomerative,0.54,3212,999,0.6105303174301464,0.06834489107131958
agglomerative,0.54,3268,999,0.621174681619464,0.06537723541259766
agglomerative,0.54,3323,999,0.6316289678768295,0.06254738569259644
agglomerative,0.54,3378,999,0.642083254134195,0.05993187427520752
agglomerative,0.54,3434,999,0.6527276183235127,0.05736333131790161
agglomerative,0.54,3489,999,0.6631819045808781,0.054743409156799316
agglomerative,0.54,3545,999,0.6738262687701958,0.05241590738296509
agglomerative,0.54,3600,999,0.6842805550275614,0.05016225576400757
agglomerative,0.54,3655,999,0.6947348412849268,0.048027873039245605
agglomerative,0.54,3711,999,0.7053792054742445,0.04596763849258423
agglomerative,0.54,3766,999,0.7158334917316099,0.04371464252471924
agglomerative,0.54,3821,999,0.7262877779889755,0.04169726371765137
agglomerative,0.54,3877,999,0.7369321421782931,0.0398176908493042
agglomerative,0.54,3932,999,0.7473864284356586,0.03797805309295654
agglomerative,0.54,3988,999,0.7580307926249762,0.03635376691818237
agglomerative,0.54,4043,999,0.7684850788823417,0.034498751163482666
agglomerative,0.54,4098,999,0.7789393651397073,0.03274470567703247
agglomerative,0.54,4154,999,0.7895837293290249,0.031235933303833008
agglomerative,0.54,4209,999,0.8000380155863904,0.029815495014190674
agglomerative,0.54,4264,999,0.810492301843756,0.028199315071105957
agglomerative,0.54,4320,999,0.8211366660330736,0.026737570762634277
agglomerative,0.54,4375,999,0.8315909522904391,0.025334537029266357
agglomerative,0.54,4430,999,0.8420452385478046,0.02358412742614746
agglomerative,0.54,4486,999,0.8526896027371222,0.022075355052947998
agglomerative,0.54,4541,999,0.8631438889944877,0.020731329917907715
agglomerative,0.54,4597,999,0.8737882531838054,0.019293665885925293
agglomerative,0.54,4652,999,0.8842425394411709,0.01798766851425171
agglomerative,0.54,4707,999,0.8946968256985364,0.016705870628356934
agglomerative,0.54,4763,999,0.9053411898878541,0.015252411365509033
agglomerative,0.54,4818,999,0.9157954761452195,0.013815820217132568
agglomerative,0.54,4873,999,0.926249762402585,0.012337863445281982
agglomerative,0.54,4929,999,0.9368941265919026,0.010680317878723145
agglomerative,0.54,4984,999,0.9473484128492682,0.009021759033203125
agglomerative,0.54,5040,999,0.9579927770385859,0.007241427898406982
agglomerative,0.54,5095,999,0.9684470632959513,0.0052343010902404785
agglomerative,0.54,5150,999,0.9789013495533169,0.0029491186141967773
agglomerative,0.54,5206,999,0.9895457137426344,0.0004093647003173828
agglomerative,0.54,5261,999,1.0,0.0
agglomerative,0.55,1,999,0.00019007793195210037,0.9497069120407104
agglomerative,0.55,56,999,0.01064436418931762,0.6400548815727234
agglomerative,0.55,112,999,0.02128872837863524,0.45728927850723267
agglomerative,0.55,167,999,0.03174301463600076,0.3891105651855469
agglomerative,0.55,222,999,0.04219730089336628,0.34818440675735474
agglomerative,0.55,278,999,0.0528416650826839,0.3188015818595886
agglomerative,0.55,333,999,0.06329595134004942,0.29731762409210205
agglomerative,0.55,389,999,0.07394031552936704,0.2754884362220764
agglomerative,0.55,444,999,0.08439460178673255,0.26121681928634644
agglomerative,0.55,499,999,0.09484888804409808,0.2507355213165283
agglomerative,0.55,555,999,0.1054932522334157,0.24361169338226318
agglomerative,0.55,610,999,0.11594753849078122,0.23730409145355225
agglomerative,0.55,665,999,0.12640182474814673,0.2304205298423767
agglomerative,0.55,721,999,0.13704618893746437,0.22527003288269043
agglomerative,0.55,776,999,0.14750047519482987,0.21958577632904053
agglomerative,0.55,832,999,0.1581448393841475,0.213753342628479
agglomerative,0.55,887,999,0.16859912564151303,0.2093072533607483
agglomerative,0.55,942,999,0.17905341189887855,0.20514440536499023
agglomerative,0.55,998,999,0.18969777608819616,0.20104074478149414
agglomerative,0.55,1053,999,0.20015206234556168,0.1969892978668213
agglomerative,0.55,1108,999,0.2106063486029272,0.19210821390151978
agglomerative,0.55,1164,999,0.2212507127922448,0.18795478343963623
agglomerative,0.55,1219,999,0.23170499904961034,0.18339645862579346
agglomerative,0.55,1274,999,0.24215928530697586,0.17960143089294434
agglomerative,0.55,1330,999,0.25280364949629347,0.1750873327255249
agglomerative,0.55,1385,999,0.263257935753659,0.17141491174697876
agglomerative,0.55,1441,999,0.2739022999429766,0.16743892431259155
agglomerative,0.55,1496,999,0.28435658620034215,0.1643635630607605
agglomerative,0.55,1551,999,0.29481087245770765,0.1610890030860901
agglomerative,0.55,1607,999,0.3054552366470253,0.1572871208190918
agglomerative,0.55,1662,999,0.3159095229043908,0.15382540225982666
agglomerative,0.55,1717,999,0.32636380916175634,0.14981263875961304
agglomerative,0.55,1773,999,0.3370081733510739,0.14607179164886475
agglomerative,0.55,1828,999,0.34746245960843947,0.14331501722335815
agglomerative,0.55,1884,999,0.3581068237977571,0.139950692653656
agglomerative,0.55,1939,999,0.3685611100551226,0.1363021731376648
agglomerative,0.55,1994,999,0.3790153963124881,0.13353455066680908
agglomerative,0.55,2050,999,0.38965976050180573,0.13030660152435303
agglomerative,0.55,2105,999,0.4001140467591713,0.1273767352104187
agglomerative,0.55,2160,999,0.4105683330165368,0.12440747022628784
agglomerative,0.55,2216,999,0.4212126972058544,0.12050682306289673
agglomerative,0.55,2271,999,0.4316669834632199,0.11733609437942505
agglomerative,0.55,2326,999,0.44212126972058546,0.1146506667137146
agglomerative,0.55,2382,999,0.45276563390990304,0.11196547746658325
agglomerative,0.55,2437,999,0.4632199201672686,0.10917001962661743
agglomerative,0.55,2493,999,0.4738642843565862,0.10622233152389526
agglomerative,0.55,2548,999,0.4843185706139517,0.10317736864089966
agglomerative,0.55,2603,999,0.4947728568713172,0.10010284185409546
agglomerative,0.55,2659,999,0.5054172210606349,0.09710991382598877
agglomerative,0.55,2714,999,0.5158715073180004,0.09375065565109253
agglomerative,0.55,2769,999,0.5263257935753659,0.0907239317893982
agglomerative,0.55,2825,999,0.5369701577646835,0.08808684349060059
agglomerative,0.55,2880,999,0.547424444022049,0.08492642641067505
agglomerative,0.55,2936,999,0.5580688082113666,0.08232486248016357
agglomerative,0.55,2991,999,0.5685230944687322,0.07948988676071167
agglomerative,0.55,3046,999,0.5789773807260977,0.07675069570541382
agglomerative,0.55,3102,999,0.5896217449154153,0.07412540912628174
agglomerative,0.55,3157,999,0.6000760311727809,0.07114189863204956
agglomerative,0.55,3212,999,0.6105303174301464,0.06834518909454346
agglomerative,0.55,3268,999,0.621174681619464,0.06537771224975586
agglomerative,0.55,3323,999,0.6316289678768295,0.06254756450653076
agglomerative,0.55,3378,999,0.642083254134195,0.0599324107170105
agglomerative,0.55,3434,999,0.6527276183235127,0.057363808155059814
agglomerative,0.55,3489,999,0.6631819045808781,0.054743826389312744
agglomerative,0.55,3545,999,0.6738262687701958,0.052416861057281494
agglomerative,0.55,3600,999,0.6842805550275614,0.050162672996520996
agglomerative,0.55,3655,999,0.6947348412849268,0.048027753829956055
agglomerative,0.55,3711,999,0.7053792054742445,0.0459674596786499
agglomerative,0.55,3766,999,0.7158334917316099,0.04371410608291626
agglomerative,0.55,3821,999,0.7262877779889755,0.041697025299072266
agglomerative,0.55,3877,999,0.7369321421782931,0.03981757164001465
agglomerative,0.55,3932,999,0.7473864284356586,0.03797805309295654
agglomerative,0.55,3988,999,0.7580307926249762,0.036354124546051025
agglomerative,0.55,4043,999,0.7684850788823417,0.03449887037277222
agglomerative,0.55,4098,999,0.7789393651397073,0.03274470567703247
agglomerative,0.55,4154,999,0.7895837293290249,0.03123605251312256
agglomerative,0.55,4209,999,0.8000380155863904,0.0298159122467041
agglomerative,0.55,4264,999,0.810492301843756,0.028199493885040283
agglomerative,0.55,4320,999,0.8211366660330736,0.02673804759979248
agglomerative,0.55,4375,999,0.8315909522904391,0.025334477424621582
agglomerative,0.55,4430,999,0.8420452385478046,0.023583829402923584
agglomerative,0.55,4486,999,0.8526896027371222,0.022075235843658447
agglomerative,0.55,4541,999,0.8631438889944877,0.020731329917907715
agglomerative,0.55,4597,999,0.8737882531838054,0.019293546676635742
agglomerative,0.55,4652,999,0.8842425394411709,0.017987489700317383
agglomerative,0.55,4707,999,0.8946968256985364,0.01670593023300171
agglomerative,0.55,4763,999,0.9053411898878541,0.015252411365509033
agglomerative,0.55,4818,999,0.9157954761452195,0.013815999031066895
agglomerative,0.55,4873,999,0.926249762402585,0.012337863445281982
agglomerative,0.55,4929,999,0.9368941265919026,0.010680198669433594
agglomerative,0.55,4984,999,0.9473484128492682,0.009021759033203125
agglomerative,0.55,5040,999,0.9579927770385859,0.007241666316986084
agglomerative,0.55,5095,999,0.9684470632959513,0.005234420299530029
agglomerative,0.55,5150,999,0.9789013495533169,0.0029491186141967773
agglomerative,0.55,5206,999,0.9895457137426344,0.0004094243049621582
agglomerative,0.55,5261,999,1.0,0.0
agglomerative,0.56,1,999,0.00019007793195210037,0.9569030404090881
agglomerative,0.56,56,999,0.01064436418931762,0.6484804749488831
agglomerative,0.56,112,999,0.02128872837863524,0.49241822957992554
agglomerative,0.56,167,999,0.03174301463600076,0.3984946608543396
agglomerative,0.56,222,999,0.04219730089336628,0.35780584812164307
agglomerative,0.56,278,999,0.0528416650826839,0.3254765272140503
agglomerative,0.56,333,999,0.06329595134004942,0.30369752645492554
agglomerative,0.56,389,999,0.07394031552936704,0.27999281883239746
agglomerative,0.56,444,999,0.08439460178673255,0.2661965489387512
agglomerative,0.56,499,999,0.09484888804409808,0.25193125009536743
agglomerative,0.56,555,999,0.1054932522334157,0.24216288328170776
agglomerative,0.56,610,999,0.11594753849078122,0.2363099455833435
agglomerative,0.56,665,999,0.12640182474814673,0.23034316301345825
agglomerative,0.56,721,999,0.13704618893746437,0.22511357069015503
agglomerative,0.56,776,999,0.14750047519482987,0.21961098909378052
agglomerative,0.56,832,999,0.1581448393841475,0.21362441778182983
agglomerative,0.56,887,999,0.16859912564151303,0.2092660665512085
agglomerative,0.56,942,999,0.17905341189887855,0.20493972301483154
agglomerative,0.56,998,999,0.18969777608819616,0.20125216245651245
agglomerative,0.56,1053,999,0.20015206234556168,0.1970980167388916
agglomerative,0.56,1108,999,0.2106063486029272,0.19177746772766113
agglomerative,0.56,1164,999,0.2212507127922448,0.18812602758407593
agglomerative,0.56,1219,999,0.23170499904961034,0.1834678053855896
agglomerative,0.56,1274,999,0.24215928530697586,0.17874938249588013
agglomerative,0.56,1330,999,0.25280364949629347,0.17489051818847656
agglomerative,0.56,1385,999,0.263257935753659,0.17136150598526
agglomerative,0.56,1441,999,0.2739022999429766,0.1675128936767578
agglomerative,0.56,1496,999,0.28435658620034215,0.16401231288909912
agglomerative,0.56,1551,999,0.29481087245770765,0.1610986590385437
agglomerative,0.56,1607,999,0.3054552366470253,0.15711742639541626
agglomerative,0.56,1662,999,0.3159095229043908,0.15383273363113403
agglomerative,0.56,1717,999,0.32636380916175634,0.1498163342475891
agglomerative,0.56,1773,999,0.3370081733510739,0.14607542753219604
agglomerative,0.56,1828,999,0.34746245960843947,0.14331871271133423
agglomerative,0.56,1884,999,0.3581068237977571,0.13995087146759033
agglomerative,0.56,1939,999,0.3685611100551226,0.13630253076553345
agglomerative,0.56,1994,999,0.3790153963124881,0.13353466987609863
agglomerative,0.56,2050,999,0.38965976050180573,0.13030654191970825
agglomerative,0.56,2105,999,0.4001140467591713,0.12737661600112915
agglomerative,0.56,2160,999,0.4105683330165368,0.12440711259841919
agglomerative,0.56,2216,999,0.4212126972058544,0.1205064058303833
agglomerative,0.56,2271,999,0.4316669834632199,0.11733561754226685
agglomerative,0.56,2326,999,0.44212126972058546,0.11465048789978027
agglomerative,0.56,2382,999,0.45276563390990304,0.11196517944335938
agglomerative,0.56,2437,999,0.4632199201672686,0.10917001962661743
agglomerative,0.56,2493,999,0.4738642843565862,0.10622209310531616
agglomerative,0.56,2548,999,0.4843185706139517,0.10317724943161011
agglomerative,0.56,2603,999,0.4947728568713172,0.10010260343551636
agglomerative,0.56,2659,999,0.5054172210606349,0.09711015224456787
agglomerative,0.56,2714,999,0.5158715073180004,0.09375125169754028
agglomerative,0.56,2769,999,0.5263257935753659,0.09072405099868774
agglomerative,0.56,2825,999,0.5369701577646835,0.08808654546737671
agglomerative,0.56,2880,999,0.547424444022049,0.08492612838745117
agglomerative,0.56,2936,999,0.5580688082113666,0.08232492208480835
agglomerative,0.56,2991,999,0.5685230944687322,0.0794898271560669
agglomerative,0.56,3046,999,0.5789773807260977,0.07675009965896606
agglomerative,0.56,3102,999,0.5896217449154153,0.07412523031234741
agglomerative,0.56,3157,999,0.6000760311727809,0.07114171981811523
agglomerative,0.56,3212,999,0.6105303174301464,0.06834489107131958
agglomerative,0.56,3268,999,0.621174681619464,0.06537759304046631
agglomerative,0.56,3323,999,0.6316289678768295,0.06254804134368896
agglomerative,0.56,3378,999,0.642083254134195,0.05993276834487915
agglomerative,0.56,3434,999,0.6527276183235127,0.05736410617828369
agglomerative,0.56,3489,999,0.6631819045808781,0.054743826389312744
agglomerative,0.56,3545,999,0.6738262687701958,0.052416324615478516
agglomerative,0.56,3600,999,0.6842805550275614,0.05016201734542847
agglomerative,0.56,3655,999,0.6947348412849268,0.0480273962020874
agglomerative,0.56,3711,999,0.7053792054742445,0.045967161655426025
agglomerative,0.56,3766,999,0.7158334917316099,0.04371446371078491
agglomerative,0.56,3821,999,0.7262877779889755,0.04169762134552002
agglomerative,0.56,3877,999,0.7369321421782931,0.03981757164001465
agglomerative,0.56,3932,999,0.7473864284356586,0.03797811269760132
agglomerative,0.56,3988,999,0.7580307926249762,0.036354005336761475
agglomerative,0.56,4043,999,0.7684850788823417,0.034498751163482666
agglomerative,0.56,4098,999,0.7789393651397073,0.03274494409561157
agglomerative,0.56,4154,999,0.7895837293290249,0.031235873699188232
agglomerative,0.56,4209,999,0.8000380155863904,0.029815733432769775
agglomerative,0.56,4264,999,0.810492301843756,0.02819967269897461
agglomerative,0.56,4320,999,0.8211366660330736,0.026738405227661133
agglomerative,0.56,4375,999,0.8315909522904391,0.025335073471069336
agglomerative,0.56,4430,999,0.8420452385478046,0.02358400821685791
agglomerative,0.56,4486,999,0.8526896027371222,0.022075355052947998
agglomerative,0.56,4541,999,0.8631438889944877,0.02073138952255249
agglomerative,0.56,4597,999,0.8737882531838054,0.019293665885925293
agglomerative,0.56,4652,999,0.8842425394411709,0.017987608909606934
agglomerative,0.56,4707,999,0.8946968256985364,0.016705989837646484
agglomerative,0.56,4763,999,0.9053411898878541,0.015252172946929932
agglomerative,0.56,4818,999,0.9157954761452195,0.01381617784500122
agglomerative,0.56,4873,999,0.926249762402585,0.012337863445281982
agglomerative,0.56,4929,999,0.9368941265919026,0.010680437088012695
agglomerative,0.56,4984,999,0.9473484128492682,0.009021878242492676
agglomerative,0.56,5040,999,0.9579927770385859,0.007241547107696533
agglomerative,0.56,5095,999,0.9684470632959513,0.0052343010902404785
agglomerative,0.56,5150,999,0.9789013495533169,0.0029491186141967773
agglomerative,0.56,5206,999,0.9895457137426344,0.0004096031188964844
agglomerative,0.56,5261,999,1.0,0.0
agglomerative,0.5700000000000001,1,999,0.00019007793195210037,0.9630232453346252
agglomerative,0.5700000000000001,56,999,0.01064436418931762,0.6547418236732483
agglomerative,0.5700000000000001,112,999,0.02128872837863524,0.4955185651779175
agglomerative,0.5700000000000001,167,999,0.03174301463600076,0.4131673574447632
agglomerative,0.5700000000000001,222,999,0.04219730089336628,0.3705620765686035
agglomerative,0.5700000000000001,278,999,0.0528416650826839,0.3411136865615845
agglomerative,0.5700000000000001,333,999,0.06329595134004942,0.3146401643753052
agglomerative,0.5700000000000001,389,999,0.07394031552936704,0.2899312973022461
agglomerative,0.5700000000000001,444,999,0.08439460178673255,0.27193522453308105
agglomerative,0.5700000000000001,499,999,0.09484888804409808,0.2575773000717163
agglomerative,0.5700000000000001,555,999,0.1054932522334157,0.2448970079421997
agglomerative,0.5700000000000001,610,999,0.11594753849078122,0.23688054084777832
agglomerative,0.5700000000000001,665,999,0.12640182474814673,0.2307567596435547
agglomerative,0.5700000000000001,721,999,0.13704618893746437,0.22440683841705322
agglomerative,0.5700000000000001,776,999,0.14750047519482987,0.21886444091796875
agglomerative,0.5700000000000001,832,999,0.1581448393841475,0.21296536922454834
agglomerative,0.5700000000000001,887,999,0.16859912564151303,0.2085474133491516
agglomerative,0.5700000000000001,942,999,0.17905341189887855,0.20429390668869019
agglomerative,0.5700000000000001,998,999,0.18969777608819616,0.20033979415893555
agglomerative,0.5700000000000001,1053,999,0.20015206234556168,0.19566065073013306
agglomerative,0.5700000000000001,1108,999,0.2106063486029272,0.19141536951065063
agglomerative,0.5700000000000001,1164,999,0.2212507127922448,0.18723446130752563
agglomerative,0.5700000000000001,1219,999,0.23170499904961034,0.183119535446167
agglomerative,0.5700000000000001,1274,999,0.24215928530697586,0.17823034524917603
agglomerative,0.5700000000000001,1330,999,0.25280364949629347,0.17474359273910522
agglomerative,0.5700000000000001,1385,999,0.263257935753659,0.1710016131401062
agglomerative,0.5700000000000001,1441,999,0.2739022999429766,0.16744810342788696
agglomerative,0.5700000000000001,1496,999,0.28435658620034215,0.1639164686203003
agglomerative,0.5700000000000001,1551,999,0.29481087245770765,0.16080617904663086
agglomerative,0.5700000000000001,1607,999,0.3054552366470253,0.15711748600006104
agglomerative,0.5700000000000001,1662,999,0.3159095229043908,0.15383267402648926
agglomerative,0.5700000000000001,1717,999,0.32636380916175634,0.14981591701507568
agglomerative,0.5700000000000001,1773,999,0.3370081733510739,0.1460748314857483
agglomerative,0.5700000000000001,1828,999,0.34746245960843947,0.1433180570602417
agglomerative,0.5700000000000001,1884,999,0.3581068237977571,0.13995033502578735
agglomerative,0.5700000000000001,1939,999,0.3685611100551226,0.13630157709121704
agglomerative,0.5700000000000001,1994,999,0.3790153963124881,0.13353431224822998
agglomerative,0.5700000000000001,2050,999,0.38965976050180573,0.1303066611289978
agglomerative,0.5700000000000001,2105,999,0.4001140467591713,0.12737661600112915
agglomerative,0.5700000000000001,2160,999,0.4105683330165368,0.12440729141235352
agglomerative,0.5700000000000001,2216,999,0.4212126972058544,0.12050634622573853
agglomerative,0.5700000000000001,2271,999,0.4316669834632199,0.11733561754226685
agglomerative,0.5700000000000001,2326,999,0.44212126972058546,0.11465030908584595
agglomerative,0.5700000000000001,2382,999,0.45276563390990304,0.1119646430015564
agglomerative,0.5700000000000001,2437,999,0.4632199201672686,0.10916954278945923
agglomerative,0.5700000000000001,2493,999,0.4738642843565862,0.10622149705886841
agglomerative,0.5700000000000001,2548,999,0.4843185706139517,0.1031765341758728
agglomerative,0.5700000000000001,2603,999,0.4947728568713172,0.10010206699371338
agglomerative,0.5700000000000001,2659,999,0.5054172210606349,0.09710925817489624
agglomerative,0.5700000000000001,2714,999,0.5158715073180004,0.09375035762786865
agglomerative,0.5700000000000001,2769,999,0.5263257935753659,0.09072351455688477
agglomerative,0.5700000000000001,2825,999,0.5369701577646835,0.08808624744415283
agglomerative,0.5700000000000001,2880,999,0.547424444022049,0.08492618799209595
agglomerative,0.5700000000000001,2936,999,0.5580688082113666,0.08232462406158447
agglomerative,0.5700000000000001,2991,999,0.5685230944687322,0.07948994636535645
agglomerative,0.5700000000000001,3046,999,0.5789773807260977,0.07675057649612427
agglomerative,0.5700000000000001,3102,999,0.5896217449154153,0.07412558794021606
agglomerative,0.5700000000000001,3157,999,0.6000760311727809,0.07114207744598389
agglomerative,0.5700000000000001,3212,999,0.6105303174301464,0.06834530830383301
agglomerative,0.5700000000000001,3268,999,0.621174681619464,0.06537806987762451
agglomerative,0.5700000000000001,3323,999,0.6316289678768295,0.06254833936691284
agglomerative,0.5700000000000001,3378,999,0.642083254134195,0.05993276834487915
agglomerative,0.5700000000000001,3434,999,0.6527276183235127,0.05736374855041504
agglomerative,0.5700000000000001,3489,999,0.6631819045808781,0.054744064807891846
agglomerative,0.5700000000000001,3545,999,0.6738262687701958,0.05241650342941284
agglomerative,0.5700000000000001,3600,999,0.6842805550275614,0.05016201734542847
agglomerative,0.5700000000000001,3655,999,0.6947348412849268,0.04802769422531128
agglomerative,0.5700000000000001,3711,999,0.7053792054742445,0.04596751928329468
agglomerative,0.5700000000000001,3766,999,0.7158334917316099,0.04371440410614014
agglomerative,0.5700000000000001,3821,999,0.7262877779889755,0.041697144508361816
agglomerative,0.5700000000000001,3877,999,0.7369321421782931,0.0398174524307251
agglomerative,0.5700000000000001,3932,999,0.7473864284356586,0.037978172302246094
agglomerative,0.5700000000000001,3988,999,0.7580307926249762,0.036354243755340576
agglomerative,0.5700000000000001,4043,999,0.7684850788823417,0.03449904918670654
agglomerative,0.5700000000000001,4098,999,0.7789393651397073,0.03274494409561157
agglomerative,0.5700000000000001,4154,999,0.7895837293290249,0.03123605251312256
agglomerative,0.5700000000000001,4209,999,0.8000380155863904,0.02981555461883545
agglomerative,0.5700000000000001,4264,999,0.810492301843756,0.02819955348968506
agglomerative,0.5700000000000001,4320,999,0.8211366660330736,0.02673804759979248
agglomerative,0.5700000000000001,4375,999,0.8315909522904391,0.025334835052490234
agglomerative,0.5700000000000001,4430,999,0.8420452385478046,0.023584425449371338
agglomerative,0.5700000000000001,4486,999,0.8526896027371222,0.022075414657592773
agglomerative,0.5700000000000001,4541,999,0.8631438889944877,0.02073138952255249
agglomerative,0.5700000000000001,4597,999,0.8737882531838054,0.019293546676635742
agglomerative,0.5700000000000001,4652,999,0.8842425394411709,0.017987549304962158
agglomerative,0.5700000000000001,4707,999,0.8946968256985364,0.016705691814422607
agglomerative,0.5700000000000001,4763,999,0.9053411898878541,0.015252411365509033
agglomerative,0.5700000000000001,4818,999,0.9157954761452195,0.013816297054290771
agglomerative,0.5700000000000001,4873,999,0.926249762402585,0.012337863445281982
agglomerative,0.5700000000000001,4929,999,0.9368941265919026,0.010680317878723145
agglomerative,0.5700000000000001,4984,999,0.9473484128492682,0.009021759033203125
agglomerative,0.5700000000000001,5040,999,0.9579927770385859,0.00724184513092041
agglomerative,0.5700000000000001,5095,999,0.9684470632959513,0.005234420299530029
agglomerative,0.5700000000000001,5150,999,0.9789013495533169,0.0029491186141967773
agglomerative,0.5700000000000001,5206,999,0.9895457137426344,0.000409543514251709
agglomerative,0.5700000000000001,5261,999,1.0,0.0
agglomerative,0.58,1,999,0.00019007793195210037,0.9682127833366394
agglomerative,0.58,56,999,0.01064436418931762,0.6731616258621216
agglomerative,0.58,112,999,0.02128872837863524,0.5182380080223083
agglomerative,0.58,167,999,0.03174301463600076,0.4315440058708191
agglomerative,0.58,222,999,0.04219730089336628,0.38753175735473633
agglomerative,0.58,278,999,0.0528416650826839,0.35730254650115967
agglomerative,0.58,333,999,0.06329595134004942,0.32396090030670166
agglomerative,0.58,389,999,0.07394031552936704,0.2991281747817993
agglomerative,0.58,444,999,0.08439460178673255,0.27972835302352905
agglomerative,0.58,499,999,0.09484888804409808,0.26344746351242065
agglomerative,0.58,555,999,0.1054932522334157,0.24890762567520142
agglomerative,0.58,610,999,0.11594753849078122,0.23698508739471436
agglomerative,0.58,665,999,0.12640182474814673,0.2304236888885498
agglomerative,0.58,721,999,0.13704618893746437,0.223444402217865
agglomerative,0.58,776,999,0.14750047519482987,0.21908694505691528
agglomerative,0.58,832,999,0.1581448393841475,0.21304452419281006
agglomerative,0.58,887,999,0.16859912564151303,0.20850622653961182
agglomerative,0.58,942,999,0.17905341189887855,0.20445692539215088
agglomerative,0.58,998,999,0.18969777608819616,0.20024120807647705
agglomerative,0.58,1053,999,0.20015206234556168,0.1949971318244934
agglomerative,0.58,1108,999,0.2106063486029272,0.19158470630645752
agglomerative,0.58,1164,999,0.2212507127922448,0.18729829788208008
agglomerative,0.58,1219,999,0.23170499904961034,0.18328291177749634
agglomerative,0.58,1274,999,0.24215928530697586,0.1786162257194519
agglomerative,0.58,1330,999,0.25280364949629347,0.17495787143707275
agglomerative,0.58,1385,999,0.263257935753659,0.1712263822555542
agglomerative,0.58,1441,999,0.2739022999429766,0.16768038272857666
agglomerative,0.58,1496,999,0.28435658620034215,0.16383224725723267
agglomerative,0.58,1551,999,0.29481087245770765,0.16056221723556519
agglomerative,0.58,1607,999,0.3054552366470253,0.15704548358917236
agglomerative,0.58,1662,999,0.3159095229043908,0.15324372053146362
agglomerative,0.58,1717,999,0.32636380916175634,0.149733304977417
agglomerative,0.58,1773,999,0.3370081733510739,0.1460159420967102
agglomerative,0.58,1828,999,0.34746245960843947,0.14323729276657104
agglomerative,0.58,1884,999,0.3581068237977571,0.1398460865020752
agglomerative,0.58,1939,999,0.3685611100551226,0.13630235195159912
agglomerative,0.58,1994,999,0.3790153963124881,0.13353484869003296
agglomerative,0.58,2050,999,0.38965976050180573,0.13030683994293213
agglomerative,0.58,2105,999,0.4001140467591713,0.12737691402435303
agglomerative,0.58,2160,999,0.4105683330165368,0.12440758943557739
agglomerative,0.58,2216,999,0.4212126972058544,0.12050634622573853
agglomerative,0.58,2271,999,0.4316669834632199,0.1173354983329773
agglomerative,0.58,2326,999,0.44212126972058546,0.1146504282951355
agglomerative,0.58,2382,999,0.45276563390990304,0.11196494102478027
agglomerative,0.58,2437,999,0.4632199201672686,0.109169602394104
agglomerative,0.58,2493,999,0.4738642843565862,0.10622197389602661
agglomerative,0.58,2548,999,0.4843185706139517,0.10317736864089966
agglomerative,0.58,2603,999,0.4947728568713172,0.10010266304016113
agglomerative,0.58,2659,999,0.5054172210606349,0.09710955619812012
agglomerative,0.58,2714,999,0.5158715073180004,0.09375041723251343
agglomerative,0.58,2769,999,0.5263257935753659,0.09072327613830566
agglomerative,0.58,2825,999,0.5369701577646835,0.08808618783950806
agglomerative,0.58,2880,999,0.547424444022049,0.08492600917816162
agglomerative,0.58,2936,999,0.5580688082113666,0.08232450485229492
agglomerative,0.58,2991,999,0.5685230944687322,0.0794903039932251
agglomerative,0.58,3046,999,0.5789773807260977,0.07675027847290039
agglomerative,0.58,3102,999,0.5896217449154153,0.07412469387054443
agglomerative,0.58,3157,999,0.6000760311727809,0.07114183902740479
agglomerative,0.58,3212,999,0.6105303174301464,0.06834518909454346
agglomerative,0.58,3268,999,0.621174681619464,0.06537824869155884
agglomerative,0.58,3323,999,0.6316289678768295,0.06254833936691284
agglomerative,0.58,3378,999,0.642083254134195,0.0599326491355896
agglomerative,0.58,3434,999,0.6527276183235127,0.057363808155059814
agglomerative,0.58,3489,999,0.6631819045808781,0.05474370718002319
agglomerative,0.58,3545,999,0.6738262687701958,0.05241596698760986
agglomerative,0.58,3600,999,0.6842805550275614,0.05016225576400757
agglomerative,0.58,3655,999,0.6947348412849268,0.04802769422531128
agglomerative,0.58,3711,999,0.7053792054742445,0.04596740007400513
agglomerative,0.58,3766,999,0.7158334917316099,0.04371434450149536
agglomerative,0.58,3821,999,0.7262877779889755,0.04169708490371704
agglomerative,0.58,3877,999,0.7369321421782931,0.0398174524307251
agglomerative,0.58,3932,999,0.7473864284356586,0.03797805309295654
agglomerative,0.58,3988,999,0.7580307926249762,0.0363537073135376
agglomerative,0.58,4043,999,0.7684850788823417,0.034498751163482666
agglomerative,0.58,4098,999,0.7789393651397073,0.03274416923522949
agglomerative,0.58,4154,999,0.7895837293290249,0.03123539686203003
agglomerative,0.58,4209,999,0.8000380155863904,0.02981513738632202
agglomerative,0.58,4264,999,0.810492301843756,0.02819913625717163
agglomerative,0.58,4320,999,0.8211366660330736,0.026737749576568604
agglomerative,0.58,4375,999,0.8315909522904391,0.02533477544784546
agglomerative,0.58,4430,999,0.8420452385478046,0.023584365844726562
agglomerative,0.58,4486,999,0.8526896027371222,0.022075414657592773
agglomerative,0.58,4541,999,0.8631438889944877,0.020731449127197266
agglomerative,0.58,4597,999,0.8737882531838054,0.01929372549057007
agglomerative,0.58,4652,999,0.8842425394411709,0.01798766851425171
agglomerative,0.58,4707,999,0.8946968256985364,0.016705989837646484
agglomerative,0.58,4763,999,0.9053411898878541,0.015252411365509033
agglomerative,0.58,4818,999,0.9157954761452195,0.01381617784500122
agglomerative,0.58,4873,999,0.926249762402585,0.012337982654571533
agglomerative,0.58,4929,999,0.9368941265919026,0.010680317878723145
agglomerative,0.58,4984,999,0.9473484128492682,0.009021759033203125
agglomerative,0.58,5040,999,0.9579927770385859,0.007241666316986084
agglomerative,0.58,5095,999,0.9684470632959513,0.0052343010902404785
agglomerative,0.58,5150,999,0.9789013495533169,0.0029491186141967773
agglomerative,0.58,5206,999,0.9895457137426344,0.000409543514251709
agglomerative,0.58,5261,999,1.0,0.0
agglomerative,0.59,1,999,0.00019007793195210037,0.9725720882415771
agglomerative,0.59,56,999,0.01064436418931762,0.6978652477264404
agglomerative,0.59,112,999,0.02128872837863524,0.5407389402389526
agglomerative,0.59,167,999,0.03174301463600076,0.45586198568344116
agglomerative,0.59,222,999,0.04219730089336628,0.4029092788696289
agglomerative,0.59,278,999,0.0528416650826839,0.3693077564239502
agglomerative,0.59,333,999,0.06329595134004942,0.3371161222457886
agglomerative,0.59,389,999,0.07394031552936704,0.31119054555892944
agglomerative,0.59,444,999,0.08439460178673255,0.2867347002029419
agglomerative,0.59,499,999,0.09484888804409808,0.2701601982116699
agglomerative,0.59,555,999,0.1054932522334157,0.25483936071395874
agglomerative,0.59,610,999,0.11594753849078122,0.23906433582305908
agglomerative,0.59,665,999,0.12640182474814673,0.23078852891921997
agglomerative,0.59,721,999,0.13704618893746437,0.2238917350769043
agglomerative,0.59,776,999,0.14750047519482987,0.2178012728691101
agglomerative,0.59,832,999,0.1581448393841475,0.21229314804077148
agglomerative,0.59,887,999,0.16859912564151303,0.20788395404815674
agglomerative,0.59,942,999,0.17905341189887855,0.20401084423065186
agglomerative,0.59,998,999,0.18969777608819616,0.19886523485183716
agglomerative,0.59,1053,999,0.20015206234556168,0.19487202167510986
agglomerative,0.59,1108,999,0.2106063486029272,0.19057190418243408
agglomerative,0.59,1164,999,0.2212507127922448,0.1871522068977356
agglomerative,0.59,1219,999,0.23170499904961034,0.1831679344177246
agglomerative,0.59,1274,999,0.24215928530697586,0.17888027429580688
agglomerative,0.59,1330,999,0.25280364949629347,0.175220787525177
agglomerative,0.59,1385,999,0.263257935753659,0.17113369703292847
agglomerative,0.59,1441,999,0.2739022999429766,0.16738104820251465
agglomerative,0.59,1496,999,0.28435658620034215,0.1638774871826172
agglomerative,0.59,1551,999,0.29481087245770765,0.16078990697860718
agglomerative,0.59,1607,999,0.3054552366470253,0.15691381692886353
agglomerative,0.59,1662,999,0.3159095229043908,0.15328466892242432
agglomerative,0.59,1717,999,0.32636380916175634,0.149774968624115
agglomerative,0.59,1773,999,0.3370081733510739,0.14605528116226196
agglomerative,0.59,1828,999,0.34746245960843947,0.1428425908088684
agglomerative,0.59,1884,999,0.3581068237977571,0.13944905996322632
agglomerative,0.59,1939,999,0.3685611100551226,0.1363053321838379
agglomerative,0.59,1994,999,0.3790153963124881,0.1335381269454956
agglomerative,0.59,2050,999,0.38965976050180573,0.13031035661697388
agglomerative,0.59,2105,999,0.4001140467591713,0.12737995386123657
agglomerative,0.59,2160,999,0.4105683330165368,0.12441092729568481
agglomerative,0.59,2216,999,0.4212126972058544,0.12050986289978027
agglomerative,0.59,2271,999,0.4316669834632199,0.11733520030975342
agglomerative,0.59,2326,999,0.44212126972058546,0.11465030908584595
agglomerative,0.59,2382,999,0.45276563390990304,0.1119648814201355
agglomerative,0.59,2437,999,0.4632199201672686,0.10916972160339355
agglomerative,0.59,2493,999,0.4738642843565862,0.10622173547744751
agglomerative,0.59,2548,999,0.4843185706139517,0.10317718982696533
agglomerative,0.59,2603,999,0.4947728568713172,0.10010266304016113
agglomerative,0.59,2659,999,0.5054172210606349,0.097109854221344
agglomerative,0.59,2714,999,0.5158715073180004,0.0937507152557373
agglomerative,0.59,2769,999,0.5263257935753659,0.09072381258010864
agglomerative,0.59,2825,999,0.5369701577646835,0.08808630704879761
agglomerative,0.59,2880,999,0.547424444022049,0.08492612838745117
agglomerative,0.59,2936,999,0.5580688082113666,0.08232474327087402
agglomerative,0.59,2991,999,0.5685230944687322,0.07949036359786987
agglomerative,0.59,3046,999,0.5789773807260977,0.07675081491470337
agglomerative,0.59,3102,999,0.5896217449154153,0.07412558794021606
agglomerative,0.59,3157,999,0.6000760311727809,0.07114219665527344
agglomerative,0.59,3212,999,0.6105303174301464,0.06834518909454346
agglomerative,0.59,3268,999,0.621174681619464,0.06537806987762451
agglomerative,0.59,3323,999,0.6316289678768295,0.06254804134368896
agglomerative,0.59,3378,999,0.642083254134195,0.059932589530944824
agglomerative,0.59,3434,999,0.6527276183235127,0.05736374855041504
agglomerative,0.59,3489,999,0.6631819045808781,0.054744064807891846
agglomerative,0.59,3545,999,0.6738262687701958,0.052416324615478516
agglomerative,0.59,3600,999,0.6842805550275614,0.05016201734542847
agglomerative,0.59,3655,999,0.6947348412849268,0.048027753829956055
agglomerative,0.59,3711,999,0.7053792054742445,0.0459674596786499
agglomerative,0.59,3766,999,0.7158334917316099,0.04371446371078491
agglomerative,0.59,3821,999,0.7262877779889755,0.04169726371765137
agglomerative,0.59,3877,999,0.7369321421782931,0.039817750453948975
agglomerative,0.59,3932,999,0.7473864284356586,0.03797805309295654
agglomerative,0.59,3988,999,0.7580307926249762,0.0363537073135376
agglomerative,0.59,4043,999,0.7684850788823417,0.03449887037277222
agglomerative,0.59,4098,999,0.7789393651397073,0.03274494409561157
agglomerative,0.59,4154,999,0.7895837293290249,0.031235694885253906
agglomerative,0.59,4209,999,0.8000380155863904,0.029815256595611572
agglomerative,0.59,4264,999,0.810492301843756,0.028199493885040283
agglomerative,0.59,4320,999,0.8211366660330736,0.026737749576568604
agglomerative,0.59,4375,999,0.8315909522904391,0.025334835052490234
agglomerative,0.59,4430,999,0.8420452385478046,0.02358400821685791
agglomerative,0.59,4486,999,0.8526896027371222,0.022075355052947998
agglomerative,0.59,4541,999,0.8631438889944877,0.020731568336486816
agglomerative,0.59,4597,999,0.8737882531838054,0.01929372549057007
agglomerative,0.59,4652,999,0.8842425394411709,0.017987728118896484
agglomerative,0.59,4707,999,0.8946968256985364,0.01670616865158081
agglomerative,0.59,4763,999,0.9053411898878541,0.01525270938873291
agglomerative,0.59,4818,999,0.9157954761452195,0.013816356658935547
agglomerative,0.59,4873,999,0.926249762402585,0.012338101863861084
agglomerative,0.59,4929,999,0.9368941265919026,0.010680198669433594
agglomerative,0.59,4984,999,0.9473484128492682,0.009022057056427002
agglomerative,0.59,5040,999,0.9579927770385859,0.007241666316986084
agglomerative,0.59,5095,999,0.9684470632959513,0.0052343010902404785
agglomerative,0.59,5150,999,0.9789013495533169,0.0029492974281311035
agglomerative,0.59,5206,999,0.9895457137426344,0.000409543514251709
agglomerative,0.59,5261,999,1.0,0.0
agglomerative,0.6,1,999,0.00019007793195210037,0.976256787776947
agglomerative,0.6,56,999,0.01064436418931762,0.7028855085372925
agglomerative,0.6,112,999,0.02128872837863524,0.5582864284515381
agglomerative,0.6,167,999,0.03174301463600076,0.4639506936073303
agglomerative,0.6,222,999,0.04219730089336628,0.42237210273742676
agglomerative,0.6,278,999,0.0528416650826839,0.3840848207473755
agglomerative,0.6,333,999,0.06329595134004942,0.3531838059425354
agglomerative,0.6,389,999,0.07394031552936704,0.32742464542388916
agglomerative,0.6,444,999,0.08439460178673255,0.3012951612472534
agglomerative,0.6,499,999,0.09484888804409808,0.28143244981765747
agglomerative,0.6,555,999,0.1054932522334157,0.26336169242858887
agglomerative,0.6,610,999,0.11594753849078122,0.24681532382965088
agglomerative,0.6,665,999,0.12640182474814673,0.23190587759017944
agglomerative,0.6,721,999,0.13704618893746437,0.22406911849975586
agglomerative,0.6,776,999,0.14750047519482987,0.21841925382614136
agglomerative,0.6,832,999,0.1581448393841475,0.21205025911331177
agglomerative,0.6,887,999,0.16859912564151303,0.20714080333709717
agglomerative,0.6,942,999,0.17905341189887855,0.2016811966896057
agglomerative,0.6,998,999,0.18969777608819616,0.19774174690246582
agglomerative,0.6,1053,999,0.20015206234556168,0.1945401430130005
agglomerative,0.6,1108,999,0.2106063486029272,0.19005870819091797
agglomerative,0.6,1164,999,0.2212507127922448,0.1868782639503479
agglomerative,0.6,1219,999,0.23170499904961034,0.18311399221420288
agglomerative,0.6,1274,999,0.24215928530697586,0.17905420064926147
agglomerative,0.6,1330,999,0.25280364949629347,0.1749274730682373
agglomerative,0.6,1385,999,0.263257935753659,0.170488178730011
agglomerative,0.6,1441,999,0.2739022999429766,0.16717547178268433
agglomerative,0.6,1496,999,0.28435658620034215,0.16376692056655884
agglomerative,0.6,1551,999,0.29481087245770765,0.16086792945861816
agglomerative,0.6,1607,999,0.3054552366470253,0.1564645767211914
agglomerative,0.6,1662,999,0.3159095229043908,0.1533253788948059
agglomerative,0.6,1717,999,0.32636380916175634,0.14984989166259766
agglomerative,0.6,1773,999,0.3370081733510739,0.14600318670272827
agglomerative,0.6,1828,999,0.34746245960843947,0.14247900247573853
agglomerative,0.6,1884,999,0.3581068237977571,0.1389014720916748
agglomerative,0.6,1939,999,0.3685611100551226,0.13609880208969116
agglomerative,0.6,1994,999,0.3790153963124881,0.13332897424697876
agglomerative,0.6,2050,999,0.38965976050180573,0.1303146481513977
agglomerative,0.6,2105,999,0.4001140467591713,0.12738460302352905
agglomerative,0.6,2160,999,0.4105683330165368,0.12441545724868774
agglomerative,0.6,2216,999,0.4212126972058544,0.12028753757476807
agglomerative,0.6,2271,999,0.4316669834632199,0.11733567714691162
agglomerative,0.6,2326,999,0.44212126972058546,0.1146501898765564
agglomerative,0.6,2382,999,0.45276563390990304,0.11196476221084595
agglomerative,0.6,2437,999,0.4632199201672686,0.10916954278945923
agglomerative,0.6,2493,999,0.4738642843565862,0.10622143745422363
agglomerative,0.6,2548,999,0.4843185706139517,0.10317647457122803
agglomerative,0.6,2603,999,0.4947728568713172,0.1001020073890686
agglomerative,0.6,2659,999,0.5054172210606349,0.09710955619812012
agglomerative,0.6,2714,999,0.5158715073180004,0.09375053644180298
agglomerative,0.6,2769,999,0.5263257935753659,0.09072363376617432
agglomerative,0.6,2825,999,0.5369701577646835,0.08808600902557373
agglomerative,0.6,2880,999,0.547424444022049,0.08492571115493774
agglomerative,0.6,2936,999,0.5580688082113666,0.08232486248016357
agglomerative,0.6,2991,999,0.5685230944687322,0.07948952913284302
agglomerative,0.6,3046,999,0.5789773807260977,0.07674998044967651
agglomerative,0.6,3102,999,0.5896217449154153,0.07412546873092651
agglomerative,0.6,3157,999,0.6000760311727809,0.07114189863204956
agglomerative,0.6,3212,999,0.6105303174301464,0.0683450698852539
agglomerative,0.6,3268,999,0.621174681619464,0.06537801027297974
agglomerative,0.6,3323,999,0.6316289678768295,0.06254804134368896
agglomerative,0.6,3378,999,0.642083254134195,0.05993247032165527
agglomerative,0.6,3434,999,0.6527276183235127,0.05736321210861206
agglomerative,0.6,3489,999,0.6631819045808781,0.05474370718002319
agglomerative,0.6,3545,999,0.6738262687701958,0.052416086196899414
agglomerative,0.6,3600,999,0.6842805550275614,0.05016213655471802
agglomerative,0.6,3655,999,0.6947348412849268,0.048027634620666504
agglomerative,0.6,3711,999,0.7053792054742445,0.0459674596786499
agglomerative,0.6,3766,999,0.7158334917316099,0.04371440410614014
agglomerative,0.6,3821,999,0.7262877779889755,0.041697025299072266
agglomerative,0.6,3877,999,0.7369321421782931,0.03981739282608032
agglomerative,0.6,3932,999,0.7473864284356586,0.03797769546508789
agglomerative,0.6,3988,999,0.7580307926249762,0.03635376691818237
agglomerative,0.6,4043,999,0.7684850788823417,0.03449898958206177
agglomerative,0.6,4098,999,0.7789393651397073,0.03274458646774292
agglomerative,0.6,4154,999,0.7895837293290249,0.031235814094543457
agglomerative,0.6,4209,999,0.8000380155863904,0.029815375804901123
agglomerative,0.6,4264,999,0.810492301843756,0.02819913625717163
agglomerative,0.6,4320,999,0.8211366660330736,0.02673804759979248
agglomerative,0.6,4375,999,0.8315909522904391,0.025334835052490234
agglomerative,0.6,4430,999,0.8420452385478046,0.02358400821685791
agglomerative,0.6,4486,999,0.8526896027371222,0.022075235843658447
agglomerative,0.6,4541,999,0.8631438889944877,0.02073127031326294
agglomerative,0.6,4597,999,0.8737882531838054,0.019293606281280518
agglomerative,0.6,4652,999,0.8842425394411709,0.017987608909606934
agglomerative,0.6,4707,999,0.8946968256985364,0.016705751419067383
agglomerative,0.6,4763,999,0.9053411898878541,0.015252470970153809
agglomerative,0.6,4818,999,0.9157954761452195,0.013815820217132568
agglomerative,0.6,4873,999,0.926249762402585,0.012337863445281982
agglomerative,0.6,4929,999,0.9368941265919026,0.010680198669433594
agglomerative,0.6,4984,999,0.9473484128492682,0.009021759033203125
agglomerative,0.6,5040,999,0.9579927770385859,0.007241427898406982
agglomerative,0.6,5095,999,0.9684470632959513,0.005234420299530029
agglomerative,0.6,5150,999,0.9789013495533169,0.0029489994049072266
agglomerative,0.6,5206,999,0.9895457137426344,0.000409543514251709
agglomerative,0.6,5261,999,1.0,0.0
agglomerative,0.61,1,999,0.00019007793195210037,0.9793970584869385
agglomerative,0.61,56,999,0.01064436418931762,0.7310127019882202
agglomerative,0.61,112,999,0.02128872837863524,0.5604872703552246
agglomerative,0.61,167,999,0.03174301463600076,0.48484718799591064
agglomerative,0.61,222,999,0.04219730089336628,0.43842899799346924
agglomerative,0.61,278,999,0.0528416650826839,0.4000054597854614
agglomerative,0.61,333,999,0.06329595134004942,0.36678826808929443
agglomerative,0.61,389,999,0.07394031552936704,0.34104520082473755
agglomerative,0.61,444,999,0.08439460178673255,0.31137770414352417
agglomerative,0.61,499,999,0.09484888804409808,0.2931694984436035
agglomerative,0.61,555,999,0.1054932522334157,0.27503055334091187
agglomerative,0.61,610,999,0.11594753849078122,0.25625133514404297
agglomerative,0.61,665,999,0.12640182474814673,0.2400621771812439
agglomerative,0.61,721,999,0.13704618893746437,0.2262277603149414
agglomerative,0.61,776,999,0.14750047519482987,0.21839219331741333
agglomerative,0.61,832,999,0.1581448393841475,0.21203553676605225
agglomerative,0.61,887,999,0.16859912564151303,0.20583033561706543
agglomerative,0.61,942,999,0.17905341189887855,0.2017006278038025
agglomerative,0.61,998,999,0.18969777608819616,0.1976475715637207
agglomerative,0.61,1053,999,0.20015206234556168,0.19366687536239624
agglomerative,0.61,1108,999,0.2106063486029272,0.18982917070388794
agglomerative,0.61,1164,999,0.2212507127922448,0.18625152111053467
agglomerative,0.61,1219,999,0.23170499904961034,0.1828792691230774
agglomerative,0.61,1274,999,0.24215928530697586,0.17892152070999146
agglomerative,0.61,1330,999,0.25280364949629347,0.17449951171875
agglomerative,0.61,1385,999,0.263257935753659,0.17051368951797485
agglomerative,0.61,1441,999,0.2739022999429766,0.1671285629272461
agglomerative,0.61,1496,999,0.28435658620034215,0.1637498140335083
agglomerative,0.61,1551,999,0.29481087245770765,0.16061806678771973
agglomerative,0.61,1607,999,0.3054552366470253,0.15648049116134644
agglomerative,0.61,1662,999,0.3159095229043908,0.1531221866607666
agglomerative,0.61,1717,999,0.32636380916175634,0.14964580535888672
agglomerative,0.61,1773,999,0.3370081733510739,0.1456260085105896
agglomerative,0.61,1828,999,0.34746245960843947,0.14254438877105713
agglomerative,0.61,1884,999,0.3581068237977571,0.1388900876045227
agglomerative,0.61,1939,999,0.3685611100551226,0.1361626386642456
agglomerative,0.61,1994,999,0.3790153963124881,0.1334046721458435
agglomerative,0.61,2050,999,0.38965976050180573,0.12997674942016602
agglomerative,0.61,2105,999,0.4001140467591713,0.12704694271087646
agglomerative,0.61,2160,999,0.4105683330165368,0.1233481764793396
agglomerative,0.61,2216,999,0.4212126972058544,0.12028771638870239
agglomerative,0.61,2271,999,0.4316669834632199,0.11733579635620117
agglomerative,0.61,2326,999,0.44212126972058546,0.1146504282951355
agglomerative,0.61,2382,999,0.45276563390990304,0.1119648814201355
agglomerative,0.61,2437,999,0.4632199201672686,0.10917001962661743
agglomerative,0.61,2493,999,0.4738642843565862,0.10622227191925049
agglomerative,0.61,2548,999,0.4843185706139517,0.10317730903625488
agglomerative,0.61,2603,999,0.4947728568713172,0.10010260343551636
agglomerative,0.61,2659,999,0.5054172210606349,0.0971100926399231
agglomerative,0.61,2714,999,0.5158715073180004,0.09375101327896118
agglomerative,0.61,2769,999,0.5263257935753659,0.0907239317893982
agglomerative,0.61,2825,999,0.5369701577646835,0.08808624744415283
agglomerative,0.61,2880,999,0.547424444022049,0.08492618799209595
agglomerative,0.61,2936,999,0.5580688082113666,0.08232468366622925
agglomerative,0.61,2991,999,0.5685230944687322,0.07948970794677734
agglomerative,0.61,3046,999,0.5789773807260977,0.07675039768218994
agglomerative,0.61,3102,999,0.5896217449154153,0.07412523031234741
agglomerative,0.61,3157,999,0.6000760311727809,0.07114183902740479
agglomerative,0.61,3212,999,0.6105303174301464,0.06834548711776733
agglomerative,0.61,3268,999,0.621174681619464,0.06537801027297974
agglomerative,0.61,3323,999,0.6316289678768295,0.06254804134368896
agglomerative,0.61,3378,999,0.642083254134195,0.05993276834487915
agglomerative,0.61,3434,999,0.6527276183235127,0.057363927364349365
agglomerative,0.61,3489,999,0.6631819045808781,0.054743826389312744
agglomerative,0.61,3545,999,0.6738262687701958,0.05241590738296509
agglomerative,0.61,3600,999,0.6842805550275614,0.05016201734542847
agglomerative,0.61,3655,999,0.6947348412849268,0.048027634620666504
agglomerative,0.61,3711,999,0.7053792054742445,0.045967280864715576
agglomerative,0.61,3766,999,0.7158334917316099,0.043714284896850586
agglomerative,0.61,3821,999,0.7262877779889755,0.04169726371765137
agglomerative,0.61,3877,999,0.7369321421782931,0.039817214012145996
agglomerative,0.61,3932,999,0.7473864284356586,0.037977635860443115
agglomerative,0.61,3988,999,0.7580307926249762,0.03635364770889282
agglomerative,0.61,4043,999,0.7684850788823417,0.03449887037277222
agglomerative,0.61,4098,999,0.7789393651397073,0.03274500370025635
agglomerative,0.61,4154,999,0.7895837293290249,0.031235933303833008
agglomerative,0.61,4209,999,0.8000380155863904,0.029815733432769775
agglomerative,0.61,4264,999,0.810492301843756,0.02819967269897461
agglomerative,0.61,4320,999,0.8211366660330736,0.026737689971923828
agglomerative,0.61,4375,999,0.8315909522904391,0.025334656238555908
agglomerative,0.61,4430,999,0.8420452385478046,0.02358424663543701
agglomerative,0.61,4486,999,0.8526896027371222,0.022075772285461426
agglomerative,0.61,4541,999,0.8631438889944877,0.020731627941131592
agglomerative,0.61,4597,999,0.8737882531838054,0.019293606281280518
agglomerative,0.61,4652,999,0.8842425394411709,0.017987489700317383
agglomerative,0.61,4707,999,0.8946968256985364,0.016705691814422607
agglomerative,0.61,4763,999,0.9053411898878541,0.015252232551574707
agglomerative,0.61,4818,999,0.9157954761452195,0.013815820217132568
agglomerative,0.61,4873,999,0.926249762402585,0.012337863445281982
agglomerative,0.61,4929,999,0.9368941265919026,0.010680198669433594
agglomerative,0.61,4984,999,0.9473484128492682,0.009021878242492676
agglomerative,0.61,5040,999,0.9579927770385859,0.007241606712341309
agglomerative,0.61,5095,999,0.9684470632959513,0.005234420299530029
agglomerative,0.61,5150,999,0.9789013495533169,0.0029489994049072266
agglomerative,0.61,5206,999,0.9895457137426344,0.0004094243049621582
agglomerative,0.61,5261,999,1.0,0.0
agglomerative,0.62,1,999,0.00019007793195210037,0.9820319414138794
agglomerative,0.62,56,999,0.01064436418931762,0.7466187477111816
agglomerative,0.62,112,999,0.02128872837863524,0.59848952293396
agglomerative,0.62,167,999,0.03174301463600076,0.5052503347396851
agglomerative,0.62,222,999,0.04219730089336628,0.4582393765449524
agglomerative,0.62,278,999,0.0528416650826839,0.4139331579208374
agglomerative,0.62,333,999,0.06329595134004942,0.3818180561065674
agglomerative,0.62,389,999,0.07394031552936704,0.3533034324645996
agglomerative,0.62,444,999,0.08439460178673255,0.3315538763999939
agglomerative,0.62,499,999,0.09484888804409808,0.3094225525856018
agglomerative,0.62,555,999,0.1054932522334157,0.28668832778930664
agglomerative,0.62,610,999,0.11594753849078122,0.26712173223495483
agglomerative,0.62,665,999,0.12640182474814673,0.2487257719039917
agglomerative,0.62,721,999,0.13704618893746437,0.2334255576133728
agglomerative,0.62,776,999,0.14750047519482987,0.22017019987106323
agglomerative,0.62,832,999,0.1581448393841475,0.2120000720024109
agglomerative,0.62,887,999,0.16859912564151303,0.20723408460617065
agglomerative,0.62,942,999,0.17905341189887855,0.20188438892364502
agglomerative,0.62,998,999,0.18969777608819616,0.1981639266014099
agglomerative,0.62,1053,999,0.20015206234556168,0.1933152675628662
agglomerative,0.62,1108,999,0.2106063486029272,0.18935173749923706
agglomerative,0.62,1164,999,0.2212507127922448,0.18593132495880127
agglomerative,0.62,1219,999,0.23170499904961034,0.18171560764312744
agglomerative,0.62,1274,999,0.24215928530697586,0.1786479353904724
agglomerative,0.62,1330,999,0.25280364949629347,0.173786461353302
agglomerative,0.62,1385,999,0.263257935753659,0.170332670211792
agglomerative,0.62,1441,999,0.2739022999429766,0.16681361198425293
agglomerative,0.62,1496,999,0.28435658620034215,0.16347616910934448
agglomerative,0.62,1551,999,0.29481087245770765,0.15979069471359253
agglomerative,0.62,1607,999,0.3054552366470253,0.15653294324874878
agglomerative,0.62,1662,999,0.3159095229043908,0.1530294418334961
agglomerative,0.62,1717,999,0.32636380916175634,0.14882826805114746
agglomerative,0.62,1773,999,0.3370081733510739,0.14558082818984985
agglomerative,0.62,1828,999,0.34746245960843947,0.14228057861328125
agglomerative,0.62,1884,999,0.3581068237977571,0.13878637552261353
agglomerative,0.62,1939,999,0.3685611100551226,0.1361774206161499
agglomerative,0.62,1994,999,0.3790153963124881,0.1332579255104065
agglomerative,0.62,2050,999,0.38965976050180573,0.12998324632644653
agglomerative,0.62,2105,999,0.4001140467591713,0.12705326080322266
agglomerative,0.62,2160,999,0.4105683330165368,0.1233479380607605
agglomerative,0.62,2216,999,0.4212126972058544,0.12028759717941284
agglomerative,0.62,2271,999,0.4316669834632199,0.11733579635620117
agglomerative,0.62,2326,999,0.44212126972058546,0.11465030908584595
agglomerative,0.62,2382,999,0.45276563390990304,0.1119648814201355
agglomerative,0.62,2437,999,0.4632199201672686,0.1091698408126831
agglomerative,0.62,2493,999,0.4738642843565862,0.10622203350067139
agglomerative,0.62,2548,999,0.4843185706139517,0.10317748785018921
agglomerative,0.62,2603,999,0.4947728568713172,0.10010266304016113
agglomerative,0.62,2659,999,0.5054172210606349,0.09710979461669922
agglomerative,0.62,2714,999,0.5158715073180004,0.0937507152557373
agglomerative,0.62,2769,999,0.5263257935753659,0.09072411060333252
agglomerative,0.62,2825,999,0.5369701577646835,0.08808672428131104
agglomerative,0.62,2880,999,0.547424444022049,0.08492642641067505
agglomerative,0.62,2936,999,0.5580688082113666,0.08232474327087402
agglomerative,0.62,2991,999,0.5685230944687322,0.07949048280715942
agglomerative,0.62,3046,999,0.5789773807260977,0.07675057649612427
agglomerative,0.62,3102,999,0.5896217449154153,0.07412576675415039
agglomerative,0.62,3157,999,0.6000760311727809,0.07114237546920776
agglomerative,0.62,3212,999,0.6105303174301464,0.06834530830383301
agglomerative,0.62,3268,999,0.621174681619464,0.06537777185440063
agglomerative,0.62,3323,999,0.6316289678768295,0.06254816055297852
agglomerative,0.62,3378,999,0.642083254134195,0.059932172298431396
agglomerative,0.62,3434,999,0.6527276183235127,0.05736333131790161
agglomerative,0.62,3489,999,0.6631819045808781,0.054743409156799316
agglomerative,0.62,3545,999,0.6738262687701958,0.05241578817367554
agglomerative,0.62,3600,999,0.6842805550275614,0.050161898136138916
agglomerative,0.62,3655,999,0.6947348412849268,0.048027634620666504
agglomerative,0.62,3711,999,0.7053792054742445,0.045967280864715576
agglomerative,0.62,3766,999,0.7158334917316099,0.04371440410614014
agglomerative,0.62,3821,999,0.7262877779889755,0.04169708490371704
agglomerative,0.62,3877,999,0.7369321421782931,0.0398176908493042
agglomerative,0.62,3932,999,0.7473864284356586,0.03797799348831177
agglomerative,0.62,3988,999,0.7580307926249762,0.036353886127471924
agglomerative,0.62,4043,999,0.7684850788823417,0.03449898958206177
agglomerative,0.62,4098,999,0.7789393651397073,0.03274506330490112
agglomerative,0.62,4154,999,0.7895837293290249,0.031235873699188232
agglomerative,0.62,4209,999,0.8000380155863904,0.029815495014190674
agglomerative,0.62,4264,999,0.810492301843756,0.028199315071105957
agglomerative,0.62,4320,999,0.8211366660330736,0.02673816680908203
agglomerative,0.62,4375,999,0.8315909522904391,0.025334656238555908
agglomerative,0.62,4430,999,0.8420452385478046,0.02358424663543701
agglomerative,0.62,4486,999,0.8526896027371222,0.022075355052947998
agglomerative,0.62,4541,999,0.8631438889944877,0.02073150873184204
agglomerative,0.62,4597,999,0.8737882531838054,0.01929384469985962
agglomerative,0.62,4652,999,0.8842425394411709,0.017987847328186035
agglomerative,0.62,4707,999,0.8946968256985364,0.01670593023300171
agglomerative,0.62,4763,999,0.9053411898878541,0.015252292156219482
agglomerative,0.62,4818,999,0.9157954761452195,0.01381593942642212
agglomerative,0.62,4873,999,0.926249762402585,0.012337803840637207
agglomerative,0.62,4929,999,0.9368941265919026,0.010680079460144043
agglomerative,0.62,4984,999,0.9473484128492682,0.009021759033203125
agglomerative,0.62,5040,999,0.9579927770385859,0.007241666316986084
agglomerative,0.62,5095,999,0.9684470632959513,0.005234420299530029
agglomerative,0.62,5150,999,0.9789013495533169,0.0029491186141967773
agglomerative,0.62,5206,999,0.9895457137426344,0.0004096031188964844
agglomerative,0.62,5261,999,1.0,0.0
agglomerative,0.63,1,999,0.00019007793195210037,0.9842615127563477
agglomerative,0.63,56,999,0.01064436418931762,0.7699258923530579
agglomerative,0.63,112,999,0.02128872837863524,0.6172089576721191
agglomerative,0.63,167,999,0.03174301463600076,0.5358916521072388
agglomerative,0.63,222,999,0.04219730089336628,0.4840627908706665
agglomerative,0.63,278,999,0.0528416650826839,0.4463155269622803
agglomerative,0.63,333,999,0.06329595134004942,0.40889739990234375
agglomerative,0.63,389,999,0.07394031552936704,0.3792715072631836
agglomerative,0.63,444,999,0.08439460178673255,0.3410061001777649
agglomerative,0.63,499,999,0.09484888804409808,0.3230895400047302
agglomerative,0.63,555,999,0.1054932522334157,0.29872965812683105
agglomerative,0.63,610,999,0.11594753849078122,0.280220627784729
agglomerative,0.63,665,999,0.12640182474814673,0.26072555780410767
agglomerative,0.63,721,999,0.13704618893746437,0.24491959810256958
agglomerative,0.63,776,999,0.14750047519482987,0.2310577630996704
agglomerative,0.63,832,999,0.1581448393841475,0.21618026494979858
agglomerative,0.63,887,999,0.16859912564151303,0.20637530088424683
agglomerative,0.63,942,999,0.17905341189887855,0.20093369483947754
agglomerative,0.63,998,999,0.18969777608819616,0.19571548700332642
agglomerative,0.63,1053,999,0.20015206234556168,0.19149106740951538
agglomerative,0.63,1108,999,0.2106063486029272,0.18759489059448242
agglomerative,0.63,1164,999,0.2212507127922448,0.183871328830719
agglomerative,0.63,1219,999,0.23170499904961034,0.18057256937026978
agglomerative,0.63,1274,999,0.24215928530697586,0.17676502466201782
agglomerative,0.63,1330,999,0.25280364949629347,0.17285919189453125
agglomerative,0.63,1385,999,0.263257935753659,0.1693766713142395
agglomerative,0.63,1441,999,0.2739022999429766,0.1665136218070984
agglomerative,0.63,1496,999,0.28435658620034215,0.16287481784820557
agglomerative,0.63,1551,999,0.29481087245770765,0.15957039594650269
agglomerative,0.63,1607,999,0.3054552366470253,0.15589332580566406
agglomerative,0.63,1662,999,0.3159095229043908,0.15251362323760986
agglomerative,0.63,1717,999,0.32636380916175634,0.14874029159545898
agglomerative,0.63,1773,999,0.3370081733510739,0.14542889595031738
agglomerative,0.63,1828,999,0.34746245960843947,0.14215224981307983
agglomerative,0.63,1884,999,0.3581068237977571,0.1388532519340515
agglomerative,0.63,1939,999,0.3685611100551226,0.13619470596313477
agglomerative,0.63,1994,999,0.3790153963124881,0.13254070281982422
agglomerative,0.63,2050,999,0.38965976050180573,0.12932813167572021
agglomerative,0.63,2105,999,0.4001140467591713,0.12638819217681885
agglomerative,0.63,2160,999,0.4105683330165368,0.1233481764793396
agglomerative,0.63,2216,999,0.4212126972058544,0.12028741836547852
agglomerative,0.63,2271,999,0.4316669834632199,0.11733579635620117
agglomerative,0.63,2326,999,0.44212126972058546,0.11465048789978027
agglomerative,0.63,2382,999,0.45276563390990304,0.11196500062942505
agglomerative,0.63,2437,999,0.4632199201672686,0.10917001962661743
agglomerative,0.63,2493,999,0.4738642843565862,0.10622227191925049
agglomerative,0.63,2548,999,0.4843185706139517,0.10317760705947876
agglomerative,0.63,2603,999,0.4947728568713172,0.10010302066802979
agglomerative,0.63,2659,999,0.5054172210606349,0.09711062908172607
agglomerative,0.63,2714,999,0.5158715073180004,0.09375149011611938
agglomerative,0.63,2769,999,0.5263257935753659,0.09072434902191162
agglomerative,0.63,2825,999,0.5369701577646835,0.08808678388595581
agglomerative,0.63,2880,999,0.547424444022049,0.08492642641067505
agglomerative,0.63,2936,999,0.5580688082113666,0.08232516050338745
agglomerative,0.63,2991,999,0.5685230944687322,0.0794905424118042
agglomerative,0.63,3046,999,0.5789773807260977,0.0767509937286377
agglomerative,0.63,3102,999,0.5896217449154153,0.07412564754486084
agglomerative,0.63,3157,999,0.6000760311727809,0.07114183902740479
agglomerative,0.63,3212,999,0.6105303174301464,0.06834501028060913
agglomerative,0.63,3268,999,0.621174681619464,0.06537789106369019
agglomerative,0.63,3323,999,0.6316289678768295,0.06254786252975464
agglomerative,0.63,3378,999,0.642083254134195,0.05993247032165527
agglomerative,0.63,3434,999,0.6527276183235127,0.057364046573638916
agglomerative,0.63,3489,999,0.6631819045808781,0.054743945598602295
agglomerative,0.63,3545,999,0.6738262687701958,0.05241650342941284
agglomerative,0.63,3600,999,0.6842805550275614,0.05016225576400757
agglomerative,0.63,3655,999,0.6947348412849268,0.04802781343460083
agglomerative,0.63,3711,999,0.7053792054742445,0.045967280864715576
agglomerative,0.63,3766,999,0.7158334917316099,0.043714165687561035
agglomerative,0.63,3821,999,0.7262877779889755,0.04169720411300659
agglomerative,0.63,3877,999,0.7369321421782931,0.03981751203536987
agglomerative,0.63,3932,999,0.7473864284356586,0.037978172302246094
agglomerative,0.63,3988,999,0.7580307926249762,0.036353886127471924
agglomerative,0.63,4043,999,0.7684850788823417,0.03449887037277222
agglomerative,0.63,4098,999,0.7789393651397073,0.032744526863098145
agglomerative,0.63,4154,999,0.7895837293290249,0.031235933303833008
agglomerative,0.63,4209,999,0.8000380155863904,0.02981513738632202
agglomerative,0.63,4264,999,0.810492301843756,0.028199374675750732
agglomerative,0.63,4320,999,0.8211366660330736,0.026737689971923828
agglomerative,0.63,4375,999,0.8315909522904391,0.025334656238555908
agglomerative,0.63,4430,999,0.8420452385478046,0.02358424663543701
agglomerative,0.63,4486,999,0.8526896027371222,0.022075355052947998
agglomerative,0.63,4541,999,0.8631438889944877,0.02073127031326294
agglomerative,0.63,4597,999,0.8737882531838054,0.019293487071990967
agglomerative,0.63,4652,999,0.8842425394411709,0.017987608909606934
agglomerative,0.63,4707,999,0.8946968256985364,0.016705989837646484
agglomerative,0.63,4763,999,0.9053411898878541,0.01525205373764038
agglomerative,0.63,4818,999,0.9157954761452195,0.013815820217132568
agglomerative,0.63,4873,999,0.926249762402585,0.012337863445281982
agglomerative,0.63,4929,999,0.9368941265919026,0.010680317878723145
agglomerative,0.63,4984,999,0.9473484128492682,0.009021878242492676
agglomerative,0.63,5040,999,0.9579927770385859,0.007241785526275635
agglomerative,0.63,5095,999,0.9684470632959513,0.0052343010902404785
agglomerative,0.63,5150,999,0.9789013495533169,0.0029491186141967773
agglomerative,0.63,5206,999,0.9895457137426344,0.000409543514251709
agglomerative,0.63,5261,999,1.0,0.0
agglomerative,0.64,1,999,0.00019007793195210037,0.9861733913421631
agglomerative,0.64,56,999,0.01064436418931762,0.801386833190918
agglomerative,0.64,112,999,0.02128872837863524,0.6330184936523438
agglomerative,0.64,167,999,0.03174301463600076,0.5630195140838623
agglomerative,0.64,222,999,0.04219730089336628,0.5032764673233032
agglomerative,0.64,278,999,0.0528416650826839,0.4658597707748413
agglomerative,0.64,333,999,0.06329595134004942,0.42628031969070435
agglomerative,0.64,389,999,0.07394031552936704,0.39549630880355835
agglomerative,0.64,444,999,0.08439460178673255,0.3639540672302246
agglomerative,0.64,499,999,0.09484888804409808,0.3333978056907654
agglomerative,0.64,555,999,0.1054932522334157,0.3163309097290039
agglomerative,0.64,610,999,0.11594753849078122,0.2947031855583191
agglomerative,0.64,665,999,0.12640182474814673,0.27253538370132446
agglomerative,0.64,721,999,0.13704618893746437,0.25456100702285767
agglomerative,0.64,776,999,0.14750047519482987,0.2397415041923523
agglomerative,0.64,832,999,0.1581448393841475,0.2250058650970459
agglomerative,0.64,887,999,0.16859912564151303,0.21008670330047607
agglomerative,0.64,942,999,0.17905341189887855,0.20176702737808228
agglomerative,0.64,998,999,0.18969777608819616,0.19738870859146118
agglomerative,0.64,1053,999,0.20015206234556168,0.192649245262146
agglomerative,0.64,1108,999,0.2106063486029272,0.18867331743240356
agglomerative,0.64,1164,999,0.2212507127922448,0.18481802940368652
agglomerative,0.64,1219,999,0.23170499904961034,0.18129897117614746
agglomerative,0.64,1274,999,0.24215928530697586,0.17671608924865723
agglomerative,0.64,1330,999,0.25280364949629347,0.17268317937850952
agglomerative,0.64,1385,999,0.263257935753659,0.1694130301475525
agglomerative,0.64,1441,999,0.2739022999429766,0.1664905548095703
agglomerative,0.64,1496,999,0.28435658620034215,0.16279101371765137
agglomerative,0.64,1551,999,0.29481087245770765,0.15886753797531128
agglomerative,0.64,1607,999,0.3054552366470253,0.1554601788520813
agglomerative,0.64,1662,999,0.3159095229043908,0.15180617570877075
agglomerative,0.64,1717,999,0.32636380916175634,0.14864510297775269
agglomerative,0.64,1773,999,0.3370081733510739,0.14522194862365723
agglomerative,0.64,1828,999,0.34746245960843947,0.142086923122406
agglomerative,0.64,1884,999,0.3581068237977571,0.13885682821273804
agglomerative,0.64,1939,999,0.3685611100551226,0.13514548540115356
agglomerative,0.64,1994,999,0.3790153963124881,0.1321505904197693
agglomerative,0.64,2050,999,0.38965976050180573,0.12933647632598877
agglomerative,0.64,2105,999,0.4001140467591713,0.12639164924621582
agglomerative,0.64,2160,999,0.4105683330165368,0.12325155735015869
agglomerative,0.64,2216,999,0.4212126972058544,0.12028759717941284
agglomerative,0.64,2271,999,0.4316669834632199,0.11733579635620117
agglomerative,0.64,2326,999,0.44212126972058546,0.11465048789978027
agglomerative,0.64,2382,999,0.45276563390990304,0.11196517944335938
agglomerative,0.64,2437,999,0.4632199201672686,0.10916978120803833
agglomerative,0.64,2493,999,0.4738642843565862,0.10622179508209229
agglomerative,0.64,2548,999,0.4843185706139517,0.10317707061767578
agglomerative,0.64,2603,999,0.4947728568713172,0.10010278224945068
agglomerative,0.64,2659,999,0.5054172210606349,0.09711015224456787
agglomerative,0.64,2714,999,0.5158715073180004,0.0937509536743164
agglomerative,0.64,2769,999,0.5263257935753659,0.09072381258010864
agglomerative,0.64,2825,999,0.5369701577646835,0.08808660507202148
agglomerative,0.64,2880,999,0.547424444022049,0.08492624759674072
agglomerative,0.64,2936,999,0.5580688082113666,0.08232492208480835
agglomerative,0.64,2991,999,0.5685230944687322,0.079490065574646
agglomerative,0.64,3046,999,0.5789773807260977,0.07675033807754517
agglomerative,0.64,3102,999,0.5896217449154153,0.07412523031234741
agglomerative,0.64,3157,999,0.6000760311727809,0.07114219665527344
agglomerative,0.64,3212,999,0.6105303174301464,0.06834465265274048
agglomerative,0.64,3268,999,0.621174681619464,0.0653771162033081
agglomerative,0.64,3323,999,0.6316289678768295,0.06254720687866211
agglomerative,0.64,3378,999,0.642083254134195,0.05993157625198364
agglomerative,0.64,3434,999,0.6527276183235127,0.057363152503967285
agglomerative,0.64,3489,999,0.6631819045808781,0.05474364757537842
agglomerative,0.64,3545,999,0.6738262687701958,0.052416443824768066
agglomerative,0.64,3600,999,0.6842805550275614,0.05016237497329712
agglomerative,0.64,3655,999,0.6947348412849268,0.04802781343460083
agglomerative,0.64,3711,999,0.7053792054742445,0.045967280864715576
agglomerative,0.64,3766,999,0.7158334917316099,0.043714165687561035
agglomerative,0.64,3821,999,0.7262877779889755,0.04169708490371704
agglomerative,0.64,3877,999,0.7369321421782931,0.03981781005859375
agglomerative,0.64,3932,999,0.7473864284356586,0.037978172302246094
agglomerative,0.64,3988,999,0.7580307926249762,0.03635406494140625
agglomerative,0.64,4043,999,0.7684850788823417,0.03449887037277222
agglomerative,0.64,4098,999,0.7789393651397073,0.03274458646774292
agglomerative,0.64,4154,999,0.7895837293290249,0.031236112117767334
agglomerative,0.64,4209,999,0.8000380155863904,0.02981555461883545
agglomerative,0.64,4264,999,0.810492301843756,0.028199315071105957
agglomerative,0.64,4320,999,0.8211366660330736,0.026737749576568604
agglomerative,0.64,4375,999,0.8315909522904391,0.025334656238555908
agglomerative,0.64,4430,999,0.8420452385478046,0.02358400821685791
agglomerative,0.64,4486,999,0.8526896027371222,0.022075355052947998
agglomerative,0.64,4541,999,0.8631438889944877,0.02073150873184204
agglomerative,0.64,4597,999,0.8737882531838054,0.01929372549057007
agglomerative,0.64,4652,999,0.8842425394411709,0.017987847328186035
agglomerative,0.64,4707,999,0.8946968256985364,0.016706228256225586
agglomerative,0.64,4763,999,0.9053411898878541,0.015252411365509033
agglomerative,0.64,4818,999,0.9157954761452195,0.013815999031066895
agglomerative,0.64,4873,999,0.926249762402585,0.012337803840637207
agglomerative,0.64,4929,999,0.9368941265919026,0.010680198669433594
agglomerative,0.64,4984,999,0.9473484128492682,0.009021639823913574
agglomerative,0.64,5040,999,0.9579927770385859,0.007241606712341309
agglomerative,0.64,5095,999,0.9684470632959513,0.00523453950881958
agglomerative,0.64,5150,999,0.9789013495533169,0.0029489994049072266
agglomerative,0.64,5206,999,0.9895457137426344,0.0004096031188964844
agglomerative,0.64,5261,999,1.0,0.0
agglomerative,0.65,1,999,0.00019007793195210037,0.9877945780754089
agglomerative,0.65,56,999,0.01064436418931762,0.8165743947029114
agglomerative,0.65,112,999,0.02128872837863524,0.6898102760314941
agglomerative,0.65,167,999,0.03174301463600076,0.5881543755531311
agglomerative,0.65,222,999,0.04219730089336628,0.536470890045166
agglomerative,0.65,278,999,0.0528416650826839,0.4917573928833008
agglomerative,0.65,333,999,0.06329595134004942,0.45024895668029785
agglomerative,0.65,389,999,0.07394031552936704,0.41982537508010864
agglomerative,0.65,444,999,0.08439460178673255,0.39039045572280884
agglomerative,0.65,499,999,0.09484888804409808,0.3560355305671692
agglomerative,0.65,555,999,0.1054932522334157,0.3316997289657593
agglomerative,0.65,610,999,0.11594753849078122,0.315950870513916
agglomerative,0.65,665,999,0.12640182474814673,0.2900165915489197
agglomerative,0.65,721,999,0.13704618893746437,0.269290030002594
agglomerative,0.65,776,999,0.14750047519482987,0.25318199396133423
agglomerative,0.65,832,999,0.1581448393841475,0.23729443550109863
agglomerative,0.65,887,999,0.16859912564151303,0.22263669967651367
agglomerative,0.65,942,999,0.17905341189887855,0.20653927326202393
agglomerative,0.65,998,999,0.18969777608819616,0.19659680128097534
agglomerative,0.65,1053,999,0.20015206234556168,0.1913686990737915
agglomerative,0.65,1108,999,0.2106063486029272,0.18741029500961304
agglomerative,0.65,1164,999,0.2212507127922448,0.18387943506240845
agglomerative,0.65,1219,999,0.23170499904961034,0.17966824769973755
agglomerative,0.65,1274,999,0.24215928530697586,0.17579877376556396
agglomerative,0.65,1330,999,0.25280364949629347,0.17181497812271118
agglomerative,0.65,1385,999,0.263257935753659,0.1687726378440857
agglomerative,0.65,1441,999,0.2739022999429766,0.1650192141532898
agglomerative,0.65,1496,999,0.28435658620034215,0.16169804334640503
agglomerative,0.65,1551,999,0.29481087245770765,0.1586323380470276
agglomerative,0.65,1607,999,0.3054552366470253,0.15516209602355957
agglomerative,0.65,1662,999,0.3159095229043908,0.1517922282218933
agglomerative,0.65,1717,999,0.32636380916175634,0.14834445714950562
agglomerative,0.65,1773,999,0.3370081733510739,0.1443735957145691
agglomerative,0.65,1828,999,0.34746245960843947,0.14149004220962524
agglomerative,0.65,1884,999,0.3581068237977571,0.13803887367248535
agglomerative,0.65,1939,999,0.3685611100551226,0.13496333360671997
agglomerative,0.65,1994,999,0.3790153963124881,0.13210797309875488
agglomerative,0.65,2050,999,0.38965976050180573,0.1293398141860962
agglomerative,0.65,2105,999,0.4001140467591713,0.12639504671096802
agglomerative,0.65,2160,999,0.4105683330165368,0.12325185537338257
agglomerative,0.65,2216,999,0.4212126972058544,0.12028765678405762
agglomerative,0.65,2271,999,0.4316669834632199,0.11733561754226685
agglomerative,0.65,2326,999,0.44212126972058546,0.1146506667137146
agglomerative,0.65,2382,999,0.45276563390990304,0.11196541786193848
agglomerative,0.65,2437,999,0.4632199201672686,0.10917019844055176
agglomerative,0.65,2493,999,0.4738642843565862,0.10622239112854004
agglomerative,0.65,2548,999,0.4843185706139517,0.10317754745483398
agglomerative,0.65,2603,999,0.4947728568713172,0.10010272264480591
agglomerative,0.65,2659,999,0.5054172210606349,0.0971100926399231
agglomerative,0.65,2714,999,0.5158715073180004,0.09375101327896118
agglomerative,0.65,2769,999,0.5263257935753659,0.09072399139404297
agglomerative,0.65,2825,999,0.5369701577646835,0.08808648586273193
agglomerative,0.65,2880,999,0.547424444022049,0.08492636680603027
agglomerative,0.65,2936,999,0.5580688082113666,0.08232462406158447
agglomerative,0.65,2991,999,0.5685230944687322,0.0794898271560669
agglomerative,0.65,3046,999,0.5789773807260977,0.07675027847290039
agglomerative,0.65,3102,999,0.5896217449154153,0.07412499189376831
agglomerative,0.65,3157,999,0.6000760311727809,0.07114171981811523
agglomerative,0.65,3212,999,0.6105303174301464,0.06834572553634644
agglomerative,0.65,3268,999,0.621174681619464,0.06537836790084839
agglomerative,0.65,3323,999,0.6316289678768295,0.06254833936691284
agglomerative,0.65,3378,999,0.642083254134195,0.059932589530944824
agglomerative,0.65,3434,999,0.6527276183235127,0.05736333131790161
agglomerative,0.65,3489,999,0.6631819045808781,0.05474364757537842
agglomerative,0.65,3545,999,0.6738262687701958,0.052416324615478516
agglomerative,0.65,3600,999,0.6842805550275614,0.05016225576400757
agglomerative,0.65,3655,999,0.6947348412849268,0.04802757501602173
agglomerative,0.65,3711,999,0.7053792054742445,0.04596710205078125
agglomerative,0.65,3766,999,0.7158334917316099,0.04371422529220581
agglomerative,0.65,3821,999,0.7262877779889755,0.04169696569442749
agglomerative,0.65,3877,999,0.7369321421782931,0.03981733322143555
agglomerative,0.65,3932,999,0.7473864284356586,0.03797781467437744
agglomerative,0.65,3988,999,0.7580307926249762,0.03635340929031372
agglomerative,0.65,4043,999,0.7684850788823417,0.03449857234954834
agglomerative,0.65,4098,999,0.7789393651397073,0.03274446725845337
agglomerative,0.65,4154,999,0.7895837293290249,0.031235575675964355
agglomerative,0.65,4209,999,0.8000380155863904,0.02981555461883545
agglomerative,0.65,4264,999,0.810492301843756,0.028199315071105957
agglomerative,0.65,4320,999,0.8211366660330736,0.026737511157989502
agglomerative,0.65,4375,999,0.8315909522904391,0.025334537029266357
agglomerative,0.65,4430,999,0.8420452385478046,0.02358424663543701
agglomerative,0.65,4486,999,0.8526896027371222,0.022075414657592773
agglomerative,0.65,4541,999,0.8631438889944877,0.02073150873184204
agglomerative,0.65,4597,999,0.8737882531838054,0.019293665885925293
agglomerative,0.65,4652,999,0.8842425394411709,0.01798766851425171
agglomerative,0.65,4707,999,0.8946968256985364,0.01670604944229126
agglomerative,0.65,4763,999,0.9053411898878541,0.015252649784088135
agglomerative,0.65,4818,999,0.9157954761452195,0.01381617784500122
agglomerative,0.65,4873,999,0.926249762402585,0.012337863445281982
agglomerative,0.65,4929,999,0.9368941265919026,0.010680317878723145
agglomerative,0.65,4984,999,0.9473484128492682,0.0090218186378479
agglomerative,0.65,5040,999,0.9579927770385859,0.007241666316986084
agglomerative,0.65,5095,999,0.9684470632959513,0.005234420299530029
agglomerative,0.65,5150,999,0.9789013495533169,0.0029491782188415527
agglomerative,0.65,5206,999,0.9895457137426344,0.0004096031188964844
agglomerative,0.65,5261,999,1.0,0.0
agglomerative,0.66,1,999,0.00019007793195210037,0.9891833662986755
agglomerative,0.66,56,999,0.01064436418931762,0.8504852652549744
agglomerative,0.66,112,999,0.02128872837863524,0.70941561460495
agglomerative,0.66,167,999,0.03174301463600076,0.614496111869812
agglomerative,0.66,222,999,0.04219730089336628,0.5507606267929077
agglomerative,0.66,278,999,0.0528416650826839,0.5106005668640137
agglomerative,0.66,333,999,0.06329595134004942,0.4702814221382141
agglomerative,0.66,389,999,0.07394031552936704,0.43773186206817627
agglomerative,0.66,444,999,0.08439460178673255,0.4038572311401367
agglomerative,0.66,499,999,0.09484888804409808,0.3748641610145569
agglomerative,0.66,555,999,0.1054932522334157,0.3477838635444641
agglomerative,0.66,610,999,0.11594753849078122,0.3230685591697693
agglomerative,0.66,665,999,0.12640182474814673,0.30822354555130005
agglomerative,0.66,721,999,0.13704618893746437,0.2881922125816345
agglomerative,0.66,776,999,0.14750047519482987,0.2659139633178711
agglomerative,0.66,832,999,0.1581448393841475,0.24741297960281372
agglomerative,0.66,887,999,0.16859912564151303,0.23241662979125977
agglomerative,0.66,942,999,0.17905341189887855,0.21847432851791382
agglomerative,0.66,998,999,0.18969777608819616,0.20539408922195435
agglomerative,0.66,1053,999,0.20015206234556168,0.19406169652938843
agglomerative,0.66,1108,999,0.2106063486029272,0.18895310163497925
agglomerative,0.66,1164,999,0.2212507127922448,0.1831526756286621
agglomerative,0.66,1219,999,0.23170499904961034,0.1798064112663269
agglomerative,0.66,1274,999,0.24215928530697586,0.17562782764434814
agglomerative,0.66,1330,999,0.25280364949629347,0.17076289653778076
agglomerative,0.66,1385,999,0.263257935753659,0.1681392788887024
agglomerative,0.66,1441,999,0.2739022999429766,0.1643918752670288
agglomerative,0.66,1496,999,0.28435658620034215,0.16097956895828247
agglomerative,0.66,1551,999,0.29481087245770765,0.157623291015625
agglomerative,0.66,1607,999,0.3054552366470253,0.1545528769493103
agglomerative,0.66,1662,999,0.3159095229043908,0.1515464186668396
agglomerative,0.66,1717,999,0.32636380916175634,0.1481776237487793
agglomerative,0.66,1773,999,0.3370081733510739,0.14485770463943481
agglomerative,0.66,1828,999,0.34746245960843947,0.14196443557739258
agglomerative,0.66,1884,999,0.3581068237977571,0.13770264387130737
agglomerative,0.66,1939,999,0.3685611100551226,0.135003924369812
agglomerative,0.66,1994,999,0.3790153963124881,0.13201195001602173
agglomerative,0.66,2050,999,0.38965976050180573,0.12917757034301758
agglomerative,0.66,2105,999,0.4001140467591713,0.12638866901397705
agglomerative,0.66,2160,999,0.4105683330165368,0.12325221300125122
agglomerative,0.66,2216,999,0.4212126972058544,0.12022113800048828
agglomerative,0.66,2271,999,0.4316669834632199,0.1173294186592102
agglomerative,0.66,2326,999,0.44212126972058546,0.11464309692382812
agglomerative,0.66,2382,999,0.45276563390990304,0.11194866895675659
agglomerative,0.66,2437,999,0.4632199201672686,0.10916221141815186
agglomerative,0.66,2493,999,0.4738642843565862,0.1062125563621521
agglomerative,0.66,2548,999,0.4843185706139517,0.10316622257232666
agglomerative,0.66,2603,999,0.4947728568713172,0.10009765625
agglomerative,0.66,2659,999,0.5054172210606349,0.0971105694770813
agglomerative,0.66,2714,999,0.5158715073180004,0.09375131130218506
agglomerative,0.66,2769,999,0.5263257935753659,0.09072422981262207
agglomerative,0.66,2825,999,0.5369701577646835,0.08808696269989014
agglomerative,0.66,2880,999,0.547424444022049,0.08492672443389893
agglomerative,0.66,2936,999,0.5580688082113666,0.082325279712677
agglomerative,0.66,2991,999,0.5685230944687322,0.07949036359786987
agglomerative,0.66,3046,999,0.5789773807260977,0.07675051689147949
agglomerative,0.66,3102,999,0.5896217449154153,0.07412540912628174
agglomerative,0.66,3157,999,0.6000760311727809,0.07114171981811523
agglomerative,0.66,3212,999,0.6105303174301464,0.06834501028060913
agglomerative,0.66,3268,999,0.621174681619464,0.06537801027297974
agglomerative,0.66,3323,999,0.6316289678768295,0.06254786252975464
agglomerative,0.66,3378,999,0.642083254134195,0.05993247032165527
agglomerative,0.66,3434,999,0.6527276183235127,0.057363808155059814
agglomerative,0.66,3489,999,0.6631819045808781,0.05474352836608887
agglomerative,0.66,3545,999,0.6738262687701958,0.05241596698760986
agglomerative,0.66,3600,999,0.6842805550275614,0.05016213655471802
agglomerative,0.66,3655,999,0.6947348412849268,0.048027634620666504
agglomerative,0.66,3711,999,0.7053792054742445,0.045967280864715576
agglomerative,0.66,3766,999,0.7158334917316099,0.04371434450149536
agglomerative,0.66,3821,999,0.7262877779889755,0.04169744253158569
agglomerative,0.66,3877,999,0.7369321421782931,0.0398179292678833
agglomerative,0.66,3932,999,0.7473864284356586,0.037978172302246094
agglomerative,0.66,3988,999,0.7580307926249762,0.0363539457321167
agglomerative,0.66,4043,999,0.7684850788823417,0.03449904918670654
agglomerative,0.66,4098,999,0.7789393651397073,0.03274482488632202
agglomerative,0.66,4154,999,0.7895837293290249,0.031235933303833008
agglomerative,0.66,4209,999,0.8000380155863904,0.029815256595611572
agglomerative,0.66,4264,999,0.810492301843756,0.02819901704788208
agglomerative,0.66,4320,999,0.8211366660330736,0.026737570762634277
agglomerative,0.66,4375,999,0.8315909522904391,0.025334537029266357
agglomerative,0.66,4430,999,0.8420452385478046,0.023584365844726562
agglomerative,0.66,4486,999,0.8526896027371222,0.022075414657592773
agglomerative,0.66,4541,999,0.8631438889944877,0.020731449127197266
agglomerative,0.66,4597,999,0.8737882531838054,0.019293665885925293
agglomerative,0.66,4652,999,0.8842425394411709,0.017987608909606934
agglomerative,0.66,4707,999,0.8946968256985364,0.01670604944229126
agglomerative,0.66,4763,999,0.9053411898878541,0.015252530574798584
agglomerative,0.66,4818,999,0.9157954761452195,0.013816297054290771
agglomerative,0.66,4873,999,0.926249762402585,0.012337982654571533
agglomerative,0.66,4929,999,0.9368941265919026,0.010680198669433594
agglomerative,0.66,4984,999,0.9473484128492682,0.009021937847137451
agglomerative,0.66,5040,999,0.9579927770385859,0.007241785526275635
agglomerative,0.66,5095,999,0.9684470632959513,0.005234420299530029
agglomerative,0.66,5150,999,0.9789013495533169,0.0029491186141967773
agglomerative,0.66,5206,999,0.9895457137426344,0.0004096031188964844
agglomerative,0.66,5261,999,1.0,0.0
agglomerative,0.67,1,999,0.00019007793195210037,0.9903793334960938
agglomerative,0.67,56,999,0.01064436418931762,0.8746705651283264
agglomerative,0.67,112,999,0.02128872837863524,0.7331994771957397
agglomerative,0.67,167,999,0.03174301463600076,0.6377835273742676
agglomerative,0.67,222,999,0.04219730089336628,0.5802568197250366
agglomerative,0.67,278,999,0.0528416650826839,0.5353267192840576
agglomerative,0.67,333,999,0.06329595134004942,0.5013809204101562
agglomerative,0.67,389,999,0.07394031552936704,0.4646645188331604
agglomerative,0.67,444,999,0.08439460178673255,0.42951279878616333
agglomerative,0.67,499,999,0.09484888804409808,0.4010528326034546
agglomerative,0.67,555,999,0.1054932522334157,0.37529510259628296
agglomerative,0.67,610,999,0.11594753849078122,0.3458029627799988
agglomerative,0.67,665,999,0.12640182474814673,0.31741952896118164
agglomerative,0.67,721,999,0.13704618893746437,0.3060937523841858
agglomerative,0.67,776,999,0.14750047519482987,0.28667980432510376
agglomerative,0.67,832,999,0.1581448393841475,0.267020046710968
agglomerative,0.67,887,999,0.16859912564151303,0.25076061487197876
agglomerative,0.67,942,999,0.17905341189887855,0.23538744449615479
agglomerative,0.67,998,999,0.18969777608819616,0.21867430210113525
agglomerative,0.67,1053,999,0.20015206234556168,0.2051982879638672
agglomerative,0.67,1108,999,0.2106063486029272,0.19364982843399048
agglomerative,0.67,1164,999,0.2212507127922448,0.18372684717178345
agglomerative,0.67,1219,999,0.23170499904961034,0.17932838201522827
agglomerative,0.67,1274,999,0.24215928530697586,0.17480766773223877
agglomerative,0.67,1330,999,0.25280364949629347,0.17139828205108643
agglomerative,0.67,1385,999,0.263257935753659,0.16704100370407104
agglomerative,0.67,1441,999,0.2739022999429766,0.16375893354415894
agglomerative,0.67,1496,999,0.28435658620034215,0.1604108214378357
agglomerative,0.67,1551,999,0.29481087245770765,0.15748900175094604
agglomerative,0.67,1607,999,0.3054552366470253,0.1544119119644165
agglomerative,0.67,1662,999,0.3159095229043908,0.15119320154190063
agglomerative,0.67,1717,999,0.32636380916175634,0.14777088165283203
agglomerative,0.67,1773,999,0.3370081733510739,0.14371871948242188
agglomerative,0.67,1828,999,0.34746245960843947,0.14090603590011597
agglomerative,0.67,1884,999,0.3581068237977571,0.13733547925949097
agglomerative,0.67,1939,999,0.3685611100551226,0.13441604375839233
agglomerative,0.67,1994,999,0.3790153963124881,0.1315702199935913
agglomerative,0.67,2050,999,0.38965976050180573,0.12895387411117554
agglomerative,0.67,2105,999,0.4001140467591713,0.12613129615783691
agglomerative,0.67,2160,999,0.4105683330165368,0.12309694290161133
agglomerative,0.67,2216,999,0.4212126972058544,0.12018656730651855
agglomerative,0.67,2271,999,0.4316669834632199,0.11730015277862549
agglomerative,0.67,2326,999,0.44212126972058546,0.11460715532302856
agglomerative,0.67,2382,999,0.45276563390990304,0.11194860935211182
agglomerative,0.67,2437,999,0.4632199201672686,0.10916203260421753
agglomerative,0.67,2493,999,0.4738642843565862,0.1062118411064148
agglomerative,0.67,2548,999,0.4843185706139517,0.10316556692123413
agglomerative,0.67,2603,999,0.4947728568713172,0.10009706020355225
agglomerative,0.67,2659,999,0.5054172210606349,0.09710979461669922
agglomerative,0.67,2714,999,0.5158715073180004,0.09375041723251343
agglomerative,0.67,2769,999,0.5263257935753659,0.09072339534759521
agglomerative,0.67,2825,999,0.5369701577646835,0.08808630704879761
agglomerative,0.67,2880,999,0.547424444022049,0.08492642641067505
agglomerative,0.67,2936,999,0.5580688082113666,0.08232486248016357
agglomerative,0.67,2991,999,0.5685230944687322,0.0794898271560669
agglomerative,0.67,3046,999,0.5789773807260977,0.07674986124038696
agglomerative,0.67,3102,999,0.5896217449154153,0.07412481307983398
agglomerative,0.67,3157,999,0.6000760311727809,0.07114136219024658
agglomerative,0.67,3212,999,0.6105303174301464,0.06834501028060913
agglomerative,0.67,3268,999,0.621174681619464,0.06537777185440063
agglomerative,0.67,3323,999,0.6316289678768295,0.06254738569259644
agglomerative,0.67,3378,999,0.642083254134195,0.0599324107170105
agglomerative,0.67,3434,999,0.6527276183235127,0.057363927364349365
agglomerative,0.67,3489,999,0.6631819045808781,0.05474412441253662
agglomerative,0.67,3545,999,0.6738262687701958,0.05241674184799194
agglomerative,0.67,3600,999,0.6842805550275614,0.05016249418258667
agglomerative,0.67,3655,999,0.6947348412849268,0.048027873039245605
agglomerative,0.67,3711,999,0.7053792054742445,0.04596740007400513
agglomerative,0.67,3766,999,0.7158334917316099,0.04371422529220581
agglomerative,0.67,3821,999,0.7262877779889755,0.041697144508361816
agglomerative,0.67,3877,999,0.7369321421782931,0.039817750453948975
agglomerative,0.67,3932,999,0.7473864284356586,0.03797811269760132
agglomerative,0.67,3988,999,0.7580307926249762,0.03635358810424805
agglomerative,0.67,4043,999,0.7684850788823417,0.03449904918670654
agglomerative,0.67,4098,999,0.7789393651397073,0.03274470567703247
agglomerative,0.67,4154,999,0.7895837293290249,0.031235873699188232
agglomerative,0.67,4209,999,0.8000380155863904,0.029815375804901123
agglomerative,0.67,4264,999,0.810492301843756,0.028199195861816406
agglomerative,0.67,4320,999,0.8211366660330736,0.02673804759979248
agglomerative,0.67,4375,999,0.8315909522904391,0.02533477544784546
agglomerative,0.67,4430,999,0.8420452385478046,0.02358466386795044
agglomerative,0.67,4486,999,0.8526896027371222,0.022075414657592773
agglomerative,0.67,4541,999,0.8631438889944877,0.02073150873184204
agglomerative,0.67,4597,999,0.8737882531838054,0.01929372549057007
agglomerative,0.67,4652,999,0.8842425394411709,0.017987370491027832
agglomerative,0.67,4707,999,0.8946968256985364,0.016705870628356934
agglomerative,0.67,4763,999,0.9053411898878541,0.015252530574798584
agglomerative,0.67,4818,999,0.9157954761452195,0.013816118240356445
agglomerative,0.67,4873,999,0.926249762402585,0.01233828067779541
agglomerative,0.67,4929,999,0.9368941265919026,0.010680079460144043
agglomerative,0.67,4984,999,0.9473484128492682,0.0090218186378479
agglomerative,0.67,5040,999,0.9579927770385859,0.007241666316986084
agglomerative,0.67,5095,999,0.9684470632959513,0.005234420299530029
agglomerative,0.67,5150,999,0.9789013495533169,0.0029492974281311035
agglomerative,0.67,5206,999,0.9895457137426344,0.0004096031188964844
agglomerative,0.67,5261,999,1.0,0.0
agglomerative,0.68,1,999,0.00019007793195210037,0.9914277791976929
agglomerative,0.68,56,999,0.01064436418931762,0.9417072534561157
agglomerative,0.68,112,999,0.02128872837863524,0.7884926795959473
agglomerative,0.68,167,999,0.03174301463600076,0.6936532258987427
agglomerative,0.68,222,999,0.04219730089336628,0.6222152709960938
agglomerative,0.68,278,999,0.0528416650826839,0.5760568380355835
agglomerative,0.68,333,999,0.06329595134004942,0.5321991443634033
agglomerative,0.68,389,999,0.07394031552936704,0.4973942041397095
agglomerative,0.68,444,999,0.08439460178673255,0.4621804356575012
agglomerative,0.68,499,999,0.09484888804409808,0.4317094683647156
agglomerative,0.68,555,999,0.1054932522334157,0.4046664237976074
agglomerative,0.68,610,999,0.11594753849078122,0.3747997283935547
agglomerative,0.68,665,999,0.12640182474814673,0.35143327713012695
agglomerative,0.68,721,999,0.13704618893746437,0.3232152462005615
agglomerative,0.68,776,999,0.14750047519482987,0.30201971530914307
agglomerative,0.68,832,999,0.1581448393841475,0.2881092429161072
agglomerative,0.68,887,999,0.16859912564151303,0.27285313606262207
agglomerative,0.68,942,999,0.17905341189887855,0.25249820947647095
agglomerative,0.68,998,999,0.18969777608819616,0.2349017858505249
agglomerative,0.68,1053,999,0.20015206234556168,0.2204819917678833
agglomerative,0.68,1108,999,0.2106063486029272,0.20590871572494507
agglomerative,0.68,1164,999,0.2212507127922448,0.1912030577659607
agglomerative,0.68,1219,999,0.23170499904961034,0.18165290355682373
agglomerative,0.68,1274,999,0.24215928530697586,0.17452764511108398
agglomerative,0.68,1330,999,0.25280364949629347,0.17086678743362427
agglomerative,0.68,1385,999,0.263257935753659,0.16661757230758667
agglomerative,0.68,1441,999,0.2739022999429766,0.1632155179977417
agglomerative,0.68,1496,999,0.28435658620034215,0.1602557897567749
agglomerative,0.68,1551,999,0.29481087245770765,0.15710020065307617
agglomerative,0.68,1607,999,0.3054552366470253,0.1537102460861206
agglomerative,0.68,1662,999,0.3159095229043908,0.1506108045578003
agglomerative,0.68,1717,999,0.32636380916175634,0.14780515432357788
agglomerative,0.68,1773,999,0.3370081733510739,0.14326369762420654
agglomerative,0.68,1828,999,0.34746245960843947,0.14062201976776123
agglomerative,0.68,1884,999,0.3581068237977571,0.13691610097885132
agglomerative,0.68,1939,999,0.3685611100551226,0.13437610864639282
agglomerative,0.68,1994,999,0.3790153963124881,0.1315869688987732
agglomerative,0.68,2050,999,0.38965976050180573,0.1288970708847046
agglomerative,0.68,2105,999,0.4001140467591713,0.12607157230377197
agglomerative,0.68,2160,999,0.4105683330165368,0.12305963039398193
agglomerative,0.68,2216,999,0.4212126972058544,0.12016016244888306
agglomerative,0.68,2271,999,0.4316669834632199,0.11731821298599243
agglomerative,0.68,2326,999,0.44212126972058546,0.11461049318313599
agglomerative,0.68,2382,999,0.45276563390990304,0.11195051670074463
agglomerative,0.68,2437,999,0.4632199201672686,0.10916250944137573
agglomerative,0.68,2493,999,0.4738642843565862,0.1062120795249939
agglomerative,0.68,2548,999,0.4843185706139517,0.10316598415374756
agglomerative,0.68,2603,999,0.4947728568713172,0.1000974178314209
agglomerative,0.68,2659,999,0.5054172210606349,0.09711027145385742
agglomerative,0.68,2714,999,0.5158715073180004,0.09375101327896118
agglomerative,0.68,2769,999,0.5263257935753659,0.09072434902191162
agglomerative,0.68,2825,999,0.5369701577646835,0.08808684349060059
agglomerative,0.68,2880,999,0.547424444022049,0.08492612838745117
agglomerative,0.68,2936,999,0.5580688082113666,0.08232510089874268
agglomerative,0.68,2991,999,0.5685230944687322,0.0794903039932251
agglomerative,0.68,3046,999,0.5789773807260977,0.07675057649612427
agglomerative,0.68,3102,999,0.5896217449154153,0.07412528991699219
agglomerative,0.68,3157,999,0.6000760311727809,0.07114183902740479
agglomerative,0.68,3212,999,0.6105303174301464,0.06834501028060913
agglomerative,0.68,3268,999,0.621174681619464,0.06537759304046631
agglomerative,0.68,3323,999,0.6316289678768295,0.06254798173904419
agglomerative,0.68,3378,999,0.642083254134195,0.059932589530944824
agglomerative,0.68,3434,999,0.6527276183235127,0.05736374855041504
agglomerative,0.68,3489,999,0.6631819045808781,0.05474364757537842
agglomerative,0.68,3545,999,0.6738262687701958,0.05241596698760986
agglomerative,0.68,3600,999,0.6842805550275614,0.05016213655471802
agglomerative,0.68,3655,999,0.6947348412849268,0.04802745580673218
agglomerative,0.68,3711,999,0.7053792054742445,0.04596734046936035
agglomerative,0.68,3766,999,0.7158334917316099,0.04371422529220581
agglomerative,0.68,3821,999,0.7262877779889755,0.04169720411300659
agglomerative,0.68,3877,999,0.7369321421782931,0.03981751203536987
agglomerative,0.68,3932,999,0.7473864284356586,0.03797805309295654
agglomerative,0.68,3988,999,0.7580307926249762,0.036354124546051025
agglomerative,0.68,4043,999,0.7684850788823417,0.03449904918670654
agglomerative,0.68,4098,999,0.7789393651397073,0.03274500370025635
agglomerative,0.68,4154,999,0.7895837293290249,0.031236112117767334
agglomerative,0.68,4209,999,0.8000380155863904,0.029815673828125
agglomerative,0.68,4264,999,0.810492301843756,0.028199374675750732
agglomerative,0.68,4320,999,0.8211366660330736,0.026737749576568604
agglomerative,0.68,4375,999,0.8315909522904391,0.025334477424621582
agglomerative,0.68,4430,999,0.8420452385478046,0.023583948612213135
agglomerative,0.68,4486,999,0.8526896027371222,0.022075414657592773
agglomerative,0.68,4541,999,0.8631438889944877,0.020731329917907715
agglomerative,0.68,4597,999,0.8737882531838054,0.019293546676635742
agglomerative,0.68,4652,999,0.8842425394411709,0.017987430095672607
agglomerative,0.68,4707,999,0.8946968256985364,0.016705751419067383
agglomerative,0.68,4763,999,0.9053411898878541,0.015252411365509033
agglomerative,0.68,4818,999,0.9157954761452195,0.013816118240356445
agglomerative,0.68,4873,999,0.926249762402585,0.012337803840637207
agglomerative,0.68,4929,999,0.9368941265919026,0.010680317878723145
agglomerative,0.68,4984,999,0.9473484128492682,0.009022057056427002
agglomerative,0.68,5040,999,0.9579927770385859,0.007241666316986084
agglomerative,0.68,5095,999,0.9684470632959513,0.005234420299530029
agglomerative,0.68,5150,999,0.9789013495533169,0.0029491186141967773
agglomerative,0.68,5206,999,0.9895457137426344,0.0004096031188964844
agglomerative,0.68,5261,999,1.0,0.0
agglomerative,0.6900000000000001,1,999,0.00019007793195210037,0.9923343062400818
agglomerative,0.6900000000000001,56,999,0.01064436418931762,0.9842198491096497
agglomerative,0.6900000000000001,112,999,0.02128872837863524,0.8629456758499146
agglomerative,0.6900000000000001,167,999,0.03174301463600076,0.7538407444953918
agglomerative,0.6900000000000001,222,999,0.04219730089336628,0.6658107042312622
agglomerative,0.6900000000000001,278,999,0.0528416650826839,0.6110719442367554
agglomerative,0.6900000000000001,333,999,0.06329595134004942,0.5644984245300293
agglomerative,0.6900000000000001,389,999,0.07394031552936704,0.5264996290206909
agglomerative,0.6900000000000001,444,999,0.08439460178673255,0.4926795959472656
agglomerative,0.6900000000000001,499,999,0.09484888804409808,0.4603003263473511
agglomerative,0.6900000000000001,555,999,0.1054932522334157,0.43031615018844604
agglomerative,0.6900000000000001,610,999,0.11594753849078122,0.4060191512107849
agglomerative,0.6900000000000001,665,999,0.12640182474814673,0.3740363121032715
agglomerative,0.6900000000000001,721,999,0.13704618893746437,0.3516915440559387
agglomerative,0.6900000000000001,776,999,0.14750047519482987,0.3248271346092224
agglomerative,0.6900000000000001,832,999,0.1581448393841475,0.30306321382522583
agglomerative,0.6900000000000001,887,999,0.16859912564151303,0.2894378900527954
agglomerative,0.6900000000000001,942,999,0.17905341189887855,0.2752687335014343
agglomerative,0.6900000000000001,998,999,0.18969777608819616,0.2543463110923767
agglomerative,0.6900000000000001,1053,999,0.20015206234556168,0.23725289106369019
agglomerative,0.6900000000000001,1108,999,0.2106063486029272,0.2242555022239685
agglomerative,0.6900000000000001,1164,999,0.2212507127922448,0.20734643936157227
agglomerative,0.6900000000000001,1219,999,0.23170499904961034,0.19571280479431152
agglomerative,0.6900000000000001,1274,999,0.24215928530697586,0.1840304136276245
agglomerative,0.6900000000000001,1330,999,0.25280364949629347,0.1721785068511963
agglomerative,0.6900000000000001,1385,999,0.263257935753659,0.16719216108322144
agglomerative,0.6900000000000001,1441,999,0.2739022999429766,0.1634414792060852
agglomerative,0.6900000000000001,1496,999,0.28435658620034215,0.15924912691116333
agglomerative,0.6900000000000001,1551,999,0.29481087245770765,0.15645593404769897
agglomerative,0.6900000000000001,1607,999,0.3054552366470253,0.15323573350906372
agglomerative,0.6900000000000001,1662,999,0.3159095229043908,0.15019100904464722
agglomerative,0.6900000000000001,1717,999,0.32636380916175634,0.1459687352180481
agglomerative,0.6900000000000001,1773,999,0.3370081733510739,0.14281851053237915
agglomerative,0.6900000000000001,1828,999,0.34746245960843947,0.140159010887146
agglomerative,0.6900000000000001,1884,999,0.3581068237977571,0.13690394163131714
agglomerative,0.6900000000000001,1939,999,0.3685611100551226,0.13426899909973145
agglomerative,0.6900000000000001,1994,999,0.3790153963124881,0.13159167766571045
agglomerative,0.6900000000000001,2050,999,0.38965976050180573,0.12886649370193481
agglomerative,0.6900000000000001,2105,999,0.4001140467591713,0.12594813108444214
agglomerative,0.6900000000000001,2160,999,0.4105683330165368,0.1229131817817688
agglomerative,0.6900000000000001,2216,999,0.4212126972058544,0.12008720636367798
agglomerative,0.6900000000000001,2271,999,0.4316669834632199,0.11716151237487793
agglomerative,0.6900000000000001,2326,999,0.44212126972058546,0.11449766159057617
agglomerative,0.6900000000000001,2382,999,0.45276563390990304,0.11183333396911621
agglomerative,0.6900000000000001,2437,999,0.4632199201672686,0.10889309644699097
agglomerative,0.6900000000000001,2493,999,0.4738642843565862,0.10609936714172363
agglomerative,0.6900000000000001,2548,999,0.4843185706139517,0.10293132066726685
agglomerative,0.6900000000000001,2603,999,0.4947728568713172,0.10010349750518799
agglomerative,0.6900000000000001,2659,999,0.5054172210606349,0.09711062908172607
agglomerative,0.6900000000000001,2714,999,0.5158715073180004,0.09375113248825073
agglomerative,0.6900000000000001,2769,999,0.5263257935753659,0.09072452783584595
agglomerative,0.6900000000000001,2825,999,0.5369701577646835,0.08808726072311401
agglomerative,0.6900000000000001,2880,999,0.547424444022049,0.08492696285247803
agglomerative,0.6900000000000001,2936,999,0.5580688082113666,0.08232516050338745
agglomerative,0.6900000000000001,2991,999,0.5685230944687322,0.07949012517929077
agglomerative,0.6900000000000001,3046,999,0.5789773807260977,0.0767507553100586
agglomerative,0.6900000000000001,3102,999,0.5896217449154153,0.07412540912628174
agglomerative,0.6900000000000001,3157,999,0.6000760311727809,0.07114183902740479
agglomerative,0.6900000000000001,3212,999,0.6105303174301464,0.06834518909454346
agglomerative,0.6900000000000001,3268,999,0.621174681619464,0.06537806987762451
agglomerative,0.6900000000000001,3323,999,0.6316289678768295,0.06254756450653076
agglomerative,0.6900000000000001,3378,999,0.642083254134195,0.05993247032165527
agglomerative,0.6900000000000001,3434,999,0.6527276183235127,0.05736362934112549
agglomerative,0.6900000000000001,3489,999,0.6631819045808781,0.054743826389312744
agglomerative,0.6900000000000001,3545,999,0.6738262687701958,0.052416443824768066
agglomerative,0.6900000000000001,3600,999,0.6842805550275614,0.05016237497329712
agglomerative,0.6900000000000001,3655,999,0.6947348412849268,0.048027992248535156
agglomerative,0.6900000000000001,3711,999,0.7053792054742445,0.045967817306518555
agglomerative,0.6900000000000001,3766,999,0.7158334917316099,0.04371440410614014
agglomerative,0.6900000000000001,3821,999,0.7262877779889755,0.04169732332229614
agglomerative,0.6900000000000001,3877,999,0.7369321421782931,0.03981739282608032
agglomerative,0.6900000000000001,3932,999,0.7473864284356586,0.037978172302246094
agglomerative,0.6900000000000001,3988,999,0.7580307926249762,0.0363539457321167
agglomerative,0.6900000000000001,4043,999,0.7684850788823417,0.03449904918670654
agglomerative,0.6900000000000001,4098,999,0.7789393651397073,0.03274458646774292
agglomerative,0.6900000000000001,4154,999,0.7895837293290249,0.031235814094543457
agglomerative,0.6900000000000001,4209,999,0.8000380155863904,0.029815375804901123
agglomerative,0.6900000000000001,4264,999,0.810492301843756,0.028199374675750732
agglomerative,0.6900000000000001,4320,999,0.8211366660330736,0.02673804759979248
agglomerative,0.6900000000000001,4375,999,0.8315909522904391,0.02533477544784546
agglomerative,0.6900000000000001,4430,999,0.8420452385478046,0.023584365844726562
agglomerative,0.6900000000000001,4486,999,0.8526896027371222,0.022075772285461426
agglomerative,0.6900000000000001,4541,999,0.8631438889944877,0.02073138952255249
agglomerative,0.6900000000000001,4597,999,0.8737882531838054,0.019293606281280518
agglomerative,0.6900000000000001,4652,999,0.8842425394411709,0.017987608909606934
agglomerative,0.6900000000000001,4707,999,0.8946968256985364,0.016706228256225586
agglomerative,0.6900000000000001,4763,999,0.9053411898878541,0.015252411365509033
agglomerative,0.6900000000000001,4818,999,0.9157954761452195,0.013815999031066895
agglomerative,0.6900000000000001,4873,999,0.926249762402585,0.012337982654571533
agglomerative,0.6900000000000001,4929,999,0.9368941265919026,0.010680198669433594
agglomerative,0.6900000000000001,4984,999,0.9473484128492682,0.009021878242492676
agglomerative,0.6900000000000001,5040,999,0.9579927770385859,0.007241606712341309
agglomerative,0.6900000000000001,5095,999,0.9684470632959513,0.00523453950881958
agglomerative,0.6900000000000001,5150,999,0.9789013495533169,0.002948939800262451
agglomerative,0.6900000000000001,5206,999,0.9895457137426344,0.000409543514251709
agglomerative,0.6900000000000001,5261,999,1.0,0.0
agglomerative,0.7000000000000001,1,999,0.00019007793195210037,0.993119478225708
agglomerative,0.7000000000000001,56,999,0.01064436418931762,0.9883908033370972
agglomerative,0.7000000000000001,112,999,0.02128872837863524,0.9725862145423889
agglomerative,0.7000000000000001,167,999,0.03174301463600076,0.8291332721710205
agglomerative,0.7000000000000001,222,999,0.04219730089336628,0.7333074808120728
agglomerative,0.7000000000000001,278,999,0.0528416650826839,0.6592501401901245
agglomerative,0.7000000000000001,333,999,0.06329595134004942,0.6155521869659424
agglomerative,0.7000000000000001,389,999,0.07394031552936704,0.5707768797874451
agglomerative,0.7000000000000001,444,999,0.08439460178673255,0.5365803837776184
agglomerative,0.7000000000000001,499,999,0.09484888804409808,0.5007236003875732
agglomerative,0.7000000000000001,555,999,0.1054932522334157,0.46756017208099365
agglomerative,0.7000000000000001,610,999,0.11594753849078122,0.43700170516967773
agglomerative,0.7000000000000001,665,999,0.12640182474814673,0.41116952896118164
agglomerative,0.7000000000000001,721,999,0.13704618893746437,0.3818572759628296
agglomerative,0.7000000000000001,776,999,0.14750047519482987,0.35554301738739014
agglomerative,0.7000000000000001,832,999,0.1581448393841475,0.32988476753234863
agglomerative,0.7000000000000001,887,999,0.16859912564151303,0.30279868841171265
agglomerative,0.7000000000000001,942,999,0.17905341189887855,0.2908126711845398
agglomerative,0.7000000000000001,998,999,0.18969777608819616,0.2793447971343994
agglomerative,0.7000000000000001,1053,999,0.20015206234556168,0.26200276613235474
agglomerative,0.7000000000000001,1108,999,0.2106063486029272,0.23971199989318848
agglomerative,0.7000000000000001,1164,999,0.2212507127922448,0.2210381031036377
agglomerative,0.7000000000000001,1219,999,0.23170499904961034,0.20937424898147583
agglomerative,0.7000000000000001,1274,999,0.24215928530697586,0.19692617654800415
agglomerative,0.7000000000000001,1330,999,0.25280364949629347,0.18408203125
agglomerative,0.7000000000000001,1385,999,0.263257935753659,0.1702587604522705
agglomerative,0.7000000000000001,1441,999,0.2739022999429766,0.16333502531051636
agglomerative,0.7000000000000001,1496,999,0.28435658620034215,0.15950936079025269
agglomerative,0.7000000000000001,1551,999,0.29481087245770765,0.15592914819717407
agglomerative,0.7000000000000001,1607,999,0.3054552366470253,0.1528072953224182
agglomerative,0.7000000000000001,1662,999,0.3159095229043908,0.14912325143814087
agglomerative,0.7000000000000001,1717,999,0.32636380916175634,0.1461588740348816
agglomerative,0.7000000000000001,1773,999,0.3370081733510739,0.14327365159988403
agglomerative,0.7000000000000001,1828,999,0.34746245960843947,0.1403958797454834
agglomerative,0.7000000000000001,1884,999,0.3581068237977571,0.13703447580337524
agglomerative,0.7000000000000001,1939,999,0.3685611100551226,0.13403010368347168
agglomerative,0.7000000000000001,1994,999,0.3790153963124881,0.1311722993850708
agglomerative,0.7000000000000001,2050,999,0.38965976050180573,0.12867087125778198
agglomerative,0.7000000000000001,2105,999,0.4001140467591713,0.12588167190551758
agglomerative,0.7000000000000001,2160,999,0.4105683330165368,0.12279969453811646
agglomerative,0.7000000000000001,2216,999,0.4212126972058544,0.12004965543746948
agglomerative,0.7000000000000001,2271,999,0.4316669834632199,0.11713653802871704
agglomerative,0.7000000000000001,2326,999,0.44212126972058546,0.11449360847473145
agglomerative,0.7000000000000001,2382,999,0.45276563390990304,0.11183357238769531
agglomerative,0.7000000000000001,2437,999,0.4632199201672686,0.1088528037071228
agglomerative,0.7000000000000001,2493,999,0.4738642843565862,0.10616469383239746
agglomerative,0.7000000000000001,2548,999,0.4843185706139517,0.10294461250305176
agglomerative,0.7000000000000001,2603,999,0.4947728568713172,0.10011708736419678
agglomerative,0.7000000000000001,2659,999,0.5054172210606349,0.0971192717552185
agglomerative,0.7000000000000001,2714,999,0.5158715073180004,0.09367072582244873
agglomerative,0.7000000000000001,2769,999,0.5263257935753659,0.09071314334869385
agglomerative,0.7000000000000001,2825,999,0.5369701577646835,0.08808702230453491
agglomerative,0.7000000000000001,2880,999,0.547424444022049,0.08492642641067505
agglomerative,0.7000000000000001,2936,999,0.5580688082113666,0.08232486248016357
agglomerative,0.7000000000000001,2991,999,0.5685230944687322,0.07949018478393555
agglomerative,0.7000000000000001,3046,999,0.5789773807260977,0.07675057649612427
agglomerative,0.7000000000000001,3102,999,0.5896217449154153,0.07412517070770264
agglomerative,0.7000000000000001,3157,999,0.6000760311727809,0.07114148139953613
agglomerative,0.7000000000000001,3212,999,0.6105303174301464,0.06834489107131958
agglomerative,0.7000000000000001,3268,999,0.621174681619464,0.06537771224975586
agglomerative,0.7000000000000001,3323,999,0.6316289678768295,0.06254750490188599
agglomerative,0.7000000000000001,3378,999,0.642083254134195,0.05993229150772095
agglomerative,0.7000000000000001,3434,999,0.6527276183235127,0.05736351013183594
agglomerative,0.7000000000000001,3489,999,0.6631819045808781,0.05474352836608887
agglomerative,0.7000000000000001,3545,999,0.6738262687701958,0.05241596698760986
agglomerative,0.7000000000000001,3600,999,0.6842805550275614,0.05016225576400757
agglomerative,0.7000000000000001,3655,999,0.6947348412849268,0.048027992248535156
agglomerative,0.7000000000000001,3711,999,0.7053792054742445,0.045967817306518555
agglomerative,0.7000000000000001,3766,999,0.7158334917316099,0.04371458292007446
agglomerative,0.7000000000000001,3821,999,0.7262877779889755,0.041697144508361816
agglomerative,0.7000000000000001,3877,999,0.7369321421782931,0.0398176908493042
agglomerative,0.7000000000000001,3932,999,0.7473864284356586,0.03797799348831177
agglomerative,0.7000000000000001,3988,999,0.7580307926249762,0.03635376691818237
agglomerative,0.7000000000000001,4043,999,0.7684850788823417,0.034498751163482666
agglomerative,0.7000000000000001,4098,999,0.7789393651397073,0.03274470567703247
agglomerative,0.7000000000000001,4154,999,0.7895837293290249,0.031235694885253906
agglomerative,0.7000000000000001,4209,999,0.8000380155863904,0.02981555461883545
agglomerative,0.7000000000000001,4264,999,0.810492301843756,0.02819967269897461
agglomerative,0.7000000000000001,4320,999,0.8211366660330736,0.026737987995147705
agglomerative,0.7000000000000001,4375,999,0.8315909522904391,0.02533513307571411
agglomerative,0.7000000000000001,4430,999,0.8420452385478046,0.023584365844726562
agglomerative,0.7000000000000001,4486,999,0.8526896027371222,0.022075653076171875
agglomerative,0.7000000000000001,4541,999,0.8631438889944877,0.020731687545776367
agglomerative,0.7000000000000001,4597,999,0.8737882531838054,0.01929384469985962
agglomerative,0.7000000000000001,4652,999,0.8842425394411709,0.01798766851425171
agglomerative,0.7000000000000001,4707,999,0.8946968256985364,0.016706228256225586
agglomerative,0.7000000000000001,4763,999,0.9053411898878541,0.015252888202667236
agglomerative,0.7000000000000001,4818,999,0.9157954761452195,0.013815999031066895
agglomerative,0.7000000000000001,4873,999,0.926249762402585,0.012337684631347656
agglomerative,0.7000000000000001,4929,999,0.9368941265919026,0.010680198669433594
agglomerative,0.7000000000000001,4984,999,0.9473484128492682,0.0090218186378479
agglomerative,0.7000000000000001,5040,999,0.9579927770385859,0.007241606712341309
agglomerative,0.7000000000000001,5095,999,0.9684470632959513,0.005234420299530029
agglomerative,0.7000000000000001,5150,999,0.9789013495533169,0.0029491782188415527
agglomerative,0.7000000000000001,5206,999,0.9895457137426344,0.0004096031188964844
agglomerative,0.7000000000000001,5261,999,1.0,0.0
agglomerative,0.71,1,999,0.00019007793195210037,0.9938126802444458
agglomerative,0.71,56,999,0.01064436418931762,0.9854020476341248
agglomerative,0.71,112,999,0.02128872837863524,0.9825856685638428
agglomerative,0.71,167,999,0.03174301463600076,0.9538544416427612
agglomerative,0.71,222,999,0.04219730089336628,0.8206068873405457
agglomerative,0.71,278,999,0.0528416650826839,0.7380002737045288
agglomerative,0.71,333,999,0.06329595134004942,0.6725820899009705
agglomerative,0.71,389,999,0.07394031552936704,0.6280198097229004
agglomerative,0.71,444,999,0.08439460178673255,0.5893075466156006
agglomerative,0.71,499,999,0.09484888804409808,0.550150990486145
agglomerative,0.71,555,999,0.1054932522334157,0.5151598453521729
agglomerative,0.71,610,999,0.11594753849078122,0.48355865478515625
agglomerative,0.71,665,999,0.12640182474814673,0.44708549976348877
agglomerative,0.71,721,999,0.13704618893746437,0.41809898614883423
agglomerative,0.71,776,999,0.14750047519482987,0.3930799961090088
agglomerative,0.71,832,999,0.1581448393841475,0.3637183904647827
agglomerative,0.71,887,999,0.16859912564151303,0.341621994972229
agglomerative,0.71,942,999,0.17905341189887855,0.3161366581916809
agglomerative,0.71,998,999,0.18969777608819616,0.2920812964439392
agglomerative,0.71,1053,999,0.20015206234556168,0.27925819158554077
agglomerative,0.71,1108,999,0.2106063486029272,0.2662685513496399
agglomerative,0.71,1164,999,0.2212507127922448,0.24647873640060425
agglomerative,0.71,1219,999,0.23170499904961034,0.2260543704032898
agglomerative,0.71,1274,999,0.24215928530697586,0.21143507957458496
agglomerative,0.71,1330,999,0.25280364949629347,0.19672024250030518
agglomerative,0.71,1385,999,0.263257935753659,0.18270599842071533
agglomerative,0.71,1441,999,0.2739022999429766,0.1701166033744812
agglomerative,0.71,1496,999,0.28435658620034215,0.15972977876663208
agglomerative,0.71,1551,999,0.29481087245770765,0.15569084882736206
agglomerative,0.71,1607,999,0.3054552366470253,0.15242993831634521
agglomerative,0.71,1662,999,0.3159095229043908,0.1486474871635437
agglomerative,0.71,1717,999,0.32636380916175634,0.1457134485244751
agglomerative,0.71,1773,999,0.3370081733510739,0.14250653982162476
agglomerative,0.71,1828,999,0.34746245960843947,0.13936060667037964
agglomerative,0.71,1884,999,0.3581068237977571,0.13645923137664795
agglomerative,0.71,1939,999,0.3685611100551226,0.13365674018859863
agglomerative,0.71,1994,999,0.3790153963124881,0.13088124990463257
agglomerative,0.71,2050,999,0.38965976050180573,0.12812292575836182
agglomerative,0.71,2105,999,0.4001140467591713,0.12561315298080444
agglomerative,0.71,2160,999,0.4105683330165368,0.12278783321380615
agglomerative,0.71,2216,999,0.4212126972058544,0.12013405561447144
agglomerative,0.71,2271,999,0.4316669834632199,0.11714518070220947
agglomerative,0.71,2326,999,0.44212126972058546,0.11456847190856934
agglomerative,0.71,2382,999,0.45276563390990304,0.11165481805801392
agglomerative,0.71,2437,999,0.4632199201672686,0.10886973142623901
agglomerative,0.71,2493,999,0.4738642843565862,0.10609161853790283
agglomerative,0.71,2548,999,0.4843185706139517,0.10295188426971436
agglomerative,0.71,2603,999,0.4947728568713172,0.1001356840133667
agglomerative,0.71,2659,999,0.5054172210606349,0.09713006019592285
agglomerative,0.71,2714,999,0.5158715073180004,0.09371858835220337
agglomerative,0.71,2769,999,0.5263257935753659,0.09082287549972534
agglomerative,0.71,2825,999,0.5369701577646835,0.08809536695480347
agglomerative,0.71,2880,999,0.547424444022049,0.08492696285247803
agglomerative,0.71,2936,999,0.5580688082113666,0.0823255181312561
agglomerative,0.71,2991,999,0.5685230944687322,0.07949084043502808
agglomerative,0.71,3046,999,0.5789773807260977,0.07675093412399292
agglomerative,0.71,3102,999,0.5896217449154153,0.07412564754486084
agglomerative,0.71,3157,999,0.6000760311727809,0.07114219665527344
agglomerative,0.71,3212,999,0.6105303174301464,0.06834572553634644
agglomerative,0.71,3268,999,0.621174681619464,0.06537801027297974
agglomerative,0.71,3323,999,0.6316289678768295,0.06254827976226807
agglomerative,0.71,3378,999,0.642083254134195,0.0599326491355896
agglomerative,0.71,3434,999,0.6527276183235127,0.05736374855041504
agglomerative,0.71,3489,999,0.6631819045808781,0.054743826389312744
agglomerative,0.71,3545,999,0.6738262687701958,0.052416205406188965
agglomerative,0.71,3600,999,0.6842805550275614,0.05016201734542847
agglomerative,0.71,3655,999,0.6947348412849268,0.04802751541137695
agglomerative,0.71,3711,999,0.7053792054742445,0.045967042446136475
agglomerative,0.71,3766,999,0.7158334917316099,0.043713927268981934
agglomerative,0.71,3821,999,0.7262877779889755,0.04169660806655884
agglomerative,0.71,3877,999,0.7369321421782931,0.039816975593566895
agglomerative,0.71,3932,999,0.7473864284356586,0.03797781467437744
agglomerative,0.71,3988,999,0.7580307926249762,0.03635376691818237
agglomerative,0.71,4043,999,0.7684850788823417,0.03449887037277222
agglomerative,0.71,4098,999,0.7789393651397073,0.03274446725845337
agglomerative,0.71,4154,999,0.7895837293290249,0.03123605251312256
agglomerative,0.71,4209,999,0.8000380155863904,0.02981513738632202
agglomerative,0.71,4264,999,0.810492301843756,0.02819913625717163
agglomerative,0.71,4320,999,0.8211366660330736,0.026737689971923828
agglomerative,0.71,4375,999,0.8315909522904391,0.02533477544784546
agglomerative,0.71,4430,999,0.8420452385478046,0.023584365844726562
agglomerative,0.71,4486,999,0.8526896027371222,0.022075235843658447
agglomerative,0.71,4541,999,0.8631438889944877,0.02073138952255249
agglomerative,0.71,4597,999,0.8737882531838054,0.01929384469985962
agglomerative,0.71,4652,999,0.8842425394411709,0.01798766851425171
agglomerative,0.71,4707,999,0.8946968256985364,0.01670616865158081
agglomerative,0.71,4763,999,0.9053411898878541,0.015252649784088135
agglomerative,0.71,4818,999,0.9157954761452195,0.01381617784500122
agglomerative,0.71,4873,999,0.926249762402585,0.012337863445281982
agglomerative,0.71,4929,999,0.9368941265919026,0.010680079460144043
agglomerative,0.71,4984,999,0.9473484128492682,0.009021759033203125
agglomerative,0.71,5040,999,0.9579927770385859,0.007241606712341309
agglomerative,0.71,5095,999,0.9684470632959513,0.0052343010902404785
agglomerative,0.71,5150,999,0.9789013495533169,0.0029491186141967773
agglomerative,0.71,5206,999,0.9895457137426344,0.00040966272354125977
agglomerative,0.71,5261,999,1.0,0.0
agglomerative,0.72,1,999,0.00019007793195210037,0.9944203495979309
agglomerative,0.72,56,999,0.01064436418931762,0.9837225675582886
agglomerative,0.72,112,999,0.02128872837863524,0.9788674712181091
agglomerative,0.72,167,999,0.03174301463600076,0.9761520028114319
agglomerative,0.72,222,999,0.04219730089336628,0.9662401080131531
agglomerative,0.72,278,999,0.0528416650826839,0.8389960527420044
agglomerative,0.72,333,999,0.06329595134004942,0.755273699760437
agglomerative,0.72,389,999,0.07394031552936704,0.6898742318153381
agglomerative,0.72,444,999,0.08439460178673255,0.6351181864738464
agglomerative,0.72,499,999,0.09484888804409808,0.5878093242645264
agglomerative,0.72,555,999,0.1054932522334157,0.5590807795524597
agglomerative,0.72,610,999,0.11594753849078122,0.5226831436157227
agglomerative,0.72,665,999,0.12640182474814673,0.4938451051712036
agglomerative,0.72,721,999,0.13704618893746437,0.46326667070388794
agglomerative,0.72,776,999,0.14750047519482987,0.43948477506637573
agglomerative,0.72,832,999,0.1581448393841475,0.4075689911842346
agglomerative,0.72,887,999,0.16859912564151303,0.3828335404396057
agglomerative,0.72,942,999,0.17905341189887855,0.35678619146347046
agglomerative,0.72,998,999,0.18969777608819616,0.33241766691207886
agglomerative,0.72,1053,999,0.20015206234556168,0.3100619912147522
agglomerative,0.72,1108,999,0.2106063486029272,0.2840842604637146
agglomerative,0.72,1164,999,0.2212507127922448,0.26643049716949463
agglomerative,0.72,1219,999,0.23170499904961034,0.2535010576248169
agglomerative,0.72,1274,999,0.24215928530697586,0.23968535661697388
agglomerative,0.72,1330,999,0.25280364949629347,0.22065675258636475
agglomerative,0.72,1385,999,0.263257935753659,0.2046806812286377
agglomerative,0.72,1441,999,0.2739022999429766,0.18860739469528198
agglomerative,0.72,1496,999,0.28435658620034215,0.17438602447509766
agglomerative,0.72,1551,999,0.29481087245770765,0.16247451305389404
agglomerative,0.72,1607,999,0.3054552366470253,0.15247100591659546
agglomerative,0.72,1662,999,0.3159095229043908,0.14918315410614014
agglomerative,0.72,1717,999,0.32636380916175634,0.1463732123374939
agglomerative,0.72,1773,999,0.3370081733510739,0.14259976148605347
agglomerative,0.72,1828,999,0.34746245960843947,0.13956868648529053
agglomerative,0.72,1884,999,0.3581068237977571,0.13701611757278442
agglomerative,0.72,1939,999,0.3685611100551226,0.13346463441848755
agglomerative,0.72,1994,999,0.3790153963124881,0.1306389570236206
agglomerative,0.72,2050,999,0.38965976050180573,0.12746334075927734
agglomerative,0.72,2105,999,0.4001140467591713,0.12486928701400757
agglomerative,0.72,2160,999,0.4105683330165368,0.12212330102920532
agglomerative,0.72,2216,999,0.4212126972058544,0.11956965923309326
agglomerative,0.72,2271,999,0.4316669834632199,0.1166222095489502
agglomerative,0.72,2326,999,0.44212126972058546,0.11407476663589478
agglomerative,0.72,2382,999,0.45276563390990304,0.1114928126335144
agglomerative,0.72,2437,999,0.4632199201672686,0.10829132795333862
agglomerative,0.72,2493,999,0.4738642843565862,0.10569006204605103
agglomerative,0.72,2548,999,0.4843185706139517,0.10265272855758667
agglomerative,0.72,2603,999,0.4947728568713172,0.09982872009277344
agglomerative,0.72,2659,999,0.5054172210606349,0.0968896746635437
agglomerative,0.72,2714,999,0.5158715073180004,0.09371840953826904
agglomerative,0.72,2769,999,0.5263257935753659,0.09082293510437012
agglomerative,0.72,2825,999,0.5369701577646835,0.08809483051300049
agglomerative,0.72,2880,999,0.547424444022049,0.08492672443389893
agglomerative,0.72,2936,999,0.5580688082113666,0.082325279712677
agglomerative,0.72,2991,999,0.5685230944687322,0.07949048280715942
agglomerative,0.72,3046,999,0.5789773807260977,0.07675057649612427
agglomerative,0.72,3102,999,0.5896217449154153,0.07412582635879517
agglomerative,0.72,3157,999,0.6000760311727809,0.07114201784133911
agglomerative,0.72,3212,999,0.6105303174301464,0.06834518909454346
agglomerative,0.72,3268,999,0.621174681619464,0.06537759304046631
agglomerative,0.72,3323,999,0.6316289678768295,0.06254786252975464
agglomerative,0.72,3378,999,0.642083254134195,0.059932589530944824
agglomerative,0.72,3434,999,0.6527276183235127,0.057363808155059814
agglomerative,0.72,3489,999,0.6631819045808781,0.054743945598602295
agglomerative,0.72,3545,999,0.6738262687701958,0.052416205406188965
agglomerative,0.72,3600,999,0.6842805550275614,0.05016213655471802
agglomerative,0.72,3655,999,0.6947348412849268,0.04802781343460083
agglomerative,0.72,3711,999,0.7053792054742445,0.0459674596786499
agglomerative,0.72,3766,999,0.7158334917316099,0.04371458292007446
agglomerative,0.72,3821,999,0.7262877779889755,0.04169750213623047
agglomerative,0.72,3877,999,0.7369321421782931,0.03981781005859375
agglomerative,0.72,3932,999,0.7473864284356586,0.03797799348831177
agglomerative,0.72,3988,999,0.7580307926249762,0.036353886127471924
agglomerative,0.72,4043,999,0.7684850788823417,0.03449898958206177
agglomerative,0.72,4098,999,0.7789393651397073,0.03274458646774292
agglomerative,0.72,4154,999,0.7895837293290249,0.031235694885253906
agglomerative,0.72,4209,999,0.8000380155863904,0.029815495014190674
agglomerative,0.72,4264,999,0.810492301843756,0.028199315071105957
agglomerative,0.72,4320,999,0.8211366660330736,0.026737868785858154
agglomerative,0.72,4375,999,0.8315909522904391,0.025334835052490234
agglomerative,0.72,4430,999,0.8420452385478046,0.02358400821685791
agglomerative,0.72,4486,999,0.8526896027371222,0.022075116634368896
agglomerative,0.72,4541,999,0.8631438889944877,0.020731449127197266
agglomerative,0.72,4597,999,0.8737882531838054,0.019293785095214844
agglomerative,0.72,4652,999,0.8842425394411709,0.017987608909606934
agglomerative,0.72,4707,999,0.8946968256985364,0.01670593023300171
agglomerative,0.72,4763,999,0.9053411898878541,0.015252530574798584
agglomerative,0.72,4818,999,0.9157954761452195,0.01381617784500122
agglomerative,0.72,4873,999,0.926249762402585,0.012337684631347656
agglomerative,0.72,4929,999,0.9368941265919026,0.010680198669433594
agglomerative,0.72,4984,999,0.9473484128492682,0.009021937847137451
agglomerative,0.72,5040,999,0.9579927770385859,0.007241547107696533
agglomerative,0.72,5095,999,0.9684470632959513,0.005234420299530029
agglomerative,0.72,5150,999,0.9789013495533169,0.0029491186141967773
agglomerative,0.72,5206,999,0.9895457137426344,0.0004094243049621582
agglomerative,0.72,5261,999,1.0,0.0
agglomerative,0.73,1,999,0.00019007793195210037,0.994958221912384
agglomerative,0.73,56,999,0.01064436418931762,0.9852631688117981
agglomerative,0.73,112,999,0.02128872837863524,0.9768436551094055
agglomerative,0.73,167,999,0.03174301463600076,0.9719386696815491
agglomerative,0.73,222,999,0.04219730089336628,0.9692976474761963
agglomerative,0.73,278,999,0.0528416650826839,0.9574352502822876
agglomerative,0.73,333,999,0.06329595134004942,0.8723828196525574
agglomerative,0.73,389,999,0.07394031552936704,0.7760516405105591
agglomerative,0.73,444,999,0.08439460178673255,0.7066360712051392
agglomerative,0.73,499,999,0.09484888804409808,0.6480258703231812
agglomerative,0.73,555,999,0.1054932522334157,0.6100059151649475
agglomerative,0.73,610,999,0.11594753849078122,0.5740142464637756
agglomerative,0.73,665,999,0.12640182474814673,0.5367898941040039
agglomerative,0.73,721,999,0.13704618893746437,0.5030280351638794
agglomerative,0.73,776,999,0.14750047519482987,0.4765815734863281
agglomerative,0.73,832,999,0.1581448393841475,0.4489774703979492
agglomerative,0.73,887,999,0.16859912564151303,0.42341160774230957
agglomerative,0.73,942,999,0.17905341189887855,0.3941771388053894
agglomerative,0.73,998,999,0.18969777608819616,0.37151968479156494
agglomerative,0.73,1053,999,0.20015206234556168,0.3421178460121155
agglomerative,0.73,1108,999,0.2106063486029272,0.32655227184295654
agglomerative,0.73,1164,999,0.2212507127922448,0.2996906638145447
agglomerative,0.73,1219,999,0.23170499904961034,0.27333730459213257
agglomerative,0.73,1274,999,0.24215928530697586,0.25758981704711914
agglomerative,0.73,1330,999,0.25280364949629347,0.24600476026535034
agglomerative,0.73,1385,999,0.263257935753659,0.2302769422531128
agglomerative,0.73,1441,999,0.2739022999429766,0.20761680603027344
agglomerative,0.73,1496,999,0.28435658620034215,0.19170618057250977
agglomerative,0.73,1551,999,0.29481087245770765,0.1768319010734558
agglomerative,0.73,1607,999,0.3054552366470253,0.16417968273162842
agglomerative,0.73,1662,999,0.3159095229043908,0.15234488248825073
agglomerative,0.73,1717,999,0.32636380916175634,0.14612329006195068
agglomerative,0.73,1773,999,0.3370081733510739,0.14253586530685425
agglomerative,0.73,1828,999,0.34746245960843947,0.13876527547836304
agglomerative,0.73,1884,999,0.3581068237977571,0.13561207056045532
agglomerative,0.73,1939,999,0.3685611100551226,0.13281333446502686
agglomerative,0.73,1994,999,0.3790153963124881,0.13012325763702393
agglomerative,0.73,2050,999,0.38965976050180573,0.12742602825164795
agglomerative,0.73,2105,999,0.4001140467591713,0.12483692169189453
agglomerative,0.73,2160,999,0.4105683330165368,0.12213820219039917
agglomerative,0.73,2216,999,0.4212126972058544,0.11937463283538818
agglomerative,0.73,2271,999,0.4316669834632199,0.11659997701644897
agglomerative,0.73,2326,999,0.44212126972058546,0.11368411779403687
agglomerative,0.73,2382,999,0.45276563390990304,0.11109620332717896
agglomerative,0.73,2437,999,0.4632199201672686,0.10840451717376709
agglomerative,0.73,2493,999,0.4738642843565862,0.10572981834411621
agglomerative,0.73,2548,999,0.4843185706139517,0.1026422381401062
agglomerative,0.73,2603,999,0.4947728568713172,0.09982037544250488
agglomerative,0.73,2659,999,0.5054172210606349,0.09682393074035645
agglomerative,0.73,2714,999,0.5158715073180004,0.0937262773513794
agglomerative,0.73,2769,999,0.5263257935753659,0.0908234715461731
agglomerative,0.73,2825,999,0.5369701577646835,0.08809512853622437
agglomerative,0.73,2880,999,0.547424444022049,0.08492624759674072
agglomerative,0.73,2936,999,0.5580688082113666,0.08232462406158447
agglomerative,0.73,2991,999,0.5685230944687322,0.07948946952819824
agglomerative,0.73,3046,999,0.5789773807260977,0.07675027847290039
agglomerative,0.73,3102,999,0.5896217449154153,0.07412564754486084
agglomerative,0.73,3157,999,0.6000760311727809,0.07114201784133911
agglomerative,0.73,3212,999,0.6105303174301464,0.06834518909454346
agglomerative,0.73,3268,999,0.621174681619464,0.06537801027297974
agglomerative,0.73,3323,999,0.6316289678768295,0.06254780292510986
agglomerative,0.73,3378,999,0.642083254134195,0.05993276834487915
agglomerative,0.73,3434,999,0.6527276183235127,0.057363927364349365
agglomerative,0.73,3489,999,0.6631819045808781,0.054743945598602295
agglomerative,0.73,3545,999,0.6738262687701958,0.05241596698760986
agglomerative,0.73,3600,999,0.6842805550275614,0.050161898136138916
agglomerative,0.73,3655,999,0.6947348412849268,0.04802769422531128
agglomerative,0.73,3711,999,0.7053792054742445,0.04596751928329468
agglomerative,0.73,3766,999,0.7158334917316099,0.04371440410614014
agglomerative,0.73,3821,999,0.7262877779889755,0.04169738292694092
agglomerative,0.73,3877,999,0.7369321421782931,0.0398179292678833
agglomerative,0.73,3932,999,0.7473864284356586,0.03797823190689087
agglomerative,0.73,3988,999,0.7580307926249762,0.03635406494140625
agglomerative,0.73,4043,999,0.7684850788823417,0.03449910879135132
agglomerative,0.73,4098,999,0.7789393651397073,0.03274494409561157
agglomerative,0.73,4154,999,0.7895837293290249,0.031235933303833008
agglomerative,0.73,4209,999,0.8000380155863904,0.029815495014190674
agglomerative,0.73,4264,999,0.810492301843756,0.028199374675750732
agglomerative,0.73,4320,999,0.8211366660330736,0.026737987995147705
agglomerative,0.73,4375,999,0.8315909522904391,0.02533477544784546
agglomerative,0.73,4430,999,0.8420452385478046,0.02358412742614746
agglomerative,0.73,4486,999,0.8526896027371222,0.022075355052947998
agglomerative,0.73,4541,999,0.8631438889944877,0.02073150873184204
agglomerative,0.73,4597,999,0.8737882531838054,0.019293487071990967
agglomerative,0.73,4652,999,0.8842425394411709,0.017987608909606934
agglomerative,0.73,4707,999,0.8946968256985364,0.016705751419067383
agglomerative,0.73,4763,999,0.9053411898878541,0.015252649784088135
agglomerative,0.73,4818,999,0.9157954761452195,0.013816297054290771
agglomerative,0.73,4873,999,0.926249762402585,0.012337803840637207
agglomerative,0.73,4929,999,0.9368941265919026,0.010680198669433594
agglomerative,0.73,4984,999,0.9473484128492682,0.0090218186378479
agglomerative,0.73,5040,999,0.9579927770385859,0.007241666316986084
agglomerative,0.73,5095,999,0.9684470632959513,0.005234420299530029
agglomerative,0.73,5150,999,0.9789013495533169,0.0029491186141967773
agglomerative,0.73,5206,999,0.9895457137426344,0.0004096031188964844
agglomerative,0.73,5261,999,1.0,0.0
agglomerative,0.74,1,999,0.00019007793195210037,0.9954476952552795
agglomerative,0.74,56,999,0.01064436418931762,0.9844340682029724
agglomerative,0.74,112,999,0.02128872837863524,0.9783370494842529
agglomerative,0.74,167,999,0.03174301463600076,0.9735201597213745
agglomerative,0.74,222,999,0.04219730089336628,0.9691663384437561
agglomerative,0.74,278,999,0.0528416650826839,0.9657861590385437
agglomerative,0.74,333,999,0.06329595134004942,0.9613838195800781
agglomerative,0.74,389,999,0.07394031552936704,0.9575473070144653
agglomerative,0.74,444,999,0.08439460178673255,0.8632387518882751
agglomerative,0.74,499,999,0.09484888804409808,0.7711020708084106
agglomerative,0.74,555,999,0.1054932522334157,0.6886848211288452
agglomerative,0.74,610,999,0.11594753849078122,0.6389404535293579
agglomerative,0.74,665,999,0.12640182474814673,0.6056263446807861
agglomerative,0.74,721,999,0.13704618893746437,0.5643035769462585
agglomerative,0.74,776,999,0.14750047519482987,0.528462290763855
agglomerative,0.74,832,999,0.1581448393841475,0.4998975992202759
agglomerative,0.74,887,999,0.16859912564151303,0.47489339113235474
agglomerative,0.74,942,999,0.17905341189887855,0.4409778118133545
agglomerative,0.74,998,999,0.18969777608819616,0.4141548275947571
agglomerative,0.74,1053,999,0.20015206234556168,0.38465917110443115
agglomerative,0.74,1108,999,0.2106063486029272,0.363347589969635
agglomerative,0.74,1164,999,0.2212507127922448,0.33049237728118896
agglomerative,0.74,1219,999,0.23170499904961034,0.31387245655059814
agglomerative,0.74,1274,999,0.24215928530697586,0.28758400678634644
agglomerative,0.74,1330,999,0.25280364949629347,0.26353919506073
agglomerative,0.74,1385,999,0.263257935753659,0.2518385648727417
agglomerative,0.74,1441,999,0.2739022999429766,0.23442775011062622
agglomerative,0.74,1496,999,0.28435658620034215,0.22067725658416748
agglomerative,0.74,1551,999,0.29481087245770765,0.2008422613143921
agglomerative,0.74,1607,999,0.3054552366470253,0.1840273141860962
agglomerative,0.74,1662,999,0.3159095229043908,0.16949766874313354
agglomerative,0.74,1717,999,0.32636380916175634,0.15826022624969482
agglomerative,0.74,1773,999,0.3370081733510739,0.14493340253829956
agglomerative,0.74,1828,999,0.34746245960843947,0.13925647735595703
agglomerative,0.74,1884,999,0.3581068237977571,0.13600075244903564
agglomerative,0.74,1939,999,0.3685611100551226,0.1331648826599121
agglomerative,0.74,1994,999,0.3790153963124881,0.13030916452407837
agglomerative,0.74,2050,999,0.38965976050180573,0.12747591733932495
agglomerative,0.74,2105,999,0.4001140467591713,0.12472957372665405
agglomerative,0.74,2160,999,0.4105683330165368,0.12192118167877197
agglomerative,0.74,2216,999,0.4212126972058544,0.11890685558319092
agglomerative,0.74,2271,999,0.4316669834632199,0.11625909805297852
agglomerative,0.74,2326,999,0.44212126972058546,0.1133832335472107
agglomerative,0.74,2382,999,0.45276563390990304,0.11084997653961182
agglomerative,0.74,2437,999,0.4632199201672686,0.10809534788131714
agglomerative,0.74,2493,999,0.4738642843565862,0.105540931224823
agglomerative,0.74,2548,999,0.4843185706139517,0.1025393009185791
agglomerative,0.74,2603,999,0.4947728568713172,0.0996164083480835
agglomerative,0.74,2659,999,0.5054172210606349,0.09674018621444702
agglomerative,0.74,2714,999,0.5158715073180004,0.09373724460601807
agglomerative,0.74,2769,999,0.5263257935753659,0.09083455801010132
agglomerative,0.74,2825,999,0.5369701577646835,0.08810681104660034
agglomerative,0.74,2880,999,0.547424444022049,0.084941565990448
agglomerative,0.74,2936,999,0.5580688082113666,0.08221715688705444
agglomerative,0.74,2991,999,0.5685230944687322,0.07949060201644897
agglomerative,0.74,3046,999,0.5789773807260977,0.07675057649612427
agglomerative,0.74,3102,999,0.5896217449154153,0.07412528991699219
agglomerative,0.74,3157,999,0.6000760311727809,0.07114237546920776
agglomerative,0.74,3212,999,0.6105303174301464,0.06834548711776733
agglomerative,0.74,3268,999,0.621174681619464,0.06537771224975586
agglomerative,0.74,3323,999,0.6316289678768295,0.06254750490188599
agglomerative,0.74,3378,999,0.642083254134195,0.059932172298431396
agglomerative,0.74,3434,999,0.6527276183235127,0.05736351013183594
agglomerative,0.74,3489,999,0.6631819045808781,0.05474370718002319
agglomerative,0.74,3545,999,0.6738262687701958,0.05241596698760986
agglomerative,0.74,3600,999,0.6842805550275614,0.05016213655471802
agglomerative,0.74,3655,999,0.6947348412849268,0.04802769422531128
agglomerative,0.74,3711,999,0.7053792054742445,0.045967817306518555
agglomerative,0.74,3766,999,0.7158334917316099,0.04371458292007446
agglomerative,0.74,3821,999,0.7262877779889755,0.04169750213623047
agglomerative,0.74,3877,999,0.7369321421782931,0.0398176908493042
agglomerative,0.74,3932,999,0.7473864284356586,0.03797823190689087
agglomerative,0.74,3988,999,0.7580307926249762,0.036353886127471924
agglomerative,0.74,4043,999,0.7684850788823417,0.03449910879135132
agglomerative,0.74,4098,999,0.7789393651397073,0.03274482488632202
agglomerative,0.74,4154,999,0.7895837293290249,0.03123605251312256
agglomerative,0.74,4209,999,0.8000380155863904,0.02981555461883545
agglomerative,0.74,4264,999,0.810492301843756,0.028199374675750732
agglomerative,0.74,4320,999,0.8211366660330736,0.026737511157989502
agglomerative,0.74,4375,999,0.8315909522904391,0.025335073471069336
agglomerative,0.74,4430,999,0.8420452385478046,0.02358424663543701
agglomerative,0.74,4486,999,0.8526896027371222,0.022075414657592773
agglomerative,0.74,4541,999,0.8631438889944877,0.02073138952255249
agglomerative,0.74,4597,999,0.8737882531838054,0.019293546676635742
agglomerative,0.74,4652,999,0.8842425394411709,0.017987549304962158
agglomerative,0.74,4707,999,0.8946968256985364,0.016705691814422607
agglomerative,0.74,4763,999,0.9053411898878541,0.015252530574798584
agglomerative,0.74,4818,999,0.9157954761452195,0.013816118240356445
agglomerative,0.74,4873,999,0.926249762402585,0.012337982654571533
agglomerative,0.74,4929,999,0.9368941265919026,0.010680317878723145
agglomerative,0.74,4984,999,0.9473484128492682,0.0090218186378479
agglomerative,0.74,5040,999,0.9579927770385859,0.007241785526275635
agglomerative,0.74,5095,999,0.9684470632959513,0.005234420299530029
agglomerative,0.74,5150,999,0.9789013495533169,0.0029491186141967773
agglomerative,0.74,5206,999,0.9895457137426344,0.000409543514251709
agglomerative,0.74,5261,999,1.0,0.0
agglomerative,0.75,1,999,0.00019007793195210037,0.9958822131156921
agglomerative,0.75,56,999,0.01064436418931762,0.9844484925270081
agglomerative,0.75,112,999,0.02128872837863524,0.9781926870346069
agglomerative,0.75,167,999,0.03174301463600076,0.9702442288398743
agglomerative,0.75,222,999,0.04219730089336628,0.9649353623390198
agglomerative,0.75,278,999,0.0528416650826839,0.9596047401428223
agglomerative,0.75,333,999,0.06329595134004942,0.9547408819198608
agglomerative,0.75,389,999,0.07394031552936704,0.9515419602394104
agglomerative,0.75,444,999,0.08439460178673255,0.9480595588684082
agglomerative,0.75,499,999,0.09484888804409808,0.9453911781311035
agglomerative,0.75,555,999,0.1054932522334157,0.8359732627868652
agglomerative,0.75,610,999,0.11594753849078122,0.7593457698822021
agglomerative,0.75,665,999,0.12640182474814673,0.684299111366272
agglomerative,0.75,721,999,0.13704618893746437,0.6283485293388367
agglomerative,0.75,776,999,0.14750047519482987,0.59104323387146
agglomerative,0.75,832,999,0.1581448393841475,0.5567466020584106
agglomerative,0.75,887,999,0.16859912564151303,0.5275750160217285
agglomerative,0.75,942,999,0.17905341189887855,0.4962919354438782
agglomerative,0.75,998,999,0.18969777608819616,0.4667285084724426
agglomerative,0.75,1053,999,0.20015206234556168,0.4285345673561096
agglomerative,0.75,1108,999,0.2106063486029272,0.3974032402038574
agglomerative,0.75,1164,999,0.2212507127922448,0.3735032081604004
agglomerative,0.75,1219,999,0.23170499904961034,0.34973329305648804
agglomerative,0.75,1274,999,0.24215928530697586,0.3241264820098877
agglomerative,0.75,1330,999,0.25280364949629347,0.3087126612663269
agglomerative,0.75,1385,999,0.263257935753659,0.2825275659561157
agglomerative,0.75,1441,999,0.2739022999429766,0.25429266691207886
agglomerative,0.75,1496,999,0.28435658620034215,0.24157631397247314
agglomerative,0.75,1551,999,0.29481087245770765,0.2291107177734375
agglomerative,0.75,1607,999,0.3054552366470253,0.21515262126922607
agglomerative,0.75,1662,999,0.3159095229043908,0.19201362133026123
agglomerative,0.75,1717,999,0.32636380916175634,0.17665588855743408
agglomerative,0.75,1773,999,0.3370081733510739,0.16205352544784546
agglomerative,0.75,1828,999,0.34746245960843947,0.14871472120285034
agglomerative,0.75,1884,999,0.3581068237977571,0.13901913166046143
agglomerative,0.75,1939,999,0.3685611100551226,0.13358628749847412
agglomerative,0.75,1994,999,0.3790153963124881,0.13050848245620728
agglomerative,0.75,2050,999,0.38965976050180573,0.12726616859436035
agglomerative,0.75,2105,999,0.4001140467591713,0.12460362911224365
agglomerative,0.75,2160,999,0.4105683330165368,0.1218799352645874
agglomerative,0.75,2216,999,0.4212126972058544,0.11917561292648315
agglomerative,0.75,2271,999,0.4316669834632199,0.1163628101348877
agglomerative,0.75,2326,999,0.44212126972058546,0.1134711503982544
agglomerative,0.75,2382,999,0.45276563390990304,0.11085361242294312
agglomerative,0.75,2437,999,0.4632199201672686,0.10822099447250366
agglomerative,0.75,2493,999,0.4738642843565862,0.10534846782684326
agglomerative,0.75,2548,999,0.4843185706139517,0.10226994752883911
agglomerative,0.75,2603,999,0.4947728568713172,0.09949284791946411
agglomerative,0.75,2659,999,0.5054172210606349,0.09666973352432251
agglomerative,0.75,2714,999,0.5158715073180004,0.09365963935852051
agglomerative,0.75,2769,999,0.5263257935753659,0.09082090854644775
agglomerative,0.75,2825,999,0.5369701577646835,0.08759981393814087
agglomerative,0.75,2880,999,0.547424444022049,0.08491754531860352
agglomerative,0.75,2936,999,0.5580688082113666,0.08221268653869629
agglomerative,0.75,2991,999,0.5685230944687322,0.07948696613311768
agglomerative,0.75,3046,999,0.5789773807260977,0.07674241065979004
agglomerative,0.75,3102,999,0.5896217449154153,0.07412582635879517
agglomerative,0.75,3157,999,0.6000760311727809,0.07114255428314209
agglomerative,0.75,3212,999,0.6105303174301464,0.06834536790847778
agglomerative,0.75,3268,999,0.621174681619464,0.06537771224975586
agglomerative,0.75,3323,999,0.6316289678768295,0.06254768371582031
agglomerative,0.75,3378,999,0.642083254134195,0.059932589530944824
agglomerative,0.75,3434,999,0.6527276183235127,0.05736410617828369
agglomerative,0.75,3489,999,0.6631819045808781,0.054743945598602295
agglomerative,0.75,3545,999,0.6738262687701958,0.05241650342941284
agglomerative,0.75,3600,999,0.6842805550275614,0.05016279220581055
agglomerative,0.75,3655,999,0.6947348412849268,0.04802793264389038
agglomerative,0.75,3711,999,0.7053792054742445,0.04596740007400513
agglomerative,0.75,3766,999,0.7158334917316099,0.04371440410614014
agglomerative,0.75,3821,999,0.7262877779889755,0.04169732332229614
agglomerative,0.75,3877,999,0.7369321421782931,0.039817750453948975
agglomerative,0.75,3932,999,0.7473864284356586,0.03797823190689087
agglomerative,0.75,3988,999,0.7580307926249762,0.0363539457321167
agglomerative,0.75,4043,999,0.7684850788823417,0.03449904918670654
agglomerative,0.75,4098,999,0.7789393651397073,0.032745301723480225
agglomerative,0.75,4154,999,0.7895837293290249,0.031235933303833008
agglomerative,0.75,4209,999,0.8000380155863904,0.0298159122467041
agglomerative,0.75,4264,999,0.810492301843756,0.028199732303619385
agglomerative,0.75,4320,999,0.8211366660330736,0.026737749576568604
agglomerative,0.75,4375,999,0.8315909522904391,0.025334477424621582
agglomerative,0.75,4430,999,0.8420452385478046,0.023583590984344482
agglomerative,0.75,4486,999,0.8526896027371222,0.022074997425079346
agglomerative,0.75,4541,999,0.8631438889944877,0.02073138952255249
agglomerative,0.75,4597,999,0.8737882531838054,0.019293546676635742
agglomerative,0.75,4652,999,0.8842425394411709,0.017987370491027832
agglomerative,0.75,4707,999,0.8946968256985364,0.016705989837646484
agglomerative,0.75,4763,999,0.9053411898878541,0.015252828598022461
agglomerative,0.75,4818,999,0.9157954761452195,0.013816356658935547
agglomerative,0.75,4873,999,0.926249762402585,0.012338101863861084
agglomerative,0.75,4929,999,0.9368941265919026,0.010680317878723145
agglomerative,0.75,4984,999,0.9473484128492682,0.009021937847137451
agglomerative,0.75,5040,999,0.9579927770385859,0.007241547107696533
agglomerative,0.75,5095,999,0.9684470632959513,0.005234420299530029
agglomerative,0.75,5150,999,0.9789013495533169,0.0029489994049072266
agglomerative,0.75,5206,999,0.9895457137426344,0.0004093647003173828
agglomerative,0.75,5261,999,1.0,0.0
agglomerative,0.76,1,999,0.00019007793195210037,0.996269941329956
agglomerative,0.76,56,999,0.01064436418931762,0.9842280149459839
agglomerative,0.76,112,999,0.02128872837863524,0.9782450795173645
agglomerative,0.76,167,999,0.03174301463600076,0.972781777381897
agglomerative,0.76,222,999,0.04219730089336628,0.9649916291236877
agglomerative,0.76,278,999,0.0528416650826839,0.9603855013847351
agglomerative,0.76,333,999,0.06329595134004942,0.9538618326187134
agglomerative,0.76,389,999,0.07394031552936704,0.9499073624610901
agglomerative,0.76,444,999,0.08439460178673255,0.9461489319801331
agglomerative,0.76,499,999,0.09484888804409808,0.9413095116615295
agglomerative,0.76,555,999,0.1054932522334157,0.9376147389411926
agglomerative,0.76,610,999,0.11594753849078122,0.9346569180488586
agglomerative,0.76,665,999,0.12640182474814673,0.8549816012382507
agglomerative,0.76,721,999,0.13704618893746437,0.779447078704834
agglomerative,0.76,776,999,0.14750047519482987,0.6972702741622925
agglomerative,0.76,832,999,0.1581448393841475,0.6351085901260376
agglomerative,0.76,887,999,0.16859912564151303,0.6001074910163879
agglomerative,0.76,942,999,0.17905341189887855,0.557357668876648
agglomerative,0.76,998,999,0.18969777608819616,0.5262188911437988
agglomerative,0.76,1053,999,0.20015206234556168,0.48992860317230225
agglomerative,0.76,1108,999,0.2106063486029272,0.4589434266090393
agglomerative,0.76,1164,999,0.2212507127922448,0.41834747791290283
agglomerative,0.76,1219,999,0.23170499904961034,0.3939860463142395
agglomerative,0.76,1274,999,0.24215928530697586,0.3709874749183655
agglomerative,0.76,1330,999,0.25280364949629347,0.34369224309921265
agglomerative,0.76,1385,999,0.263257935753659,0.31823182106018066
agglomerative,0.76,1441,999,0.2739022999429766,0.2971445918083191
agglomerative,0.76,1496,999,0.28435658620034215,0.2728586196899414
agglomerative,0.76,1551,999,0.29481087245770765,0.24827373027801514
agglomerative,0.76,1607,999,0.3054552366470253,0.2364092469215393
agglomerative,0.76,1662,999,0.3159095229043908,0.22436285018920898
agglomerative,0.76,1717,999,0.32636380916175634,0.20979833602905273
agglomerative,0.76,1773,999,0.3370081733510739,0.18956434726715088
agglomerative,0.76,1828,999,0.34746245960843947,0.17286604642868042
agglomerative,0.76,1884,999,0.3581068237977571,0.15633565187454224
agglomerative,0.76,1939,999,0.3685611100551226,0.14434897899627686
agglomerative,0.76,1994,999,0.3790153963124881,0.1351931095123291
agglomerative,0.76,2050,999,0.38965976050180573,0.12809383869171143
agglomerative,0.76,2105,999,0.4001140467591713,0.12498348951339722
agglomerative,0.76,2160,999,0.4105683330165368,0.12206399440765381
agglomerative,0.76,2216,999,0.4212126972058544,0.11939394474029541
agglomerative,0.76,2271,999,0.4316669834632199,0.11662030220031738
agglomerative,0.76,2326,999,0.44212126972058546,0.1137392520904541
agglomerative,0.76,2382,999,0.45276563390990304,0.11098688840866089
agglomerative,0.76,2437,999,0.4632199201672686,0.10846221446990967
agglomerative,0.76,2493,999,0.4738642843565862,0.10554683208465576
agglomerative,0.76,2548,999,0.4843185706139517,0.10273081064224243
agglomerative,0.76,2603,999,0.4947728568713172,0.09948718547821045
agglomerative,0.76,2659,999,0.5054172210606349,0.09642517566680908
agglomerative,0.76,2714,999,0.5158715073180004,0.0929608941078186
agglomerative,0.76,2769,999,0.5263257935753659,0.08997505903244019
agglomerative,0.76,2825,999,0.5369701577646835,0.08740234375
agglomerative,0.76,2880,999,0.547424444022049,0.08468860387802124
agglomerative,0.76,2936,999,0.5580688082113666,0.08202868700027466
agglomerative,0.76,2991,999,0.5685230944687322,0.0793222188949585
agglomerative,0.76,3046,999,0.5789773807260977,0.0767255425453186
agglomerative,0.76,3102,999,0.5896217449154153,0.0741041898727417
agglomerative,0.76,3157,999,0.6000760311727809,0.07112443447113037
agglomerative,0.76,3212,999,0.6105303174301464,0.06818544864654541
agglomerative,0.76,3268,999,0.621174681619464,0.06537806987762451
agglomerative,0.76,3323,999,0.6316289678768295,0.06254804134368896
agglomerative,0.76,3378,999,0.642083254134195,0.0599326491355896
agglomerative,0.76,3434,999,0.6527276183235127,0.05736374855041504
agglomerative,0.76,3489,999,0.6631819045808781,0.05474364757537842
agglomerative,0.76,3545,999,0.6738262687701958,0.05241578817367554
agglomerative,0.76,3600,999,0.6842805550275614,0.05016183853149414
agglomerative,0.76,3655,999,0.6947348412849268,0.04802757501602173
agglomerative,0.76,3711,999,0.7053792054742445,0.0459672212600708
agglomerative,0.76,3766,999,0.7158334917316099,0.043714165687561035
agglomerative,0.76,3821,999,0.7262877779889755,0.041697144508361816
agglomerative,0.76,3877,999,0.7369321421782931,0.03981739282608032
agglomerative,0.76,3932,999,0.7473864284356586,0.03797799348831177
agglomerative,0.76,3988,999,0.7580307926249762,0.03635352849960327
agglomerative,0.76,4043,999,0.7684850788823417,0.03449904918670654
agglomerative,0.76,4098,999,0.7789393651397073,0.03274458646774292
agglomerative,0.76,4154,999,0.7895837293290249,0.03123605251312256
agglomerative,0.76,4209,999,0.8000380155863904,0.029815733432769775
agglomerative,0.76,4264,999,0.810492301843756,0.028199493885040283
agglomerative,0.76,4320,999,0.8211366660330736,0.026737987995147705
agglomerative,0.76,4375,999,0.8315909522904391,0.025334835052490234
agglomerative,0.76,4430,999,0.8420452385478046,0.023584365844726562
agglomerative,0.76,4486,999,0.8526896027371222,0.022075235843658447
agglomerative,0.76,4541,999,0.8631438889944877,0.020731806755065918
agglomerative,0.76,4597,999,0.8737882531838054,0.01929384469985962
agglomerative,0.76,4652,999,0.8842425394411709,0.017987728118896484
agglomerative,0.76,4707,999,0.8946968256985364,0.01670593023300171
agglomerative,0.76,4763,999,0.9053411898878541,0.01525270938873291
agglomerative,0.76,4818,999,0.9157954761452195,0.013816475868225098
agglomerative,0.76,4873,999,0.926249762402585,0.012338101863861084
agglomerative,0.76,4929,999,0.9368941265919026,0.010680079460144043
agglomerative,0.76,4984,999,0.9473484128492682,0.0090218186378479
agglomerative,0.76,5040,999,0.9579927770385859,0.007241785526275635
agglomerative,0.76,5095,999,0.9684470632959513,0.005234420299530029
agglomerative,0.76,5150,999,0.9789013495533169,0.0029492974281311035
agglomerative,0.76,5206,999,0.9895457137426344,0.000409543514251709
agglomerative,0.76,5261,999,1.0,0.0
agglomerative,0.77,1,999,0.00019007793195210037,0.9966138601303101
agglomerative,0.77,56,999,0.01064436418931762,0.9803797602653503
agglomerative,0.77,112,999,0.02128872837863524,0.9718062281608582
agglomerative,0.77,167,999,0.03174301463600076,0.9655888080596924
agglomerative,0.77,222,999,0.04219730089336628,0.9566379189491272
agglomerative,0.77,278,999,0.0528416650826839,0.9497206211090088
agglomerative,0.77,333,999,0.06329595134004942,0.9416592121124268
agglomerative,0.77,389,999,0.07394031552936704,0.9355924725532532
agglomerative,0.77,444,999,0.08439460178673255,0.929668664932251
agglomerative,0.77,499,999,0.09484888804409808,0.9242372512817383
agglomerative,0.77,555,999,0.1054932522334157,0.9184240102767944
agglomerative,0.77,610,999,0.11594753849078122,0.9134718775749207
agglomerative,0.77,665,999,0.12640182474814673,0.9097651243209839
agglomerative,0.77,721,999,0.13704618893746437,0.9059358835220337
agglomerative,0.77,776,999,0.14750047519482987,0.9033733606338501
agglomerative,0.77,832,999,0.1581448393841475,0.7768858671188354
agglomerative,0.77,887,999,0.16859912564151303,0.7103642225265503
agglomerative,0.77,942,999,0.17905341189887855,0.6411933898925781
agglomerative,0.77,998,999,0.18969777608819616,0.5932196974754333
agglomerative,0.77,1053,999,0.20015206234556168,0.559991180896759
agglomerative,0.77,1108,999,0.2106063486029272,0.5221474170684814
agglomerative,0.77,1164,999,0.2212507127922448,0.4876658320426941
agglomerative,0.77,1219,999,0.23170499904961034,0.45136767625808716
agglomerative,0.77,1274,999,0.24215928530697586,0.42328178882598877
agglomerative,0.77,1330,999,0.25280364949629347,0.3946148157119751
agglomerative,0.77,1385,999,0.263257935753659,0.3718089461326599
agglomerative,0.77,1441,999,0.2739022999429766,0.3366205096244812
agglomerative,0.77,1496,999,0.28435658620034215,0.3133857250213623
agglomerative,0.77,1551,999,0.29481087245770765,0.2856147289276123
agglomerative,0.77,1607,999,0.3054552366470253,0.2675560712814331
agglomerative,0.77,1662,999,0.3159095229043908,0.24587756395339966
agglomerative,0.77,1717,999,0.32636380916175634,0.22563904523849487
agglomerative,0.77,1773,999,0.3370081733510739,0.21315598487854004
agglomerative,0.77,1828,999,0.34746245960843947,0.20018750429153442
agglomerative,0.77,1884,999,0.3581068237977571,0.18246394395828247
agglomerative,0.77,1939,999,0.3685611100551226,0.16186445951461792
agglomerative,0.77,1994,999,0.3790153963124881,0.1482815146446228
agglomerative,0.77,2050,999,0.38965976050180573,0.13766884803771973
agglomerative,0.77,2105,999,0.4001140467591713,0.12737852334976196
agglomerative,0.77,2160,999,0.4105683330165368,0.12202131748199463
agglomerative,0.77,2216,999,0.4212126972058544,0.11921775341033936
agglomerative,0.77,2271,999,0.4316669834632199,0.11651521921157837
agglomerative,0.77,2326,999,0.44212126972058546,0.11382538080215454
agglomerative,0.77,2382,999,0.45276563390990304,0.11077797412872314
agglomerative,0.77,2437,999,0.4632199201672686,0.10826539993286133
agglomerative,0.77,2493,999,0.4738642843565862,0.1054728627204895
agglomerative,0.77,2548,999,0.4843185706139517,0.10239100456237793
agglomerative,0.77,2603,999,0.4947728568713172,0.09877979755401611
agglomerative,0.77,2659,999,0.5054172210606349,0.09581261873245239
agglomerative,0.77,2714,999,0.5158715073180004,0.09270477294921875
agglomerative,0.77,2769,999,0.5263257935753659,0.08988291025161743
agglomerative,0.77,2825,999,0.5369701577646835,0.08730274438858032
agglomerative,0.77,2880,999,0.547424444022049,0.08456188440322876
agglomerative,0.77,2936,999,0.5580688082113666,0.08182328939437866
agglomerative,0.77,2991,999,0.5685230944687322,0.07908880710601807
agglomerative,0.77,3046,999,0.5789773807260977,0.07649576663970947
agglomerative,0.77,3102,999,0.5896217449154153,0.07394677400588989
agglomerative,0.77,3157,999,0.6000760311727809,0.07112389802932739
agglomerative,0.77,3212,999,0.6105303174301464,0.06818521022796631
agglomerative,0.77,3268,999,0.621174681619464,0.06537753343582153
agglomerative,0.77,3323,999,0.6316289678768295,0.06254726648330688
agglomerative,0.77,3378,999,0.642083254134195,0.05993229150772095
agglomerative,0.77,3434,999,0.6527276183235127,0.05736362934112549
agglomerative,0.77,3489,999,0.6631819045808781,0.05474352836608887
agglomerative,0.77,3545,999,0.6738262687701958,0.052415430545806885
agglomerative,0.77,3600,999,0.6842805550275614,0.05016201734542847
agglomerative,0.77,3655,999,0.6947348412849268,0.04802757501602173
agglomerative,0.77,3711,999,0.7053792054742445,0.045967161655426025
agglomerative,0.77,3766,999,0.7158334917316099,0.04371434450149536
agglomerative,0.77,3821,999,0.7262877779889755,0.04169726371765137
agglomerative,0.77,3877,999,0.7369321421782931,0.03981739282608032
agglomerative,0.77,3932,999,0.7473864284356586,0.03797805309295654
agglomerative,0.77,3988,999,0.7580307926249762,0.036354005336761475
agglomerative,0.77,4043,999,0.7684850788823417,0.03449881076812744
agglomerative,0.77,4098,999,0.7789393651397073,0.032744526863098145
agglomerative,0.77,4154,999,0.7895837293290249,0.03123563528060913
agglomerative,0.77,4209,999,0.8000380155863904,0.029815256595611572
agglomerative,0.77,4264,999,0.810492301843756,0.02819877862930298
agglomerative,0.77,4320,999,0.8211366660330736,0.026737332344055176
agglomerative,0.77,4375,999,0.8315909522904391,0.02533435821533203
agglomerative,0.77,4430,999,0.8420452385478046,0.023583829402923584
agglomerative,0.77,4486,999,0.8526896027371222,0.022075414657592773
agglomerative,0.77,4541,999,0.8631438889944877,0.020731627941131592
agglomerative,0.77,4597,999,0.8737882531838054,0.019293904304504395
agglomerative,0.77,4652,999,0.8842425394411709,0.01798766851425171
agglomerative,0.77,4707,999,0.8946968256985364,0.01670604944229126
agglomerative,0.77,4763,999,0.9053411898878541,0.015252470970153809
agglomerative,0.77,4818,999,0.9157954761452195,0.013816297054290771
agglomerative,0.77,4873,999,0.926249762402585,0.012338101863861084
agglomerative,0.77,4929,999,0.9368941265919026,0.010680317878723145
agglomerative,0.77,4984,999,0.9473484128492682,0.009021461009979248
agglomerative,0.77,5040,999,0.9579927770385859,0.007241547107696533
agglomerative,0.77,5095,999,0.9684470632959513,0.0052343010902404785
agglomerative,0.77,5150,999,0.9789013495533169,0.0029491186141967773
agglomerative,0.77,5206,999,0.9895457137426344,0.0004093647003173828
agglomerative,0.77,5261,999,1.0,0.0
agglomerative,0.78,1,999,0.00019007793195210037,0.996918797492981
agglomerative,0.78,56,999,0.01064436418931762,0.9765774011611938
agglomerative,0.78,112,999,0.02128872837863524,0.9702847599983215
agglomerative,0.78,167,999,0.03174301463600076,0.9618876576423645
agglomerative,0.78,222,999,0.04219730089336628,0.9545178413391113
agglomerative,0.78,278,999,0.0528416650826839,0.9431378245353699
agglomerative,0.78,333,999,0.06329595134004942,0.9352313876152039
agglomerative,0.78,389,999,0.07394031552936704,0.9270713329315186
agglomerative,0.78,444,999,0.08439460178673255,0.9210613369941711
agglomerative,0.78,499,999,0.09484888804409808,0.91365647315979
agglomerative,0.78,555,999,0.1054932522334157,0.9071345329284668
agglomerative,0.78,610,999,0.11594753849078122,0.902111828327179
agglomerative,0.78,665,999,0.12640182474814673,0.8956555128097534
agglomerative,0.78,721,999,0.13704618893746437,0.8911693096160889
agglomerative,0.78,776,999,0.14750047519482987,0.885826051235199
agglomerative,0.78,832,999,0.1581448393841475,0.8810824155807495
agglomerative,0.78,887,999,0.16859912564151303,0.8771455883979797
agglomerative,0.78,942,999,0.17905341189887855,0.8746111392974854
agglomerative,0.78,998,999,0.18969777608819616,0.7972047328948975
agglomerative,0.78,1053,999,0.20015206234556168,0.696460485458374
agglomerative,0.78,1108,999,0.2106063486029272,0.6292963624000549
agglomerative,0.78,1164,999,0.2212507127922448,0.5809645652770996
agglomerative,0.78,1219,999,0.23170499904961034,0.5373931527137756
agglomerative,0.78,1274,999,0.24215928530697586,0.4998329281806946
agglomerative,0.78,1330,999,0.25280364949629347,0.46581536531448364
agglomerative,0.78,1385,999,0.263257935753659,0.4377772808074951
agglomerative,0.78,1441,999,0.2739022999429766,0.4032788872718811
agglomerative,0.78,1496,999,0.28435658620034215,0.37584590911865234
agglomerative,0.78,1551,999,0.29481087245770765,0.3437071442604065
agglomerative,0.78,1607,999,0.3054552366470253,0.3153154253959656
agglomerative,0.78,1662,999,0.3159095229043908,0.2903757691383362
agglomerative,0.78,1717,999,0.32636380916175634,0.26954787969589233
agglomerative,0.78,1773,999,0.3370081733510739,0.24639582633972168
agglomerative,0.78,1828,999,0.34746245960843947,0.22315651178359985
agglomerative,0.78,1884,999,0.3581068237977571,0.20693010091781616
agglomerative,0.78,1939,999,0.3685611100551226,0.19386643171310425
agglomerative,0.78,1994,999,0.3790153963124881,0.17948508262634277
agglomerative,0.78,2050,999,0.38965976050180573,0.1580737829208374
agglomerative,0.78,2105,999,0.4001140467591713,0.144708514213562
agglomerative,0.78,2160,999,0.4105683330165368,0.13244539499282837
agglomerative,0.78,2216,999,0.4212126972058544,0.12206465005874634
agglomerative,0.78,2271,999,0.4316669834632199,0.11650681495666504
agglomerative,0.78,2326,999,0.44212126972058546,0.11378657817840576
agglomerative,0.78,2382,999,0.45276563390990304,0.11046868562698364
agglomerative,0.78,2437,999,0.4632199201672686,0.10775935649871826
agglomerative,0.78,2493,999,0.4738642843565862,0.10430556535720825
agglomerative,0.78,2548,999,0.4843185706139517,0.10136979818344116
agglomerative,0.78,2603,999,0.4947728568713172,0.09844481945037842
agglomerative,0.78,2659,999,0.5054172210606349,0.09554243087768555
agglomerative,0.78,2714,999,0.5158715073180004,0.09284627437591553
agglomerative,0.78,2769,999,0.5263257935753659,0.08995598554611206
agglomerative,0.78,2825,999,0.5369701577646835,0.08736741542816162
agglomerative,0.78,2880,999,0.547424444022049,0.08461499214172363
agglomerative,0.78,2936,999,0.5580688082113666,0.0818679928779602
agglomerative,0.78,2991,999,0.5685230944687322,0.0791439414024353
agglomerative,0.78,3046,999,0.5789773807260977,0.07643622159957886
agglomerative,0.78,3102,999,0.5896217449154153,0.07390344142913818
agglomerative,0.78,3157,999,0.6000760311727809,0.0711057186126709
agglomerative,0.78,3212,999,0.6105303174301464,0.06812530755996704
agglomerative,0.78,3268,999,0.621174681619464,0.06518423557281494
agglomerative,0.78,3323,999,0.6316289678768295,0.06236308813095093
agglomerative,0.78,3378,999,0.642083254134195,0.0599328875541687
agglomerative,0.78,3434,999,0.6527276183235127,0.05736422538757324
agglomerative,0.78,3489,999,0.6631819045808781,0.0547446608543396
agglomerative,0.78,3545,999,0.6738262687701958,0.05241662263870239
agglomerative,0.78,3600,999,0.6842805550275614,0.05016237497329712
agglomerative,0.78,3655,999,0.6947348412849268,0.04802805185317993
agglomerative,0.78,3711,999,0.7053792054742445,0.04596763849258423
agglomerative,0.78,3766,999,0.7158334917316099,0.04371440410614014
agglomerative,0.78,3821,999,0.7262877779889755,0.04169708490371704
agglomerative,0.78,3877,999,0.7369321421782931,0.03981733322143555
agglomerative,0.78,3932,999,0.7473864284356586,0.03797805309295654
agglomerative,0.78,3988,999,0.7580307926249762,0.03635364770889282
agglomerative,0.78,4043,999,0.7684850788823417,0.03449881076812744
agglomerative,0.78,4098,999,0.7789393651397073,0.03274458646774292
agglomerative,0.78,4154,999,0.7895837293290249,0.031235814094543457
agglomerative,0.78,4209,999,0.8000380155863904,0.02981555461883545
agglomerative,0.78,4264,999,0.810492301843756,0.02819955348968506
agglomerative,0.78,4320,999,0.8211366660330736,0.026737868785858154
agglomerative,0.78,4375,999,0.8315909522904391,0.02533477544784546
agglomerative,0.78,4430,999,0.8420452385478046,0.02358412742614746
agglomerative,0.78,4486,999,0.8526896027371222,0.022075355052947998
agglomerative,0.78,4541,999,0.8631438889944877,0.020731449127197266
agglomerative,0.78,4597,999,0.8737882531838054,0.019293546676635742
agglomerative,0.78,4652,999,0.8842425394411709,0.01798766851425171
agglomerative,0.78,4707,999,0.8946968256985364,0.01670593023300171
agglomerative,0.78,4763,999,0.9053411898878541,0.015252530574798584
agglomerative,0.78,4818,999,0.9157954761452195,0.013815820217132568
agglomerative,0.78,4873,999,0.926249762402585,0.012337982654571533
agglomerative,0.78,4929,999,0.9368941265919026,0.010680079460144043
agglomerative,0.78,4984,999,0.9473484128492682,0.0090218186378479
agglomerative,0.78,5040,999,0.9579927770385859,0.007241547107696533
agglomerative,0.78,5095,999,0.9684470632959513,0.005234420299530029
agglomerative,0.78,5150,999,0.9789013495533169,0.0029491782188415527
agglomerative,0.78,5206,999,0.9895457137426344,0.0004096031188964844
agglomerative,0.78,5261,999,1.0,0.0
agglomerative,0.79,1,999,0.00019007793195210037,0.9971870183944702
agglomerative,0.79,56,999,0.01064436418931762,0.9602561593055725
agglomerative,0.79,112,999,0.02128872837863524,0.9516887664794922
agglomerative,0.79,167,999,0.03174301463600076,0.9380595684051514
agglomerative,0.79,222,999,0.04219730089336628,0.9311025142669678
agglomerative,0.79,278,999,0.0528416650826839,0.9222111701965332
agglomerative,0.79,333,999,0.06329595134004942,0.9101074934005737
agglomerative,0.79,389,999,0.07394031552936704,0.8999463319778442
agglomerative,0.79,444,999,0.08439460178673255,0.8928996324539185
agglomerative,0.79,499,999,0.09484888804409808,0.8849079012870789
agglomerative,0.79,555,999,0.1054932522334157,0.8789470195770264
agglomerative,0.79,610,999,0.11594753849078122,0.8716343641281128
agglomerative,0.79,665,999,0.12640182474814673,0.863602340221405
agglomerative,0.79,721,999,0.13704618893746437,0.8579659461975098
agglomerative,0.79,776,999,0.14750047519482987,0.8529958128929138
agglomerative,0.79,832,999,0.1581448393841475,0.8461106419563293
agglomerative,0.79,887,999,0.16859912564151303,0.8417019844055176
agglomerative,0.79,942,999,0.17905341189887855,0.8360019326210022
agglomerative,0.79,998,999,0.18969777608819616,0.8315808773040771
agglomerative,0.79,1053,999,0.20015206234556168,0.8270034193992615
agglomerative,0.79,1108,999,0.2106063486029272,0.8231678605079651
agglomerative,0.79,1164,999,0.2212507127922448,0.8204423785209656
agglomerative,0.79,1219,999,0.23170499904961034,0.7102474570274353
agglomerative,0.79,1274,999,0.24215928530697586,0.6244572401046753
agglomerative,0.79,1330,999,0.25280364949629347,0.5587837100028992
agglomerative,0.79,1385,999,0.263257935753659,0.5139850378036499
agglomerative,0.79,1441,999,0.2739022999429766,0.47828036546707153
agglomerative,0.79,1496,999,0.28435658620034215,0.4488412141799927
agglomerative,0.79,1551,999,0.29481087245770765,0.41827934980392456
agglomerative,0.79,1607,999,0.3054552366470253,0.38126975297927856
agglomerative,0.79,1662,999,0.3159095229043908,0.3482055068016052
agglomerative,0.79,1717,999,0.32636380916175634,0.3226080536842346
agglomerative,0.79,1773,999,0.3370081733510739,0.29900211095809937
agglomerative,0.79,1828,999,0.34746245960843947,0.27514028549194336
agglomerative,0.79,1884,999,0.3581068237977571,0.2540254592895508
agglomerative,0.79,1939,999,0.3685611100551226,0.23038893938064575
agglomerative,0.79,1994,999,0.3790153963124881,0.20533227920532227
agglomerative,0.79,2050,999,0.38965976050180573,0.19182348251342773
agglomerative,0.79,2105,999,0.4001140467591713,0.17621201276779175
agglomerative,0.79,2160,999,0.4105683330165368,0.16063517332077026
agglomerative,0.79,2216,999,0.4212126972058544,0.142053484916687
agglomerative,0.79,2271,999,0.4316669834632199,0.1292673945426941
agglomerative,0.79,2326,999,0.44212126972058546,0.12000924348831177
agglomerative,0.79,2382,999,0.45276563390990304,0.11055755615234375
agglomerative,0.79,2437,999,0.4632199201672686,0.10723459720611572
agglomerative,0.79,2493,999,0.4738642843565862,0.10430926084518433
agglomerative,0.79,2548,999,0.4843185706139517,0.10148286819458008
agglomerative,0.79,2603,999,0.4947728568713172,0.09861123561859131
agglomerative,0.79,2659,999,0.5054172210606349,0.09582310914993286
agglomerative,0.79,2714,999,0.5158715073180004,0.0929555892944336
agglomerative,0.79,2769,999,0.5263257935753659,0.08983051776885986
agglomerative,0.79,2825,999,0.5369701577646835,0.08724945783615112
agglomerative,0.79,2880,999,0.547424444022049,0.08438688516616821
agglomerative,0.79,2936,999,0.5580688082113666,0.08161121606826782
agglomerative,0.79,2991,999,0.5685230944687322,0.0789334774017334
agglomerative,0.79,3046,999,0.5789773807260977,0.07630866765975952
agglomerative,0.79,3102,999,0.5896217449154153,0.0738571286201477
agglomerative,0.79,3157,999,0.6000760311727809,0.0711333155632019
agglomerative,0.79,3212,999,0.6105303174301464,0.06815361976623535
agglomerative,0.79,3268,999,0.621174681619464,0.06521475315093994
agglomerative,0.79,3323,999,0.6316289678768295,0.06239515542984009
agglomerative,0.79,3378,999,0.642083254134195,0.05983620882034302
agglomerative,0.79,3434,999,0.6527276183235127,0.05738377571105957
agglomerative,0.79,3489,999,0.6631819045808781,0.054743826389312744
agglomerative,0.79,3545,999,0.6738262687701958,0.052416086196899414
agglomerative,0.79,3600,999,0.6842805550275614,0.05016225576400757
agglomerative,0.79,3655,999,0.6947348412849268,0.04802757501602173
agglomerative,0.79,3711,999,0.7053792054742445,0.0459672212600708
agglomerative,0.79,3766,999,0.7158334917316099,0.043714046478271484
agglomerative,0.79,3821,999,0.7262877779889755,0.041696906089782715
agglomerative,0.79,3877,999,0.7369321421782931,0.03981739282608032
agglomerative,0.79,3932,999,0.7473864284356586,0.03797811269760132
agglomerative,0.79,3988,999,0.7580307926249762,0.03635364770889282
agglomerative,0.79,4043,999,0.7684850788823417,0.03449869155883789
agglomerative,0.79,4098,999,0.7789393651397073,0.03274470567703247
agglomerative,0.79,4154,999,0.7895837293290249,0.031235873699188232
agglomerative,0.79,4209,999,0.8000380155863904,0.029815495014190674
agglomerative,0.79,4264,999,0.810492301843756,0.02819955348968506
agglomerative,0.79,4320,999,0.8211366660330736,0.026737868785858154
agglomerative,0.79,4375,999,0.8315909522904391,0.025335073471069336
agglomerative,0.79,4430,999,0.8420452385478046,0.02358400821685791
agglomerative,0.79,4486,999,0.8526896027371222,0.022075116634368896
agglomerative,0.79,4541,999,0.8631438889944877,0.020731329917907715
agglomerative,0.79,4597,999,0.8737882531838054,0.01929372549057007
agglomerative,0.79,4652,999,0.8842425394411709,0.017987549304962158
agglomerative,0.79,4707,999,0.8946968256985364,0.016705751419067383
agglomerative,0.79,4763,999,0.9053411898878541,0.015252411365509033
agglomerative,0.79,4818,999,0.9157954761452195,0.013816297054290771
agglomerative,0.79,4873,999,0.926249762402585,0.01233816146850586
agglomerative,0.79,4929,999,0.9368941265919026,0.010680198669433594
agglomerative,0.79,4984,999,0.9473484128492682,0.009021937847137451
agglomerative,0.79,5040,999,0.9579927770385859,0.007241666316986084
agglomerative,0.79,5095,999,0.9684470632959513,0.005234420299530029
agglomerative,0.79,5150,999,0.9789013495533169,0.0029491782188415527
agglomerative,0.79,5206,999,0.9895457137426344,0.0004094243049621582
agglomerative,0.79,5261,999,1.0,0.0
agglomerative,0.8,1,999,0.00019007793195210037,0.9974386096000671
agglomerative,0.8,56,999,0.01064436418931762,0.954314112663269
agglomerative,0.8,112,999,0.02128872837863524,0.9379362463951111
agglomerative,0.8,167,999,0.03174301463600076,0.9190053343772888
agglomerative,0.8,222,999,0.04219730089336628,0.9014483690261841
agglomerative,0.8,278,999,0.0528416650826839,0.8953076601028442
agglomerative,0.8,333,999,0.06329595134004942,0.885093629360199
agglomerative,0.8,389,999,0.07394031552936704,0.874875009059906
agglomerative,0.8,444,999,0.08439460178673255,0.8622949123382568
agglomerative,0.8,499,999,0.09484888804409808,0.8547492027282715
agglomerative,0.8,555,999,0.1054932522334157,0.8459001183509827
agglomerative,0.8,610,999,0.11594753849078122,0.8365311026573181
agglomerative,0.8,665,999,0.12640182474814673,0.8292708992958069
agglomerative,0.8,721,999,0.13704618893746437,0.8238400220870972
agglomerative,0.8,776,999,0.14750047519482987,0.8157601356506348
agglomerative,0.8,832,999,0.1581448393841475,0.8085508942604065
agglomerative,0.8,887,999,0.16859912564151303,0.8011505603790283
agglomerative,0.8,942,999,0.17905341189887855,0.795994222164154
agglomerative,0.8,998,999,0.18969777608819616,0.7888009548187256
agglomerative,0.8,1053,999,0.20015206234556168,0.7834916710853577
agglomerative,0.8,1108,999,0.2106063486029272,0.7779814004898071
agglomerative,0.8,1164,999,0.2212507127922448,0.7718658447265625
agglomerative,0.8,1219,999,0.23170499904961034,0.7669610381126404
agglomerative,0.8,1274,999,0.24215928530697586,0.7611590027809143
agglomerative,0.8,1330,999,0.25280364949629347,0.7573162317276001
agglomerative,0.8,1385,999,0.263257935753659,0.7534362077713013
agglomerative,0.8,1441,999,0.2739022999429766,0.7138697504997253
agglomerative,0.8,1496,999,0.28435658620034215,0.5915533304214478
agglomerative,0.8,1551,999,0.29481087245770765,0.5290825366973877
agglomerative,0.8,1607,999,0.3054552366470253,0.47822320461273193
agglomerative,0.8,1662,999,0.3159095229043908,0.44594550132751465
agglomerative,0.8,1717,999,0.32636380916175634,0.4155994653701782
agglomerative,0.8,1773,999,0.3370081733510739,0.38055139780044556
agglomerative,0.8,1828,999,0.34746245960843947,0.34736818075180054
agglomerative,0.8,1884,999,0.3581068237977571,0.3143182396888733
agglomerative,0.8,1939,999,0.3685611100551226,0.28756284713745117
agglomerative,0.8,1994,999,0.3790153963124881,0.26443547010421753
agglomerative,0.8,2050,999,0.38965976050180573,0.24173003435134888
agglomerative,0.8,2105,999,0.4001140467591713,0.21848970651626587
agglomerative,0.8,2160,999,0.4105683330165368,0.19058281183242798
agglomerative,0.8,2216,999,0.4212126972058544,0.17762428522109985
agglomerative,0.8,2271,999,0.4316669834632199,0.1625305414199829
agglomerative,0.8,2326,999,0.44212126972058546,0.14265626668930054
agglomerative,0.8,2382,999,0.45276563390990304,0.12834376096725464
agglomerative,0.8,2437,999,0.4632199201672686,0.11602914333343506
agglomerative,0.8,2493,999,0.4738642843565862,0.10523426532745361
agglomerative,0.8,2548,999,0.4843185706139517,0.10146200656890869
agglomerative,0.8,2603,999,0.4947728568713172,0.09864526987075806
agglomerative,0.8,2659,999,0.5054172210606349,0.09584188461303711
agglomerative,0.8,2714,999,0.5158715073180004,0.09311997890472412
agglomerative,0.8,2769,999,0.5263257935753659,0.08988338708877563
agglomerative,0.8,2825,999,0.5369701577646835,0.08714038133621216
agglomerative,0.8,2880,999,0.547424444022049,0.08451485633850098
agglomerative,0.8,2936,999,0.5580688082113666,0.08171546459197998
agglomerative,0.8,2991,999,0.5685230944687322,0.0790134072303772
agglomerative,0.8,3046,999,0.5789773807260977,0.07622706890106201
agglomerative,0.8,3102,999,0.5896217449154153,0.07371574640274048
agglomerative,0.8,3157,999,0.6000760311727809,0.07068449258804321
agglomerative,0.8,3212,999,0.6105303174301464,0.06779730319976807
agglomerative,0.8,3268,999,0.621174681619464,0.06523120403289795
agglomerative,0.8,3323,999,0.6316289678768295,0.06241267919540405
agglomerative,0.8,3378,999,0.642083254134195,0.059853971004486084
agglomerative,0.8,3434,999,0.6527276183235127,0.05739307403564453
agglomerative,0.8,3489,999,0.6631819045808781,0.05474364757537842
agglomerative,0.8,3545,999,0.6738262687701958,0.052416205406188965
agglomerative,0.8,3600,999,0.6842805550275614,0.05016213655471802
agglomerative,0.8,3655,999,0.6947348412849268,0.04802769422531128
agglomerative,0.8,3711,999,0.7053792054742445,0.0459674596786499
agglomerative,0.8,3766,999,0.7158334917316099,0.04371434450149536
agglomerative,0.8,3821,999,0.7262877779889755,0.04169720411300659
agglomerative,0.8,3877,999,0.7369321421782931,0.0398174524307251
agglomerative,0.8,3932,999,0.7473864284356586,0.03797847032546997
agglomerative,0.8,3988,999,0.7580307926249762,0.03635406494140625
agglomerative,0.8,4043,999,0.7684850788823417,0.034499406814575195
agglomerative,0.8,4098,999,0.7789393651397073,0.03274506330490112
agglomerative,0.8,4154,999,0.7895837293290249,0.031235933303833008
agglomerative,0.8,4209,999,0.8000380155863904,0.029815673828125
agglomerative,0.8,4264,999,0.810492301843756,0.028199374675750732
agglomerative,0.8,4320,999,0.8211366660330736,0.026737987995147705
agglomerative,0.8,4375,999,0.8315909522904391,0.025335073471069336
agglomerative,0.8,4430,999,0.8420452385478046,0.02358424663543701
agglomerative,0.8,4486,999,0.8526896027371222,0.022075414657592773
agglomerative,0.8,4541,999,0.8631438889944877,0.020731449127197266
agglomerative,0.8,4597,999,0.8737882531838054,0.01929342746734619
agglomerative,0.8,4652,999,0.8842425394411709,0.01798725128173828
agglomerative,0.8,4707,999,0.8946968256985364,0.016705691814422607
agglomerative,0.8,4763,999,0.9053411898878541,0.015252411365509033
agglomerative,0.8,4818,999,0.9157954761452195,0.01381617784500122
agglomerative,0.8,4873,999,0.926249762402585,0.01233816146850586
agglomerative,0.8,4929,999,0.9368941265919026,0.010680198669433594
agglomerative,0.8,4984,999,0.9473484128492682,0.009022057056427002
agglomerative,0.8,5040,999,0.9579927770385859,0.007241666316986084
agglomerative,0.8,5095,999,0.9684470632959513,0.005234420299530029
agglomerative,0.8,5150,999,0.9789013495533169,0.002948939800262451
agglomerative,0.8,5206,999,0.9895457137426344,0.0004093647003173828
agglomerative,0.8,5261,999,1.0,0.0
agglomerative,0.81,1,999,0.00019007793195210037,0.997654378414154
agglomerative,0.81,56,999,0.01064436418931762,0.9430257081985474
agglomerative,0.81,112,999,0.02128872837863524,0.922970175743103
agglomerative,0.81,167,999,0.03174301463600076,0.9131826162338257
agglomerative,0.81,222,999,0.04219730089336628,0.8861492872238159
agglomerative,0.81,278,999,0.0528416650826839,0.874950110912323
agglomerative,0.81,333,999,0.06329595134004942,0.8661479949951172
agglomerative,0.81,389,999,0.07394031552936704,0.8579698801040649
agglomerative,0.81,444,999,0.08439460178673255,0.8487260937690735
agglomerative,0.81,499,999,0.09484888804409808,0.8381729125976562
agglomerative,0.81,555,999,0.1054932522334157,0.8285748362541199
agglomerative,0.81,610,999,0.11594753849078122,0.8190106749534607
agglomerative,0.81,665,999,0.12640182474814673,0.8076081275939941
agglomerative,0.81,721,999,0.13704618893746437,0.8004536628723145
agglomerative,0.81,776,999,0.14750047519482987,0.7933430075645447
agglomerative,0.81,832,999,0.1581448393841475,0.7845638394355774
agglomerative,0.81,887,999,0.16859912564151303,0.7755030393600464
agglomerative,0.81,942,999,0.17905341189887855,0.7658518552780151
agglomerative,0.81,998,999,0.18969777608819616,0.759006917476654
agglomerative,0.81,1053,999,0.20015206234556168,0.7538418173789978
agglomerative,0.81,1108,999,0.2106063486029272,0.7459009885787964
agglomerative,0.81,1164,999,0.2212507127922448,0.7392715215682983
agglomerative,0.81,1219,999,0.23170499904961034,0.7332640886306763
agglomerative,0.81,1274,999,0.24215928530697586,0.726970374584198
agglomerative,0.81,1330,999,0.25280364949629347,0.7212499380111694
agglomerative,0.81,1385,999,0.263257935753659,0.715248703956604
agglomerative,0.81,1441,999,0.2739022999429766,0.7076283693313599
agglomerative,0.81,1496,999,0.28435658620034215,0.7026236057281494
agglomerative,0.81,1551,999,0.29481087245770765,0.6982851624488831
agglomerative,0.81,1607,999,0.3054552366470253,0.6933771371841431
agglomerative,0.81,1662,999,0.3159095229043908,0.6544276475906372
agglomerative,0.81,1717,999,0.32636380916175634,0.5231230854988098
agglomerative,0.81,1773,999,0.3370081733510739,0.47480958700180054
agglomerative,0.81,1828,999,0.34746245960843947,0.4374848008155823
agglomerative,0.81,1884,999,0.3581068237977571,0.39652353525161743
agglomerative,0.81,1939,999,0.3685611100551226,0.35996150970458984
agglomerative,0.81,1994,999,0.3790153963124881,0.32999444007873535
agglomerative,0.81,2050,999,0.38965976050180573,0.30288004875183105
agglomerative,0.81,2105,999,0.4001140467591713,0.274985134601593
agglomerative,0.81,2160,999,0.4105683330165368,0.2515963912010193
agglomerative,0.81,2216,999,0.4212126972058544,0.2250881791114807
agglomerative,0.81,2271,999,0.4316669834632199,0.1964099407196045
agglomerative,0.81,2326,999,0.44212126972058546,0.17425811290740967
agglomerative,0.81,2382,999,0.45276563390990304,0.1580272912979126
agglomerative,0.81,2437,999,0.4632199201672686,0.14047926664352417
agglomerative,0.81,2493,999,0.4738642843565862,0.12480908632278442
agglomerative,0.81,2548,999,0.4843185706139517,0.1095808744430542
agglomerative,0.81,2603,999,0.4947728568713172,0.09884363412857056
agglomerative,0.81,2659,999,0.5054172210606349,0.09585332870483398
agglomerative,0.81,2714,999,0.5158715073180004,0.09300464391708374
agglomerative,0.81,2769,999,0.5263257935753659,0.09012776613235474
agglomerative,0.81,2825,999,0.5369701577646835,0.08723169565200806
agglomerative,0.81,2880,999,0.547424444022049,0.08412092924118042
agglomerative,0.81,2936,999,0.5580688082113666,0.08131080865859985
agglomerative,0.81,2991,999,0.5685230944687322,0.0786600112915039
agglomerative,0.81,3046,999,0.5789773807260977,0.07599014043807983
agglomerative,0.81,3102,999,0.5896217449154153,0.0730743408203125
agglomerative,0.81,3157,999,0.6000760311727809,0.07031852006912231
agglomerative,0.81,3212,999,0.6105303174301464,0.06760430335998535
agglomerative,0.81,3268,999,0.621174681619464,0.0650128722190857
agglomerative,0.81,3323,999,0.6316289678768295,0.06254303455352783
agglomerative,0.81,3378,999,0.642083254134195,0.05980128049850464
agglomerative,0.81,3434,999,0.6527276183235127,0.05739259719848633
agglomerative,0.81,3489,999,0.6631819045808781,0.054743289947509766
agglomerative,0.81,3545,999,0.6738262687701958,0.05241578817367554
agglomerative,0.81,3600,999,0.6842805550275614,0.050161898136138916
agglomerative,0.81,3655,999,0.6947348412849268,0.04802769422531128
agglomerative,0.81,3711,999,0.7053792054742445,0.045967280864715576
agglomerative,0.81,3766,999,0.7158334917316099,0.04371434450149536
agglomerative,0.81,3821,999,0.7262877779889755,0.04169726371765137
agglomerative,0.81,3877,999,0.7369321421782931,0.03981739282608032
agglomerative,0.81,3932,999,0.7473864284356586,0.03797799348831177
agglomerative,0.81,3988,999,0.7580307926249762,0.036354005336761475
agglomerative,0.81,4043,999,0.7684850788823417,0.03449910879135132
agglomerative,0.81,4098,999,0.7789393651397073,0.03274428844451904
agglomerative,0.81,4154,999,0.7895837293290249,0.031235337257385254
agglomerative,0.81,4209,999,0.8000380155863904,0.029815256595611572
agglomerative,0.81,4264,999,0.810492301843756,0.028199493885040283
agglomerative,0.81,4320,999,0.8211366660330736,0.026737868785858154
agglomerative,0.81,4375,999,0.8315909522904391,0.025334954261779785
agglomerative,0.81,4430,999,0.8420452385478046,0.02358424663543701
agglomerative,0.81,4486,999,0.8526896027371222,0.022075355052947998
agglomerative,0.81,4541,999,0.8631438889944877,0.02073138952255249
agglomerative,0.81,4597,999,0.8737882531838054,0.019293487071990967
agglomerative,0.81,4652,999,0.8842425394411709,0.01798725128173828
agglomerative,0.81,4707,999,0.8946968256985364,0.016705989837646484
agglomerative,0.81,4763,999,0.9053411898878541,0.015252470970153809
agglomerative,0.81,4818,999,0.9157954761452195,0.013816118240356445
agglomerative,0.81,4873,999,0.926249762402585,0.012337803840637207
agglomerative,0.81,4929,999,0.9368941265919026,0.010680079460144043
agglomerative,0.81,4984,999,0.9473484128492682,0.009021520614624023
agglomerative,0.81,5040,999,0.9579927770385859,0.007241606712341309
agglomerative,0.81,5095,999,0.9684470632959513,0.0052343010902404785
agglomerative,0.81,5150,999,0.9789013495533169,0.0029491186141967773
agglomerative,0.81,5206,999,0.9895457137426344,0.0004094243049621582
agglomerative,0.81,5261,999,1.0,0.0
agglomerative,0.8200000000000001,1,999,0.00019007793195210037,0.9978479146957397
agglomerative,0.8200000000000001,56,999,0.01064436418931762,0.9304487109184265
agglomerative,0.8200000000000001,112,999,0.02128872837863524,0.910934567451477
agglomerative,0.8200000000000001,167,999,0.03174301463600076,0.9015929102897644
agglomerative,0.8200000000000001,222,999,0.04219730089336628,0.8767211437225342
agglomerative,0.8200000000000001,278,999,0.0528416650826839,0.8565081357955933
agglomerative,0.8200000000000001,333,999,0.06329595134004942,0.8491148352622986
agglomerative,0.8200000000000001,389,999,0.07394031552936704,0.8420306444168091
agglomerative,0.8200000000000001,444,999,0.08439460178673255,0.8314874768257141
agglomerative,0.8200000000000001,499,999,0.09484888804409808,0.8215442895889282
agglomerative,0.8200000000000001,555,999,0.1054932522334157,0.8107898235321045
agglomerative,0.8200000000000001,610,999,0.11594753849078122,0.8003190755844116
agglomerative,0.8200000000000001,665,999,0.12640182474814673,0.7931022644042969
agglomerative,0.8200000000000001,721,999,0.13704618893746437,0.783158540725708
agglomerative,0.8200000000000001,776,999,0.14750047519482987,0.7738369703292847
agglomerative,0.8200000000000001,832,999,0.1581448393841475,0.7667822241783142
agglomerative,0.8200000000000001,887,999,0.16859912564151303,0.7574801445007324
agglomerative,0.8200000000000001,942,999,0.17905341189887855,0.7491694092750549
agglomerative,0.8200000000000001,998,999,0.18969777608819616,0.7369623184204102
agglomerative,0.8200000000000001,1053,999,0.20015206234556168,0.7288436889648438
agglomerative,0.8200000000000001,1108,999,0.2106063486029272,0.7222495675086975
agglomerative,0.8200000000000001,1164,999,0.2212507127922448,0.7155243158340454
agglomerative,0.8200000000000001,1219,999,0.23170499904961034,0.7059252262115479
agglomerative,0.8200000000000001,1274,999,0.24215928530697586,0.6989591717720032
agglomerative,0.8200000000000001,1330,999,0.25280364949629347,0.6922367811203003
agglomerative,0.8200000000000001,1385,999,0.263257935753659,0.6852452158927917
agglomerative,0.8200000000000001,1441,999,0.2739022999429766,0.6781432628631592
agglomerative,0.8200000000000001,1496,999,0.28435658620034215,0.6717252731323242
agglomerative,0.8200000000000001,1551,999,0.29481087245770765,0.6649585962295532
agglomerative,0.8200000000000001,1607,999,0.3054552366470253,0.656199038028717
agglomerative,0.8200000000000001,1662,999,0.3159095229043908,0.6498119831085205
agglomerative,0.8200000000000001,1717,999,0.32636380916175634,0.6446220874786377
agglomerative,0.8200000000000001,1773,999,0.3370081733510739,0.6384797692298889
agglomerative,0.8200000000000001,1828,999,0.34746245960843947,0.6312583088874817
agglomerative,0.8200000000000001,1884,999,0.3581068237977571,0.5184859037399292
agglomerative,0.8200000000000001,1939,999,0.3685611100551226,0.4586336016654968
agglomerative,0.8200000000000001,1994,999,0.3790153963124881,0.4188716411590576
agglomerative,0.8200000000000001,2050,999,0.38965976050180573,0.38062596321105957
agglomerative,0.8200000000000001,2105,999,0.4001140467591713,0.3441336154937744
agglomerative,0.8200000000000001,2160,999,0.4105683330165368,0.3094522953033447
agglomerative,0.8200000000000001,2216,999,0.4212126972058544,0.2807702422142029
agglomerative,0.8200000000000001,2271,999,0.4316669834632199,0.2545226216316223
agglomerative,0.8200000000000001,2326,999,0.44212126972058546,0.21962887048721313
agglomerative,0.8200000000000001,2382,999,0.45276563390990304,0.19767683744430542
agglomerative,0.8200000000000001,2437,999,0.4632199201672686,0.172199547290802
agglomerative,0.8200000000000001,2493,999,0.4738642843565862,0.15817749500274658
agglomerative,0.8200000000000001,2548,999,0.4843185706139517,0.14153456687927246
agglomerative,0.8200000000000001,2603,999,0.4947728568713172,0.12083935737609863
agglomerative,0.8200000000000001,2659,999,0.5054172210606349,0.10702669620513916
agglomerative,0.8200000000000001,2714,999,0.5158715073180004,0.0933350920677185
agglomerative,0.8200000000000001,2769,999,0.5263257935753659,0.08964681625366211
agglomerative,0.8200000000000001,2825,999,0.5369701577646835,0.08656567335128784
agglomerative,0.8200000000000001,2880,999,0.547424444022049,0.08381599187850952
agglomerative,0.8200000000000001,2936,999,0.5580688082113666,0.08113235235214233
agglomerative,0.8200000000000001,2991,999,0.5685230944687322,0.07847809791564941
agglomerative,0.8200000000000001,3046,999,0.5789773807260977,0.07566750049591064
agglomerative,0.8200000000000001,3102,999,0.5896217449154153,0.0728791356086731
agglomerative,0.8200000000000001,3157,999,0.6000760311727809,0.07008755207061768
agglomerative,0.8200000000000001,3212,999,0.6105303174301464,0.06741726398468018
agglomerative,0.8200000000000001,3268,999,0.621174681619464,0.06472396850585938
agglomerative,0.8200000000000001,3323,999,0.6316289678768295,0.06232941150665283
agglomerative,0.8200000000000001,3378,999,0.642083254134195,0.05955338478088379
agglomerative,0.8200000000000001,3434,999,0.6527276183235127,0.057154715061187744
agglomerative,0.8200000000000001,3489,999,0.6631819045808781,0.05474090576171875
agglomerative,0.8200000000000001,3545,999,0.6738262687701958,0.05241596698760986
agglomerative,0.8200000000000001,3600,999,0.6842805550275614,0.05016225576400757
agglomerative,0.8200000000000001,3655,999,0.6947348412849268,0.04802793264389038
agglomerative,0.8200000000000001,3711,999,0.7053792054742445,0.04596763849258423
agglomerative,0.8200000000000001,3766,999,0.7158334917316099,0.043714702129364014
agglomerative,0.8200000000000001,3821,999,0.7262877779889755,0.041697144508361816
agglomerative,0.8200000000000001,3877,999,0.7369321421782931,0.039817750453948975
agglomerative,0.8200000000000001,3932,999,0.7473864284356586,0.037978172302246094
agglomerative,0.8200000000000001,3988,999,0.7580307926249762,0.036353886127471924
agglomerative,0.8200000000000001,4043,999,0.7684850788823417,0.03449910879135132
agglomerative,0.8200000000000001,4098,999,0.7789393651397073,0.03274500370025635
agglomerative,0.8200000000000001,4154,999,0.7895837293290249,0.031235873699188232
agglomerative,0.8200000000000001,4209,999,0.8000380155863904,0.029815495014190674
agglomerative,0.8200000000000001,4264,999,0.810492301843756,0.02819877862930298
agglomerative,0.8200000000000001,4320,999,0.8211366660330736,0.026737689971923828
agglomerative,0.8200000000000001,4375,999,0.8315909522904391,0.02533477544784546
agglomerative,0.8200000000000001,4430,999,0.8420452385478046,0.023583829402923584
agglomerative,0.8200000000000001,4486,999,0.8526896027371222,0.022075355052947998
agglomerative,0.8200000000000001,4541,999,0.8631438889944877,0.020731449127197266
agglomerative,0.8200000000000001,4597,999,0.8737882531838054,0.019293606281280518
agglomerative,0.8200000000000001,4652,999,0.8842425394411709,0.017987549304962158
agglomerative,0.8200000000000001,4707,999,0.8946968256985364,0.016705691814422607
agglomerative,0.8200000000000001,4763,999,0.9053411898878541,0.015252411365509033
agglomerative,0.8200000000000001,4818,999,0.9157954761452195,0.013816297054290771
agglomerative,0.8200000000000001,4873,999,0.926249762402585,0.012337863445281982
agglomerative,0.8200000000000001,4929,999,0.9368941265919026,0.010680198669433594
agglomerative,0.8200000000000001,4984,999,0.9473484128492682,0.009021639823913574
agglomerative,0.8200000000000001,5040,999,0.9579927770385859,0.007241785526275635
agglomerative,0.8200000000000001,5095,999,0.9684470632959513,0.005234420299530029
agglomerative,0.8200000000000001,5150,999,0.9789013495533169,0.0029491186141967773
agglomerative,0.8200000000000001,5206,999,0.9895457137426344,0.000409543514251709
agglomerative,0.8200000000000001,5261,999,1.0,0.0
agglomerative,0.8300000000000001,1,999,0.00019007793195210037,0.9980218410491943
agglomerative,0.8300000000000001,56,999,0.01064436418931762,0.9251242876052856
agglomerative,0.8300000000000001,112,999,0.02128872837863524,0.8858239650726318
agglomerative,0.8300000000000001,167,999,0.03174301463600076,0.8725223541259766
agglomerative,0.8300000000000001,222,999,0.04219730089336628,0.8553701043128967
agglomerative,0.8300000000000001,278,999,0.0528416650826839,0.83011794090271
agglomerative,0.8300000000000001,333,999,0.06329595134004942,0.8188117742538452
agglomerative,0.8300000000000001,389,999,0.07394031552936704,0.8069629073143005
agglomerative,0.8300000000000001,444,999,0.08439460178673255,0.8003940582275391
agglomerative,0.8300000000000001,499,999,0.09484888804409808,0.788051426410675
agglomerative,0.8300000000000001,555,999,0.1054932522334157,0.7783807516098022
agglomerative,0.8300000000000001,610,999,0.11594753849078122,0.7668817043304443
agglomerative,0.8300000000000001,665,999,0.12640182474814673,0.7584037184715271
agglomerative,0.8300000000000001,721,999,0.13704618893746437,0.7503342628479004
agglomerative,0.8300000000000001,776,999,0.14750047519482987,0.7408857345581055
agglomerative,0.8300000000000001,832,999,0.1581448393841475,0.7312192916870117
agglomerative,0.8300000000000001,887,999,0.16859912564151303,0.7226831912994385
agglomerative,0.8300000000000001,942,999,0.17905341189887855,0.7132118940353394
agglomerative,0.8300000000000001,998,999,0.18969777608819616,0.7037882804870605
agglomerative,0.8300000000000001,1053,999,0.20015206234556168,0.6936365365982056
agglomerative,0.8300000000000001,1108,999,0.2106063486029272,0.6838042140007019
agglomerative,0.8300000000000001,1164,999,0.2212507127922448,0.6755833625793457
agglomerative,0.8300000000000001,1219,999,0.23170499904961034,0.6685683727264404
agglomerative,0.8300000000000001,1274,999,0.24215928530697586,0.6600309014320374
agglomerative,0.8300000000000001,1330,999,0.25280364949629347,0.650621771812439
agglomerative,0.8300000000000001,1385,999,0.263257935753659,0.6429476737976074
agglomerative,0.8300000000000001,1441,999,0.2739022999429766,0.635134220123291
agglomerative,0.8300000000000001,1496,999,0.28435658620034215,0.6278994679450989
agglomerative,0.8300000000000001,1551,999,0.29481087245770765,0.6206607222557068
agglomerative,0.8300000000000001,1607,999,0.3054552366470253,0.6125392913818359
agglomerative,0.8300000000000001,1662,999,0.3159095229043908,0.6051053404808044
agglomerative,0.8300000000000001,1717,999,0.32636380916175634,0.5978935956954956
agglomerative,0.8300000000000001,1773,999,0.3370081733510739,0.5898685455322266
agglomerative,0.8300000000000001,1828,999,0.34746245960843947,0.5806044340133667
agglomerative,0.8300000000000001,1884,999,0.3581068237977571,0.5733759999275208
agglomerative,0.8300000000000001,1939,999,0.3685611100551226,0.5671610832214355
agglomerative,0.8300000000000001,1994,999,0.3790153963124881,0.559401273727417
agglomerative,0.8300000000000001,2050,999,0.38965976050180573,0.5505813360214233
agglomerative,0.8300000000000001,2105,999,0.4001140467591713,0.45098328590393066
agglomerative,0.8300000000000001,2160,999,0.4105683330165368,0.41027945280075073
agglomerative,0.8300000000000001,2216,999,0.4212126972058544,0.36639833450317383
agglomerative,0.8300000000000001,2271,999,0.4316669834632199,0.3311976194381714
agglomerative,0.8300000000000001,2326,999,0.44212126972058546,0.29221051931381226
agglomerative,0.8300000000000001,2382,999,0.45276563390990304,0.26455724239349365
agglomerative,0.8300000000000001,2437,999,0.4632199201672686,0.2363714575767517
agglomerative,0.8300000000000001,2493,999,0.4738642843565862,0.20382797718048096
agglomerative,0.8300000000000001,2548,999,0.4843185706139517,0.17827218770980835
agglomerative,0.8300000000000001,2603,999,0.4947728568713172,0.16009211540222168
agglomerative,0.8300000000000001,2659,999,0.5054172210606349,0.14108997583389282
agglomerative,0.8300000000000001,2714,999,0.5158715073180004,0.1204938292503357
agglomerative,0.8300000000000001,2769,999,0.5263257935753659,0.10397279262542725
agglomerative,0.8300000000000001,2825,999,0.5369701577646835,0.09001988172531128
agglomerative,0.8300000000000001,2880,999,0.547424444022049,0.08371955156326294
agglomerative,0.8300000000000001,2936,999,0.5580688082113666,0.08057767152786255
agglomerative,0.8300000000000001,2991,999,0.5685230944687322,0.0779421329498291
agglomerative,0.8300000000000001,3046,999,0.5789773807260977,0.07518309354782104
agglomerative,0.8300000000000001,3102,999,0.5896217449154153,0.07253772020339966
agglomerative,0.8300000000000001,3157,999,0.6000760311727809,0.06982773542404175
agglomerative,0.8300000000000001,3212,999,0.6105303174301464,0.06726443767547607
agglomerative,0.8300000000000001,3268,999,0.621174681619464,0.06457102298736572
agglomerative,0.8300000000000001,3323,999,0.6316289678768295,0.06233769655227661
agglomerative,0.8300000000000001,3378,999,0.642083254134195,0.05943971872329712
agglomerative,0.8300000000000001,3434,999,0.6527276183235127,0.05698734521865845
agglomerative,0.8300000000000001,3489,999,0.6631819045808781,0.0547066330909729
agglomerative,0.8300000000000001,3545,999,0.6738262687701958,0.052416205406188965
agglomerative,0.8300000000000001,3600,999,0.6842805550275614,0.050161898136138916
agglomerative,0.8300000000000001,3655,999,0.6947348412849268,0.048027634620666504
agglomerative,0.8300000000000001,3711,999,0.7053792054742445,0.04596734046936035
agglomerative,0.8300000000000001,3766,999,0.7158334917316099,0.04371440410614014
agglomerative,0.8300000000000001,3821,999,0.7262877779889755,0.041697025299072266
agglomerative,0.8300000000000001,3877,999,0.7369321421782931,0.03981733322143555
agglomerative,0.8300000000000001,3932,999,0.7473864284356586,0.037977755069732666
agglomerative,0.8300000000000001,3988,999,0.7580307926249762,0.03635358810424805
agglomerative,0.8300000000000001,4043,999,0.7684850788823417,0.03449904918670654
agglomerative,0.8300000000000001,4098,999,0.7789393651397073,0.03274500370025635
agglomerative,0.8300000000000001,4154,999,0.7895837293290249,0.031235933303833008
agglomerative,0.8300000000000001,4209,999,0.8000380155863904,0.029815495014190674
agglomerative,0.8300000000000001,4264,999,0.810492301843756,0.02819955348968506
agglomerative,0.8300000000000001,4320,999,0.8211366660330736,0.026738226413726807
agglomerative,0.8300000000000001,4375,999,0.8315909522904391,0.02533513307571411
agglomerative,0.8300000000000001,4430,999,0.8420452385478046,0.02358424663543701
agglomerative,0.8300000000000001,4486,999,0.8526896027371222,0.022075414657592773
agglomerative,0.8300000000000001,4541,999,0.8631438889944877,0.020731627941131592
agglomerative,0.8300000000000001,4597,999,0.8737882531838054,0.01929384469985962
agglomerative,0.8300000000000001,4652,999,0.8842425394411709,0.017987489700317383
agglomerative,0.8300000000000001,4707,999,0.8946968256985364,0.01670604944229126
agglomerative,0.8300000000000001,4763,999,0.9053411898878541,0.015252649784088135
agglomerative,0.8300000000000001,4818,999,0.9157954761452195,0.013816356658935547
agglomerative,0.8300000000000001,4873,999,0.926249762402585,0.012338101863861084
agglomerative,0.8300000000000001,4929,999,0.9368941265919026,0.010680198669433594
agglomerative,0.8300000000000001,4984,999,0.9473484128492682,0.009021639823913574
agglomerative,0.8300000000000001,5040,999,0.9579927770385859,0.007241666316986084
agglomerative,0.8300000000000001,5095,999,0.9684470632959513,0.0052343010902404785
agglomerative,0.8300000000000001,5150,999,0.9789013495533169,0.0029491186141967773
agglomerative,0.8300000000000001,5206,999,0.9895457137426344,0.0004093647003173828
agglomerative,0.8300000000000001,5261,999,1.0,0.0
agglomerative,0.84,1,999,0.00019007793195210037,0.9981834888458252
agglomerative,0.84,56,999,0.01064436418931762,0.91578209400177
agglomerative,0.84,112,999,0.02128872837863524,0.8708313703536987
agglomerative,0.84,167,999,0.03174301463600076,0.8567670583724976
agglomerative,0.84,222,999,0.04219730089336628,0.8431799411773682
agglomerative,0.84,278,999,0.0528416650826839,0.8184483647346497
agglomerative,0.84,333,999,0.06329595134004942,0.7987467646598816
agglomerative,0.84,389,999,0.07394031552936704,0.7914994955062866
agglomerative,0.84,444,999,0.08439460178673255,0.7817471027374268
agglomerative,0.84,499,999,0.09484888804409808,0.7732549905776978
agglomerative,0.84,555,999,0.1054932522334157,0.7612704038619995
agglomerative,0.84,610,999,0.11594753849078122,0.7527027130126953
agglomerative,0.84,665,999,0.12640182474814673,0.7414239048957825
agglomerative,0.84,721,999,0.13704618893746437,0.7319892644882202
agglomerative,0.84,776,999,0.14750047519482987,0.7248035073280334
agglomerative,0.84,832,999,0.1581448393841475,0.7140425443649292
agglomerative,0.84,887,999,0.16859912564151303,0.7034958600997925
agglomerative,0.84,942,999,0.17905341189887855,0.6947290897369385
agglomerative,0.84,998,999,0.18969777608819616,0.6875424385070801
agglomerative,0.84,1053,999,0.20015206234556168,0.6783084273338318
agglomerative,0.84,1108,999,0.2106063486029272,0.6688758134841919
agglomerative,0.84,1164,999,0.2212507127922448,0.6567608118057251
agglomerative,0.84,1219,999,0.23170499904961034,0.6467319130897522
agglomerative,0.84,1274,999,0.24215928530697586,0.6381934285163879
agglomerative,0.84,1330,999,0.25280364949629347,0.6311870217323303
agglomerative,0.84,1385,999,0.263257935753659,0.622094988822937
agglomerative,0.84,1441,999,0.2739022999429766,0.612857460975647
agglomerative,0.84,1496,999,0.28435658620034215,0.6053738594055176
agglomerative,0.84,1551,999,0.29481087245770765,0.5963741540908813
agglomerative,0.84,1607,999,0.3054552366470253,0.5883321762084961
agglomerative,0.84,1662,999,0.3159095229043908,0.5792686939239502
agglomerative,0.84,1717,999,0.32636380916175634,0.5727642774581909
agglomerative,0.84,1773,999,0.3370081733510739,0.564091682434082
agglomerative,0.84,1828,999,0.34746245960843947,0.5560550093650818
agglomerative,0.84,1884,999,0.3581068237977571,0.5477942228317261
agglomerative,0.84,1939,999,0.3685611100551226,0.5392160415649414
agglomerative,0.84,1994,999,0.3790153963124881,0.5289172530174255
agglomerative,0.84,2050,999,0.38965976050180573,0.5206407308578491
agglomerative,0.84,2105,999,0.4001140467591713,0.5133642554283142
agglomerative,0.84,2160,999,0.4105683330165368,0.5051649212837219
agglomerative,0.84,2216,999,0.4212126972058544,0.49562662839889526
agglomerative,0.84,2271,999,0.4316669834632199,0.4640974998474121
agglomerative,0.84,2326,999,0.44212126972058546,0.4038911461830139
agglomerative,0.84,2382,999,0.45276563390990304,0.34886008501052856
agglomerative,0.84,2437,999,0.4632199201672686,0.3107447028160095
agglomerative,0.84,2493,999,0.4738642843565862,0.27694886922836304
agglomerative,0.84,2548,999,0.4843185706139517,0.24491065740585327
agglomerative,0.84,2603,999,0.4947728568713172,0.21670877933502197
agglomerative,0.84,2659,999,0.5054172210606349,0.1876090168952942
agglomerative,0.84,2714,999,0.5158715073180004,0.1565631628036499
agglomerative,0.84,2769,999,0.5263257935753659,0.1403731107711792
agglomerative,0.84,2825,999,0.5369701577646835,0.11838877201080322
agglomerative,0.84,2880,999,0.547424444022049,0.09972995519638062
agglomerative,0.84,2936,999,0.5580688082113666,0.08443266153335571
agglomerative,0.84,2991,999,0.5685230944687322,0.0785723328590393
agglomerative,0.84,3046,999,0.5789773807260977,0.07552003860473633
agglomerative,0.84,3102,999,0.5896217449154153,0.07226014137268066
agglomerative,0.84,3157,999,0.6000760311727809,0.0694957971572876
agglomerative,0.84,3212,999,0.6105303174301464,0.0669679045677185
agglomerative,0.84,3268,999,0.621174681619464,0.0641709566116333
agglomerative,0.84,3323,999,0.6316289678768295,0.061867475509643555
agglomerative,0.84,3378,999,0.642083254134195,0.05945730209350586
agglomerative,0.84,3434,999,0.6527276183235127,0.057018935680389404
agglomerative,0.84,3489,999,0.6631819045808781,0.054757773876190186
agglomerative,0.84,3545,999,0.6738262687701958,0.05240732431411743
agglomerative,0.84,3600,999,0.6842805550275614,0.05014753341674805
agglomerative,0.84,3655,999,0.6947348412849268,0.04803985357284546
agglomerative,0.84,3711,999,0.7053792054742445,0.04581993818283081
agglomerative,0.84,3766,999,0.7158334917316099,0.04371452331542969
agglomerative,0.84,3821,999,0.7262877779889755,0.04169708490371704
agglomerative,0.84,3877,999,0.7369321421782931,0.0398176908493042
agglomerative,0.84,3932,999,0.7473864284356586,0.03797811269760132
agglomerative,0.84,3988,999,0.7580307926249762,0.03635364770889282
agglomerative,0.84,4043,999,0.7684850788823417,0.034499287605285645
agglomerative,0.84,4098,999,0.7789393651397073,0.03274482488632202
agglomerative,0.84,4154,999,0.7895837293290249,0.03123605251312256
agglomerative,0.84,4209,999,0.8000380155863904,0.02981579303741455
agglomerative,0.84,4264,999,0.810492301843756,0.02819967269897461
agglomerative,0.84,4320,999,0.8211366660330736,0.02673804759979248
agglomerative,0.84,4375,999,0.8315909522904391,0.02533477544784546
agglomerative,0.84,4430,999,0.8420452385478046,0.02358412742614746
agglomerative,0.84,4486,999,0.8526896027371222,0.022075355052947998
agglomerative,0.84,4541,999,0.8631438889944877,0.020731449127197266
agglomerative,0.84,4597,999,0.8737882531838054,0.01929372549057007
agglomerative,0.84,4652,999,0.8842425394411709,0.017987430095672607
agglomerative,0.84,4707,999,0.8946968256985364,0.016705632209777832
agglomerative,0.84,4763,999,0.9053411898878541,0.015252470970153809
agglomerative,0.84,4818,999,0.9157954761452195,0.01381617784500122
agglomerative,0.84,4873,999,0.926249762402585,0.012337982654571533
agglomerative,0.84,4929,999,0.9368941265919026,0.010679960250854492
agglomerative,0.84,4984,999,0.9473484128492682,0.009021759033203125
agglomerative,0.84,5040,999,0.9579927770385859,0.007241606712341309
agglomerative,0.84,5095,999,0.9684470632959513,0.005234420299530029
agglomerative,0.84,5150,999,0.9789013495533169,0.0029489994049072266
agglomerative,0.84,5206,999,0.9895457137426344,0.0004094243049621582
agglomerative,0.84,5261,999,1.0,0.0
agglomerative,0.85,1,999,0.00019007793195210037,0.9983264207839966
agglomerative,0.85,56,999,0.01064436418931762,0.9175876379013062
agglomerative,0.85,112,999,0.02128872837863524,0.8757367730140686
agglomerative,0.85,167,999,0.03174301463600076,0.8579109907150269
agglomerative,0.85,222,999,0.04219730089336628,0.8493390679359436
agglomerative,0.85,278,999,0.0528416650826839,0.8237042427062988
agglomerative,0.85,333,999,0.06329595134004942,0.8046638369560242
agglomerative,0.85,389,999,0.07394031552936704,0.7921433448791504
agglomerative,0.85,444,999,0.08439460178673255,0.7833919525146484
agglomerative,0.85,499,999,0.09484888804409808,0.7751098871231079
agglomerative,0.85,555,999,0.1054932522334157,0.7657499313354492
agglomerative,0.85,610,999,0.11594753849078122,0.7532590627670288
agglomerative,0.85,665,999,0.12640182474814673,0.7440074682235718
agglomerative,0.85,721,999,0.13704618893746437,0.7336004376411438
agglomerative,0.85,776,999,0.14750047519482987,0.7257648706436157
agglomerative,0.85,832,999,0.1581448393841475,0.7156001329421997
agglomerative,0.85,887,999,0.16859912564151303,0.7072920799255371
agglomerative,0.85,942,999,0.17905341189887855,0.6952981352806091
agglomerative,0.85,998,999,0.18969777608819616,0.6874847412109375
agglomerative,0.85,1053,999,0.20015206234556168,0.6803137063980103
agglomerative,0.85,1108,999,0.2106063486029272,0.6712303757667542
agglomerative,0.85,1164,999,0.2212507127922448,0.661128044128418
agglomerative,0.85,1219,999,0.23170499904961034,0.6502906084060669
agglomerative,0.85,1274,999,0.24215928530697586,0.6412001252174377
agglomerative,0.85,1330,999,0.25280364949629347,0.6305716037750244
agglomerative,0.85,1385,999,0.263257935753659,0.6227598190307617
agglomerative,0.85,1441,999,0.2739022999429766,0.6144008040428162
agglomerative,0.85,1496,999,0.28435658620034215,0.6068620681762695
agglomerative,0.85,1551,999,0.29481087245770765,0.5986737012863159
agglomerative,0.85,1607,999,0.3054552366470253,0.5897828340530396
agglomerative,0.85,1662,999,0.3159095229043908,0.5821962952613831
agglomerative,0.85,1717,999,0.32636380916175634,0.5733373165130615
agglomerative,0.85,1773,999,0.3370081733510739,0.5650184750556946
agglomerative,0.85,1828,999,0.34746245960843947,0.5553927421569824
agglomerative,0.85,1884,999,0.3581068237977571,0.5472533702850342
agglomerative,0.85,1939,999,0.3685611100551226,0.5383404493331909
agglomerative,0.85,1994,999,0.3790153963124881,0.5290187001228333
agglomerative,0.85,2050,999,0.38965976050180573,0.5196963548660278
agglomerative,0.85,2105,999,0.4001140467591713,0.5094618797302246
agglomerative,0.85,2160,999,0.4105683330165368,0.497366726398468
agglomerative,0.85,2216,999,0.4212126972058544,0.48862606287002563
agglomerative,0.85,2271,999,0.4316669834632199,0.47978490591049194
agglomerative,0.85,2326,999,0.44212126972058546,0.4710661768913269
agglomerative,0.85,2382,999,0.45276563390990304,0.4612572193145752
agglomerative,0.85,2437,999,0.4632199201672686,0.4511985778808594
agglomerative,0.85,2493,999,0.4738642843565862,0.3975909352302551
agglomerative,0.85,2548,999,0.4843185706139517,0.34282243251800537
agglomerative,0.85,2603,999,0.4947728568713172,0.2990856170654297
agglomerative,0.85,2659,999,0.5054172210606349,0.2542595863342285
agglomerative,0.85,2714,999,0.5158715073180004,0.21935027837753296
agglomerative,0.85,2769,999,0.5263257935753659,0.1864277720451355
agglomerative,0.85,2825,999,0.5369701577646835,0.1583939790725708
agglomerative,0.85,2880,999,0.547424444022049,0.13542157411575317
agglomerative,0.85,2936,999,0.5580688082113666,0.11660361289978027
agglomerative,0.85,2991,999,0.5685230944687322,0.09361571073532104
agglomerative,0.85,3046,999,0.5789773807260977,0.07838082313537598
agglomerative,0.85,3102,999,0.5896217449154153,0.07228201627731323
agglomerative,0.85,3157,999,0.6000760311727809,0.06966465711593628
agglomerative,0.85,3212,999,0.6105303174301464,0.06676656007766724
agglomerative,0.85,3268,999,0.621174681619464,0.06394147872924805
agglomerative,0.85,3323,999,0.6316289678768295,0.0614626407623291
agglomerative,0.85,3378,999,0.642083254134195,0.059206604957580566
agglomerative,0.85,3434,999,0.6527276183235127,0.056731462478637695
agglomerative,0.85,3489,999,0.6631819045808781,0.05460101366043091
agglomerative,0.85,3545,999,0.6738262687701958,0.052238285541534424
agglomerative,0.85,3600,999,0.6842805550275614,0.049998939037323
agglomerative,0.85,3655,999,0.6947348412849268,0.04796469211578369
agglomerative,0.85,3711,999,0.7053792054742445,0.04574161767959595
agglomerative,0.85,3766,999,0.7158334917316099,0.043634653091430664
agglomerative,0.85,3821,999,0.7262877779889755,0.04163527488708496
agglomerative,0.85,3877,999,0.7369321421782931,0.03983575105667114
agglomerative,0.85,3932,999,0.7473864284356586,0.03797811269760132
agglomerative,0.85,3988,999,0.7580307926249762,0.03635406494140625
agglomerative,0.85,4043,999,0.7684850788823417,0.03449904918670654
agglomerative,0.85,4098,999,0.7789393651397073,0.032744765281677246
agglomerative,0.85,4154,999,0.7895837293290249,0.031235873699188232
agglomerative,0.85,4209,999,0.8000380155863904,0.029815495014190674
agglomerative,0.85,4264,999,0.810492301843756,0.028199732303619385
agglomerative,0.85,4320,999,0.8211366660330736,0.02673804759979248
agglomerative,0.85,4375,999,0.8315909522904391,0.025334835052490234
agglomerative,0.85,4430,999,0.8420452385478046,0.023583948612213135
agglomerative,0.85,4486,999,0.8526896027371222,0.022075235843658447
agglomerative,0.85,4541,999,0.8631438889944877,0.020731091499328613
agglomerative,0.85,4597,999,0.8737882531838054,0.019293367862701416
agglomerative,0.85,4652,999,0.8842425394411709,0.017987608909606934
agglomerative,0.85,4707,999,0.8946968256985364,0.01670604944229126
agglomerative,0.85,4763,999,0.9053411898878541,0.015252470970153809
agglomerative,0.85,4818,999,0.9157954761452195,0.013816297054290771
agglomerative,0.85,4873,999,0.926249762402585,0.012337982654571533
agglomerative,0.85,4929,999,0.9368941265919026,0.010680079460144043
agglomerative,0.85,4984,999,0.9473484128492682,0.0090218186378479
agglomerative,0.85,5040,999,0.9579927770385859,0.007241606712341309
agglomerative,0.85,5095,999,0.9684470632959513,0.0052343010902404785
agglomerative,0.85,5150,999,0.9789013495533169,0.0029491782188415527
agglomerative,0.85,5206,999,0.9895457137426344,0.0004094243049621582
agglomerative,0.85,5261,999,1.0,0.0
agglomerative,0.86,1,999,0.00019007793195210037,0.9984542727470398
agglomerative,0.86,56,999,0.01064436418931762,0.9222645163536072
agglomerative,0.86,112,999,0.02128872837863524,0.8806076645851135
agglomerative,0.86,167,999,0.03174301463600076,0.8567504286766052
agglomerative,0.86,222,999,0.04219730089336628,0.8488610982894897
agglomerative,0.86,278,999,0.0528416650826839,0.8294408321380615
agglomerative,0.86,333,999,0.06329595134004942,0.8117262125015259
agglomerative,0.86,389,999,0.07394031552936704,0.7938660979270935
agglomerative,0.86,444,999,0.08439460178673255,0.7881093621253967
agglomerative,0.86,499,999,0.09484888804409808,0.7785789966583252
agglomerative,0.86,555,999,0.1054932522334157,0.7725626230239868
agglomerative,0.86,610,999,0.11594753849078122,0.7600914835929871
agglomerative,0.86,665,999,0.12640182474814673,0.7489391565322876
agglomerative,0.86,721,999,0.13704618893746437,0.7394197583198547
agglomerative,0.86,776,999,0.14750047519482987,0.7289949655532837
agglomerative,0.86,832,999,0.1581448393841475,0.7211474180221558
agglomerative,0.86,887,999,0.16859912564151303,0.7109438180923462
agglomerative,0.86,942,999,0.17905341189887855,0.7021749019622803
agglomerative,0.86,998,999,0.18969777608819616,0.6912204027175903
agglomerative,0.86,1053,999,0.20015206234556168,0.6830062866210938
agglomerative,0.86,1108,999,0.2106063486029272,0.677208423614502
agglomerative,0.86,1164,999,0.2212507127922448,0.6653680205345154
agglomerative,0.86,1219,999,0.23170499904961034,0.6557190418243408
agglomerative,0.86,1274,999,0.24215928530697586,0.6455450057983398
agglomerative,0.86,1330,999,0.25280364949629347,0.6335691213607788
agglomerative,0.86,1385,999,0.263257935753659,0.6231864094734192
agglomerative,0.86,1441,999,0.2739022999429766,0.6151090860366821
agglomerative,0.86,1496,999,0.28435658620034215,0.6071209907531738
agglomerative,0.86,1551,999,0.29481087245770765,0.5998704433441162
agglomerative,0.86,1607,999,0.3054552366470253,0.5903680324554443
agglomerative,0.86,1662,999,0.3159095229043908,0.5828226208686829
agglomerative,0.86,1717,999,0.32636380916175634,0.5725802779197693
agglomerative,0.86,1773,999,0.3370081733510739,0.5642920732498169
agglomerative,0.86,1828,999,0.34746245960843947,0.5546044707298279
agglomerative,0.86,1884,999,0.3581068237977571,0.5455939769744873
agglomerative,0.86,1939,999,0.3685611100551226,0.5358071327209473
agglomerative,0.86,1994,999,0.3790153963124881,0.527230978012085
agglomerative,0.86,2050,999,0.38965976050180573,0.5183587074279785
agglomerative,0.86,2105,999,0.4001140467591713,0.5085129737854004
agglomerative,0.86,2160,999,0.4105683330165368,0.49945592880249023
agglomerative,0.86,2216,999,0.4212126972058544,0.4907785654067993
agglomerative,0.86,2271,999,0.4316669834632199,0.4786034822463989
agglomerative,0.86,2326,999,0.44212126972058546,0.4672788381576538
agglomerative,0.86,2382,999,0.45276563390990304,0.4572887420654297
agglomerative,0.86,2437,999,0.4632199201672686,0.4479309916496277
agglomerative,0.86,2493,999,0.4738642843565862,0.4377105236053467
agglomerative,0.86,2548,999,0.4843185706139517,0.4273396134376526
agglomerative,0.86,2603,999,0.4947728568713172,0.4155693054199219
agglomerative,0.86,2659,999,0.5054172210606349,0.36579930782318115
agglomerative,0.86,2714,999,0.5158715073180004,0.3072807788848877
agglomerative,0.86,2769,999,0.5263257935753659,0.2613605260848999
agglomerative,0.86,2825,999,0.5369701577646835,0.21954751014709473
agglomerative,0.86,2880,999,0.547424444022049,0.18866533041000366
agglomerative,0.86,2936,999,0.5580688082113666,0.15817666053771973
agglomerative,0.86,2991,999,0.5685230944687322,0.13414114713668823
agglomerative,0.86,3046,999,0.5789773807260977,0.11402773857116699
agglomerative,0.86,3102,999,0.5896217449154153,0.09175342321395874
agglomerative,0.86,3157,999,0.6000760311727809,0.07413166761398315
agglomerative,0.86,3212,999,0.6105303174301464,0.06683635711669922
agglomerative,0.86,3268,999,0.621174681619464,0.06418883800506592
agglomerative,0.86,3323,999,0.6316289678768295,0.0616379976272583
agglomerative,0.86,3378,999,0.642083254134195,0.05932849645614624
agglomerative,0.86,3434,999,0.6527276183235127,0.05676168203353882
agglomerative,0.86,3489,999,0.6631819045808781,0.054636478424072266
agglomerative,0.86,3545,999,0.6738262687701958,0.052385568618774414
agglomerative,0.86,3600,999,0.6842805550275614,0.05000030994415283
agglomerative,0.86,3655,999,0.6947348412849268,0.04769730567932129
agglomerative,0.86,3711,999,0.7053792054742445,0.04568624496459961
agglomerative,0.86,3766,999,0.7158334917316099,0.04363459348678589
agglomerative,0.86,3821,999,0.7262877779889755,0.04163515567779541
agglomerative,0.86,3877,999,0.7369321421782931,0.03983563184738159
agglomerative,0.86,3932,999,0.7473864284356586,0.03797805309295654
agglomerative,0.86,3988,999,0.7580307926249762,0.0363539457321167
agglomerative,0.86,4043,999,0.7684850788823417,0.034498751163482666
agglomerative,0.86,4098,999,0.7789393651397073,0.03274494409561157
agglomerative,0.86,4154,999,0.7895837293290249,0.031235933303833008
agglomerative,0.86,4209,999,0.8000380155863904,0.029815673828125
agglomerative,0.86,4264,999,0.810492301843756,0.028199493885040283
agglomerative,0.86,4320,999,0.8211366660330736,0.026737689971923828
agglomerative,0.86,4375,999,0.8315909522904391,0.02533477544784546
agglomerative,0.86,4430,999,0.8420452385478046,0.02358424663543701
agglomerative,0.86,4486,999,0.8526896027371222,0.022075414657592773
agglomerative,0.86,4541,999,0.8631438889944877,0.020731747150421143
agglomerative,0.86,4597,999,0.8737882531838054,0.01929372549057007
agglomerative,0.86,4652,999,0.8842425394411709,0.017987728118896484
agglomerative,0.86,4707,999,0.8946968256985364,0.01670604944229126
agglomerative,0.86,4763,999,0.9053411898878541,0.015252292156219482
agglomerative,0.86,4818,999,0.9157954761452195,0.01381617784500122
agglomerative,0.86,4873,999,0.926249762402585,0.012337684631347656
agglomerative,0.86,4929,999,0.9368941265919026,0.010680198669433594
agglomerative,0.86,4984,999,0.9473484128492682,0.009021639823913574
agglomerative,0.86,5040,999,0.9579927770385859,0.007241606712341309
agglomerative,0.86,5095,999,0.9684470632959513,0.005234420299530029
agglomerative,0.86,5150,999,0.9789013495533169,0.0029491782188415527
agglomerative,0.86,5206,999,0.9895457137426344,0.0004094243049621582
agglomerative,0.86,5261,999,1.0,0.0
agglomerative,0.87,1,999,0.00019007793195210037,0.9985727667808533
agglomerative,0.87,56,999,0.01064436418931762,0.919797420501709
agglomerative,0.87,112,999,0.02128872837863524,0.882404088973999
agglomerative,0.87,167,999,0.03174301463600076,0.8592386841773987
agglomerative,0.87,222,999,0.04219730089336628,0.8540093898773193
agglomerative,0.87,278,999,0.0528416650826839,0.8328074812889099
agglomerative,0.87,333,999,0.06329595134004942,0.8148989081382751
agglomerative,0.87,389,999,0.07394031552936704,0.7966715693473816
agglomerative,0.87,444,999,0.08439460178673255,0.7890714406967163
agglomerative,0.87,499,999,0.09484888804409808,0.7805382013320923
agglomerative,0.87,555,999,0.1054932522334157,0.7742469310760498
agglomerative,0.87,610,999,0.11594753849078122,0.7656163573265076
agglomerative,0.87,665,999,0.12640182474814673,0.7543535232543945
agglomerative,0.87,721,999,0.13704618893746437,0.7412598729133606
agglomerative,0.87,776,999,0.14750047519482987,0.7322431802749634
agglomerative,0.87,832,999,0.1581448393841475,0.7229958772659302
agglomerative,0.87,887,999,0.16859912564151303,0.7135152816772461
agglomerative,0.87,942,999,0.17905341189887855,0.7050775289535522
agglomerative,0.87,998,999,0.18969777608819616,0.6968700885772705
agglomerative,0.87,1053,999,0.20015206234556168,0.6871325373649597
agglomerative,0.87,1108,999,0.2106063486029272,0.6777420043945312
agglomerative,0.87,1164,999,0.2212507127922448,0.6701459884643555
agglomerative,0.87,1219,999,0.23170499904961034,0.6619799137115479
agglomerative,0.87,1274,999,0.24215928530697586,0.6485270261764526
agglomerative,0.87,1330,999,0.25280364949629347,0.6393972635269165
agglomerative,0.87,1385,999,0.263257935753659,0.6273703575134277
agglomerative,0.87,1441,999,0.2739022999429766,0.6188493967056274
agglomerative,0.87,1496,999,0.28435658620034215,0.6073775887489319
agglomerative,0.87,1551,999,0.29481087245770765,0.5995675921440125
agglomerative,0.87,1607,999,0.3054552366470253,0.5923285484313965
agglomerative,0.87,1662,999,0.3159095229043908,0.5837514400482178
agglomerative,0.87,1717,999,0.32636380916175634,0.5744187235832214
agglomerative,0.87,1773,999,0.3370081733510739,0.566200852394104
agglomerative,0.87,1828,999,0.34746245960843947,0.555490255355835
agglomerative,0.87,1884,999,0.3581068237977571,0.5461539626121521
agglomerative,0.87,1939,999,0.3685611100551226,0.5371595025062561
agglomerative,0.87,1994,999,0.3790153963124881,0.5276950597763062
agglomerative,0.87,2050,999,0.38965976050180573,0.5178210735321045
agglomerative,0.87,2105,999,0.4001140467591713,0.5083414316177368
agglomerative,0.87,2160,999,0.4105683330165368,0.49837666749954224
agglomerative,0.87,2216,999,0.4212126972058544,0.48966866731643677
agglomerative,0.87,2271,999,0.4316669834632199,0.4796745777130127
agglomerative,0.87,2326,999,0.44212126972058546,0.4693962335586548
agglomerative,0.87,2382,999,0.45276563390990304,0.4581582546234131
agglomerative,0.87,2437,999,0.4632199201672686,0.4462072253227234
agglomerative,0.87,2493,999,0.4738642843565862,0.43478405475616455
agglomerative,0.87,2548,999,0.4843185706139517,0.42354220151901245
agglomerative,0.87,2603,999,0.4947728568713172,0.4131234884262085
agglomerative,0.87,2659,999,0.5054172210606349,0.40212154388427734
agglomerative,0.87,2714,999,0.5158715073180004,0.39057570695877075
agglomerative,0.87,2769,999,0.5263257935753659,0.377909779548645
agglomerative,0.87,2825,999,0.5369701577646835,0.3648555874824524
agglomerative,0.87,2880,999,0.547424444022049,0.28527599573135376
agglomerative,0.87,2936,999,0.5580688082113666,0.2340487837791443
agglomerative,0.87,2991,999,0.5685230944687322,0.19485509395599365
agglomerative,0.87,3046,999,0.5789773807260977,0.16117703914642334
agglomerative,0.87,3102,999,0.5896217449154153,0.13007229566574097
agglomerative,0.87,3157,999,0.6000760311727809,0.11084425449371338
agglomerative,0.87,3212,999,0.6105303174301464,0.08464360237121582
agglomerative,0.87,3268,999,0.621174681619464,0.06592494249343872
agglomerative,0.87,3323,999,0.6316289678768295,0.06184512376785278
agglomerative,0.87,3378,999,0.642083254134195,0.05925828218460083
agglomerative,0.87,3434,999,0.6527276183235127,0.05669057369232178
agglomerative,0.87,3489,999,0.6631819045808781,0.05428731441497803
agglomerative,0.87,3545,999,0.6738262687701958,0.05175364017486572
agglomerative,0.87,3600,999,0.6842805550275614,0.04959744215011597
agglomerative,0.87,3655,999,0.6947348412849268,0.04747647047042847
agglomerative,0.87,3711,999,0.7053792054742445,0.04547703266143799
agglomerative,0.87,3766,999,0.7158334917316099,0.04345548152923584
agglomerative,0.87,3821,999,0.7262877779889755,0.041604816913604736
agglomerative,0.87,3877,999,0.7369321421782931,0.03983575105667114
agglomerative,0.87,3932,999,0.7473864284356586,0.03797811269760132
agglomerative,0.87,3988,999,0.7580307926249762,0.0363537073135376
agglomerative,0.87,4043,999,0.7684850788823417,0.03449869155883789
agglomerative,0.87,4098,999,0.7789393651397073,0.03274482488632202
agglomerative,0.87,4154,999,0.7895837293290249,0.031235694885253906
agglomerative,0.87,4209,999,0.8000380155863904,0.029815375804901123
agglomerative,0.87,4264,999,0.810492301843756,0.028199493885040283
agglomerative,0.87,4320,999,0.8211366660330736,0.02673816680908203
agglomerative,0.87,4375,999,0.8315909522904391,0.025334656238555908
agglomerative,0.87,4430,999,0.8420452385478046,0.02358424663543701
agglomerative,0.87,4486,999,0.8526896027371222,0.022075235843658447
agglomerative,0.87,4541,999,0.8631438889944877,0.02073138952255249
agglomerative,0.87,4597,999,0.8737882531838054,0.019293785095214844
agglomerative,0.87,4652,999,0.8842425394411709,0.017987489700317383
agglomerative,0.87,4707,999,0.8946968256985364,0.016705751419067383
agglomerative,0.87,4763,999,0.9053411898878541,0.015252470970153809
agglomerative,0.87,4818,999,0.9157954761452195,0.013816297054290771
agglomerative,0.87,4873,999,0.926249762402585,0.012337863445281982
agglomerative,0.87,4929,999,0.9368941265919026,0.010680198669433594
agglomerative,0.87,4984,999,0.9473484128492682,0.009021759033203125
agglomerative,0.87,5040,999,0.9579927770385859,0.00724184513092041
agglomerative,0.87,5095,999,0.9684470632959513,0.005234420299530029
agglomerative,0.87,5150,999,0.9789013495533169,0.002948939800262451
agglomerative,0.87,5206,999,0.9895457137426344,0.000409543514251709
agglomerative,0.87,5261,999,1.0,0.0
agglomerative,0.88,1,999,0.00019007793195210037,0.9986796379089355
agglomerative,0.88,56,999,0.01064436418931762,0.9230987429618835
agglomerative,0.88,112,999,0.02128872837863524,0.8869342803955078
agglomerative,0.88,167,999,0.03174301463600076,0.8629948496818542
agglomerative,0.88,222,999,0.04219730089336628,0.8566807508468628
agglomerative,0.88,278,999,0.0528416650826839,0.8372089266777039
agglomerative,0.88,333,999,0.06329595134004942,0.820678174495697
agglomerative,0.88,389,999,0.07394031552936704,0.8030169606208801
agglomerative,0.88,444,999,0.08439460178673255,0.7898355722427368
agglomerative,0.88,499,999,0.09484888804409808,0.7837339639663696
agglomerative,0.88,555,999,0.1054932522334157,0.7749508619308472
agglomerative,0.88,610,999,0.11594753849078122,0.7694565653800964
agglomerative,0.88,665,999,0.12640182474814673,0.7614871859550476
agglomerative,0.88,721,999,0.13704618893746437,0.7517815828323364
agglomerative,0.88,776,999,0.14750047519482987,0.7377634048461914
agglomerative,0.88,832,999,0.1581448393841475,0.7288708090782166
agglomerative,0.88,887,999,0.16859912564151303,0.7202628254890442
agglomerative,0.88,942,999,0.17905341189887855,0.7114242911338806
agglomerative,0.88,998,999,0.18969777608819616,0.7017476558685303
agglomerative,0.88,1053,999,0.20015206234556168,0.6920679807662964
agglomerative,0.88,1108,999,0.2106063486029272,0.6824191808700562
agglomerative,0.88,1164,999,0.2212507127922448,0.6737651228904724
agglomerative,0.88,1219,999,0.23170499904961034,0.666776716709137
agglomerative,0.88,1274,999,0.24215928530697586,0.6575161218643188
agglomerative,0.88,1330,999,0.25280364949629347,0.6441521644592285
agglomerative,0.88,1385,999,0.263257935753659,0.6344634294509888
agglomerative,0.88,1441,999,0.2739022999429766,0.6243246793746948
agglomerative,0.88,1496,999,0.28435658620034215,0.6136487126350403
agglomerative,0.88,1551,999,0.29481087245770765,0.603885293006897
agglomerative,0.88,1607,999,0.3054552366470253,0.5952771306037903
agglomerative,0.88,1662,999,0.3159095229043908,0.5867128372192383
agglomerative,0.88,1717,999,0.32636380916175634,0.5791721343994141
agglomerative,0.88,1773,999,0.3370081733510739,0.569983184337616
agglomerative,0.88,1828,999,0.34746245960843947,0.5606416463851929
agglomerative,0.88,1884,999,0.3581068237977571,0.5514844655990601
agglomerative,0.88,1939,999,0.3685611100551226,0.5406203269958496
agglomerative,0.88,1994,999,0.3790153963124881,0.5315670371055603
agglomerative,0.88,2050,999,0.38965976050180573,0.5223039984703064
agglomerative,0.88,2105,999,0.4001140467591713,0.5119717121124268
agglomerative,0.88,2160,999,0.4105683330165368,0.5024048089981079
agglomerative,0.88,2216,999,0.4212126972058544,0.49227386713027954
agglomerative,0.88,2271,999,0.4316669834632199,0.48234933614730835
agglomerative,0.88,2326,999,0.44212126972058546,0.4732837677001953
agglomerative,0.88,2382,999,0.45276563390990304,0.4617682695388794
agglomerative,0.88,2437,999,0.4632199201672686,0.4512116312980652
agglomerative,0.88,2493,999,0.4738642843565862,0.44172239303588867
agglomerative,0.88,2548,999,0.4843185706139517,0.4280906915664673
agglomerative,0.88,2603,999,0.4947728568713172,0.41565245389938354
agglomerative,0.88,2659,999,0.5054172210606349,0.4042373299598694
agglomerative,0.88,2714,999,0.5158715073180004,0.39223676919937134
agglomerative,0.88,2769,999,0.5263257935753659,0.38063424825668335
agglomerative,0.88,2825,999,0.5369701577646835,0.36835867166519165
agglomerative,0.88,2880,999,0.547424444022049,0.35515516996383667
agglomerative,0.88,2936,999,0.5580688082113666,0.341907799243927
agglomerative,0.88,2991,999,0.5685230944687322,0.3021391034126282
agglomerative,0.88,3046,999,0.5789773807260977,0.2422657608985901
agglomerative,0.88,3102,999,0.5896217449154153,0.19248223304748535
agglomerative,0.88,3157,999,0.6000760311727809,0.15780925750732422
agglomerative,0.88,3212,999,0.6105303174301464,0.12308484315872192
agglomerative,0.88,3268,999,0.621174681619464,0.10076242685317993
agglomerative,0.88,3323,999,0.6316289678768295,0.07218676805496216
agglomerative,0.88,3378,999,0.642083254134195,0.059159159660339355
agglomerative,0.88,3434,999,0.6527276183235127,0.056573450565338135
agglomerative,0.88,3489,999,0.6631819045808781,0.05419611930847168
agglomerative,0.88,3545,999,0.6738262687701958,0.05179393291473389
agglomerative,0.88,3600,999,0.6842805550275614,0.04967778921127319
agglomerative,0.88,3655,999,0.6947348412849268,0.04754728078842163
agglomerative,0.88,3711,999,0.7053792054742445,0.04530763626098633
agglomerative,0.88,3766,999,0.7158334917316099,0.043308913707733154
agglomerative,0.88,3821,999,0.7262877779889755,0.04161107540130615
agglomerative,0.88,3877,999,0.7369321421782931,0.03964585065841675
agglomerative,0.88,3932,999,0.7473864284356586,0.03797811269760132
agglomerative,0.88,3988,999,0.7580307926249762,0.03635352849960327
agglomerative,0.88,4043,999,0.7684850788823417,0.03449869155883789
agglomerative,0.88,4098,999,0.7789393651397073,0.03274470567703247
agglomerative,0.88,4154,999,0.7895837293290249,0.031235575675964355
agglomerative,0.88,4209,999,0.8000380155863904,0.02981513738632202
agglomerative,0.88,4264,999,0.810492301843756,0.028199195861816406
agglomerative,0.88,4320,999,0.8211366660330736,0.026737749576568604
agglomerative,0.88,4375,999,0.8315909522904391,0.025334835052490234
agglomerative,0.88,4430,999,0.8420452385478046,0.02358412742614746
agglomerative,0.88,4486,999,0.8526896027371222,0.022075414657592773
agglomerative,0.88,4541,999,0.8631438889944877,0.02073150873184204
agglomerative,0.88,4597,999,0.8737882531838054,0.019293665885925293
agglomerative,0.88,4652,999,0.8842425394411709,0.01798725128173828
agglomerative,0.88,4707,999,0.8946968256985364,0.016705691814422607
agglomerative,0.88,4763,999,0.9053411898878541,0.015252530574798584
agglomerative,0.88,4818,999,0.9157954761452195,0.013816535472869873
agglomerative,0.88,4873,999,0.926249762402585,0.012337982654571533
agglomerative,0.88,4929,999,0.9368941265919026,0.010680079460144043
agglomerative,0.88,4984,999,0.9473484128492682,0.009021759033203125
agglomerative,0.88,5040,999,0.9579927770385859,0.007241785526275635
agglomerative,0.88,5095,999,0.9684470632959513,0.0052343010902404785
agglomerative,0.88,5150,999,0.9789013495533169,0.0029491782188415527
agglomerative,0.88,5206,999,0.9895457137426344,0.0004096031188964844
agglomerative,0.88,5261,999,1.0,0.0
agglomerative,0.89,1,999,0.00019007793195210037,0.9987882375717163
agglomerative,0.89,56,999,0.01064436418931762,0.9263401031494141
agglomerative,0.89,112,999,0.02128872837863524,0.8902820348739624
agglomerative,0.89,167,999,0.03174301463600076,0.8697113990783691
agglomerative,0.89,222,999,0.04219730089336628,0.8631014227867126
agglomerative,0.89,278,999,0.0528416650826839,0.8408370018005371
agglomerative,0.89,333,999,0.06329595134004942,0.8220885992050171
agglomerative,0.89,389,999,0.07394031552936704,0.8050469756126404
agglomerative,0.89,444,999,0.08439460178673255,0.7914842367172241
agglomerative,0.89,499,999,0.09484888804409808,0.7845885753631592
agglomerative,0.89,555,999,0.1054932522334157,0.7768352031707764
agglomerative,0.89,610,999,0.11594753849078122,0.772531270980835
agglomerative,0.89,665,999,0.12640182474814673,0.762474775314331
agglomerative,0.89,721,999,0.13704618893746437,0.7559407949447632
agglomerative,0.89,776,999,0.14750047519482987,0.7433665990829468
agglomerative,0.89,832,999,0.1581448393841475,0.732054591178894
agglomerative,0.89,887,999,0.16859912564151303,0.7229824066162109
agglomerative,0.89,942,999,0.17905341189887855,0.7141996622085571
agglomerative,0.89,998,999,0.18969777608819616,0.7068471908569336
agglomerative,0.89,1053,999,0.20015206234556168,0.6980785727500916
agglomerative,0.89,1108,999,0.2106063486029272,0.6883969306945801
agglomerative,0.89,1164,999,0.2212507127922448,0.6773802042007446
agglomerative,0.89,1219,999,0.23170499904961034,0.6702905893325806
agglomerative,0.89,1274,999,0.24215928530697586,0.6620620489120483
agglomerative,0.89,1330,999,0.25280364949629347,0.6540329456329346
agglomerative,0.89,1385,999,0.263257935753659,0.6424634456634521
agglomerative,0.89,1441,999,0.2739022999429766,0.6309653520584106
agglomerative,0.89,1496,999,0.28435658620034215,0.6220189332962036
agglomerative,0.89,1551,999,0.29481087245770765,0.6088905334472656
agglomerative,0.89,1607,999,0.3054552366470253,0.6021168231964111
agglomerative,0.89,1662,999,0.3159095229043908,0.5911651849746704
agglomerative,0.89,1717,999,0.32636380916175634,0.5831035375595093
agglomerative,0.89,1773,999,0.3370081733510739,0.5739942789077759
agglomerative,0.89,1828,999,0.34746245960843947,0.5658707618713379
agglomerative,0.89,1884,999,0.3581068237977571,0.5558886528015137
agglomerative,0.89,1939,999,0.3685611100551226,0.5467109680175781
agglomerative,0.89,1994,999,0.3790153963124881,0.5345931053161621
agglomerative,0.89,2050,999,0.38965976050180573,0.5250295400619507
agglomerative,0.89,2105,999,0.4001140467591713,0.5154956579208374
agglomerative,0.89,2160,999,0.4105683330165368,0.5054920315742493
agglomerative,0.89,2216,999,0.4212126972058544,0.4951363205909729
agglomerative,0.89,2271,999,0.4316669834632199,0.48429441452026367
agglomerative,0.89,2326,999,0.44212126972058546,0.4740724563598633
agglomerative,0.89,2382,999,0.45276563390990304,0.4633733034133911
agglomerative,0.89,2437,999,0.4632199201672686,0.45370185375213623
agglomerative,0.89,2493,999,0.4738642843565862,0.4426186680793762
agglomerative,0.89,2548,999,0.4843185706139517,0.43224865198135376
agglomerative,0.89,2603,999,0.4947728568713172,0.4214226007461548
agglomerative,0.89,2659,999,0.5054172210606349,0.4083271622657776
agglomerative,0.89,2714,999,0.5158715073180004,0.3952139616012573
agglomerative,0.89,2769,999,0.5263257935753659,0.38151848316192627
agglomerative,0.89,2825,999,0.5369701577646835,0.3684247136116028
agglomerative,0.89,2880,999,0.547424444022049,0.3547096848487854
agglomerative,0.89,2936,999,0.5580688082113666,0.34189099073410034
agglomerative,0.89,2991,999,0.5685230944687322,0.32836484909057617
agglomerative,0.89,3046,999,0.5789773807260977,0.3139902949333191
agglomerative,0.89,3102,999,0.5896217449154153,0.2990763783454895
agglomerative,0.89,3157,999,0.6000760311727809,0.25261759757995605
agglomerative,0.89,3212,999,0.6105303174301464,0.19789159297943115
agglomerative,0.89,3268,999,0.621174681619464,0.1536971926689148
agglomerative,0.89,3323,999,0.6316289678768295,0.11969399452209473
agglomerative,0.89,3378,999,0.642083254134195,0.0979301929473877
agglomerative,0.89,3434,999,0.6527276183235127,0.07025682926177979
agglomerative,0.89,3489,999,0.6631819045808781,0.054371416568756104
agglomerative,0.89,3545,999,0.6738262687701958,0.05188858509063721
agglomerative,0.89,3600,999,0.6842805550275614,0.04974395036697388
agglomerative,0.89,3655,999,0.6947348412849268,0.04750901460647583
agglomerative,0.89,3711,999,0.7053792054742445,0.04519200325012207
agglomerative,0.89,3766,999,0.7158334917316099,0.04318767786026001
agglomerative,0.89,3821,999,0.7262877779889755,0.04149961471557617
agglomerative,0.89,3877,999,0.7369321421782931,0.0395851731300354
agglomerative,0.89,3932,999,0.7473864284356586,0.037914812564849854
agglomerative,0.89,3988,999,0.7580307926249762,0.036281049251556396
agglomerative,0.89,4043,999,0.7684850788823417,0.034441590309143066
agglomerative,0.89,4098,999,0.7789393651397073,0.03274470567703247
agglomerative,0.89,4154,999,0.7895837293290249,0.031235873699188232
agglomerative,0.89,4209,999,0.8000380155863904,0.02981555461883545
agglomerative,0.89,4264,999,0.810492301843756,0.02819901704788208
agglomerative,0.89,4320,999,0.8211366660330736,0.02673816680908203
agglomerative,0.89,4375,999,0.8315909522904391,0.02533477544784546
agglomerative,0.89,4430,999,0.8420452385478046,0.023583948612213135
agglomerative,0.89,4486,999,0.8526896027371222,0.022075355052947998
agglomerative,0.89,4541,999,0.8631438889944877,0.020731449127197266
agglomerative,0.89,4597,999,0.8737882531838054,0.019293665885925293
agglomerative,0.89,4652,999,0.8842425394411709,0.017987608909606934
agglomerative,0.89,4707,999,0.8946968256985364,0.016705751419067383
agglomerative,0.89,4763,999,0.9053411898878541,0.015252411365509033
agglomerative,0.89,4818,999,0.9157954761452195,0.013816356658935547
agglomerative,0.89,4873,999,0.926249762402585,0.01233816146850586
agglomerative,0.89,4929,999,0.9368941265919026,0.010680198669433594
agglomerative,0.89,4984,999,0.9473484128492682,0.0090218186378479
agglomerative,0.89,5040,999,0.9579927770385859,0.007241785526275635
agglomerative,0.89,5095,999,0.9684470632959513,0.005234420299530029
agglomerative,0.89,5150,999,0.9789013495533169,0.0029491782188415527
agglomerative,0.89,5206,999,0.9895457137426344,0.00040966272354125977
agglomerative,0.89,5261,999,1.0,0.0
agglomerative,0.9,1,999,0.00019007793195210037,0.9988870620727539
agglomerative,0.9,56,999,0.01064436418931762,0.9283458590507507
agglomerative,0.9,112,999,0.02128872837863524,0.8939188718795776
agglomerative,0.9,167,999,0.03174301463600076,0.876303493976593
agglomerative,0.9,222,999,0.04219730089336628,0.8684520721435547
agglomerative,0.9,278,999,0.0528416650826839,0.8498751521110535
agglomerative,0.9,333,999,0.06329595134004942,0.8314517736434937
agglomerative,0.9,389,999,0.07394031552936704,0.8143728971481323
agglomerative,0.9,444,999,0.08439460178673255,0.8015319108963013
agglomerative,0.9,499,999,0.09484888804409808,0.7958068251609802
agglomerative,0.9,555,999,0.1054932522334157,0.7869756817817688
agglomerative,0.9,610,999,0.11594753849078122,0.7803784012794495
agglomerative,0.9,665,999,0.12640182474814673,0.7733181118965149
agglomerative,0.9,721,999,0.13704618893746437,0.7645593881607056
agglomerative,0.9,776,999,0.14750047519482987,0.757415771484375
agglomerative,0.9,832,999,0.1581448393841475,0.7427749037742615
agglomerative,0.9,887,999,0.16859912564151303,0.7321600914001465
agglomerative,0.9,942,999,0.17905341189887855,0.7231472134590149
agglomerative,0.9,998,999,0.18969777608819616,0.7158381938934326
agglomerative,0.9,1053,999,0.20015206234556168,0.7086619734764099
agglomerative,0.9,1108,999,0.2106063486029272,0.7009259462356567
agglomerative,0.9,1164,999,0.2212507127922448,0.6897865533828735
agglomerative,0.9,1219,999,0.23170499904961034,0.6815041303634644
agglomerative,0.9,1274,999,0.24215928530697586,0.6744545698165894
agglomerative,0.9,1330,999,0.25280364949629347,0.6674003601074219
agglomerative,0.9,1385,999,0.263257935753659,0.659382700920105
agglomerative,0.9,1441,999,0.2739022999429766,0.6478246450424194
agglomerative,0.9,1496,999,0.28435658620034215,0.6362006068229675
agglomerative,0.9,1551,999,0.29481087245770765,0.6281750202178955
agglomerative,0.9,1607,999,0.3054552366470253,0.6148492693901062
agglomerative,0.9,1662,999,0.3159095229043908,0.6067166924476624
agglomerative,0.9,1717,999,0.32636380916175634,0.596272349357605
agglomerative,0.9,1773,999,0.3370081733510739,0.5881166458129883
agglomerative,0.9,1828,999,0.34746245960843947,0.5798089504241943
agglomerative,0.9,1884,999,0.3581068237977571,0.5719620585441589
agglomerative,0.9,1939,999,0.3685611100551226,0.563295841217041
agglomerative,0.9,1994,999,0.3790153963124881,0.5525249242782593
agglomerative,0.9,2050,999,0.38965976050180573,0.5441936254501343
agglomerative,0.9,2105,999,0.4001140467591713,0.5320026874542236
agglomerative,0.9,2160,999,0.4105683330165368,0.5235191583633423
agglomerative,0.9,2216,999,0.4212126972058544,0.5142456889152527
agglomerative,0.9,2271,999,0.4316669834632199,0.502579391002655
agglomerative,0.9,2326,999,0.44212126972058546,0.4921262860298157
agglomerative,0.9,2382,999,0.45276563390990304,0.48144054412841797
agglomerative,0.9,2437,999,0.4632199201672686,0.4707859754562378
agglomerative,0.9,2493,999,0.4738642843565862,0.46006035804748535
agglomerative,0.9,2548,999,0.4843185706139517,0.4499698281288147
agglomerative,0.9,2603,999,0.4947728568713172,0.43821972608566284
agglomerative,0.9,2659,999,0.5054172210606349,0.42794936895370483
agglomerative,0.9,2714,999,0.5158715073180004,0.4166167974472046
agglomerative,0.9,2769,999,0.5263257935753659,0.40310806035995483
agglomerative,0.9,2825,999,0.5369701577646835,0.38996416330337524
agglomerative,0.9,2880,999,0.547424444022049,0.37599873542785645
agglomerative,0.9,2936,999,0.5580688082113666,0.362639844417572
agglomerative,0.9,2991,999,0.5685230944687322,0.3486061692237854
agglomerative,0.9,3046,999,0.5789773807260977,0.3348809480667114
agglomerative,0.9,3102,999,0.5896217449154153,0.32032668590545654
agglomerative,0.9,3157,999,0.6000760311727809,0.3054373860359192
agglomerative,0.9,3212,999,0.6105303174301464,0.2898939251899719
agglomerative,0.9,3268,999,0.621174681619464,0.2729109525680542
agglomerative,0.9,3323,999,0.6316289678768295,0.20361411571502686
agglomerative,0.9,3378,999,0.642083254134195,0.1609358787536621
agglomerative,0.9,3434,999,0.6527276183235127,0.11659425497055054
agglomerative,0.9,3489,999,0.6631819045808781,0.08938491344451904
agglomerative,0.9,3545,999,0.6738262687701958,0.06301242113113403
agglomerative,0.9,3600,999,0.6842805550275614,0.05019104480743408
agglomerative,0.9,3655,999,0.6947348412849268,0.04695636034011841
agglomerative,0.9,3711,999,0.7053792054742445,0.044781267642974854
agglomerative,0.9,3766,999,0.7158334917316099,0.04283308982849121
agglomerative,0.9,3821,999,0.7262877779889755,0.041132569313049316
agglomerative,0.9,3877,999,0.7369321421782931,0.03933370113372803
agglomerative,0.9,3932,999,0.7473864284356586,0.03769636154174805
agglomerative,0.9,3988,999,0.7580307926249762,0.036026597023010254
agglomerative,0.9,4043,999,0.7684850788823417,0.03431570529937744
agglomerative,0.9,4098,999,0.7789393651397073,0.0326155424118042
agglomerative,0.9,4154,999,0.7895837293290249,0.031100332736968994
agglomerative,0.9,4209,999,0.8000380155863904,0.02964121103286743
agglomerative,0.9,4264,999,0.810492301843756,0.028070926666259766
agglomerative,0.9,4320,999,0.8211366660330736,0.02658933401107788
agglomerative,0.9,4375,999,0.8315909522904391,0.02515465021133423
agglomerative,0.9,4430,999,0.8420452385478046,0.023584365844726562
agglomerative,0.9,4486,999,0.8526896027371222,0.022075653076171875
agglomerative,0.9,4541,999,0.8631438889944877,0.020731627941131592
agglomerative,0.9,4597,999,0.8737882531838054,0.019293785095214844
agglomerative,0.9,4652,999,0.8842425394411709,0.017987847328186035
agglomerative,0.9,4707,999,0.8946968256985364,0.01670616865158081
agglomerative,0.9,4763,999,0.9053411898878541,0.015252470970153809
agglomerative,0.9,4818,999,0.9157954761452195,0.013816297054290771
agglomerative,0.9,4873,999,0.926249762402585,0.012337982654571533
agglomerative,0.9,4929,999,0.9368941265919026,0.010680198669433594
agglomerative,0.9,4984,999,0.9473484128492682,0.009021878242492676
agglomerative,0.9,5040,999,0.9579927770385859,0.00724184513092041
agglomerative,0.9,5095,999,0.9684470632959513,0.0052343010902404785
agglomerative,0.9,5150,999,0.9789013495533169,0.0029492974281311035
agglomerative,0.9,5206,999,0.9895457137426344,0.0004096031188964844
agglomerative,0.9,5261,999,1.0,0.0
agglomerative,0.91,1,999,0.00019007793195210037,0.998982846736908
agglomerative,0.91,56,999,0.01064436418931762,0.9288015365600586
agglomerative,0.91,112,999,0.02128872837863524,0.8928050398826599
agglomerative,0.91,167,999,0.03174301463600076,0.8774013519287109
agglomerative,0.91,222,999,0.04219730089336628,0.8692768216133118
agglomerative,0.91,278,999,0.0528416650826839,0.8500673770904541
agglomerative,0.91,333,999,0.06329595134004942,0.8329601287841797
agglomerative,0.91,389,999,0.07394031552936704,0.8207935094833374
agglomerative,0.91,444,999,0.08439460178673255,0.8075013160705566
agglomerative,0.91,499,999,0.09484888804409808,0.8008667230606079
agglomerative,0.91,555,999,0.1054932522334157,0.7928868532180786
agglomerative,0.91,610,999,0.11594753849078122,0.7860459089279175
agglomerative,0.91,665,999,0.12640182474814673,0.7819826602935791
agglomerative,0.91,721,999,0.13704618893746437,0.7751328945159912
agglomerative,0.91,776,999,0.14750047519482987,0.7664309740066528
agglomerative,0.91,832,999,0.1581448393841475,0.7520892024040222
agglomerative,0.91,887,999,0.16859912564151303,0.7419371604919434
agglomerative,0.91,942,999,0.17905341189887855,0.733737587928772
agglomerative,0.91,998,999,0.18969777608819616,0.7254084348678589
agglomerative,0.91,1053,999,0.20015206234556168,0.7192715406417847
agglomerative,0.91,1108,999,0.2106063486029272,0.7130109667778015
agglomerative,0.91,1164,999,0.2212507127922448,0.7033414840698242
agglomerative,0.91,1219,999,0.23170499904961034,0.6945558190345764
agglomerative,0.91,1274,999,0.24215928530697586,0.6867823600769043
agglomerative,0.91,1330,999,0.25280364949629347,0.6799227595329285
agglomerative,0.91,1385,999,0.263257935753659,0.6711995601654053
agglomerative,0.91,1441,999,0.2739022999429766,0.6614545583724976
agglomerative,0.91,1496,999,0.28435658620034215,0.6492012739181519
agglomerative,0.91,1551,999,0.29481087245770765,0.6379052996635437
agglomerative,0.91,1607,999,0.3054552366470253,0.6305501461029053
agglomerative,0.91,1662,999,0.3159095229043908,0.6171867847442627
agglomerative,0.91,1717,999,0.32636380916175634,0.6091855764389038
agglomerative,0.91,1773,999,0.3370081733510739,0.599205493927002
agglomerative,0.91,1828,999,0.34746245960843947,0.5903809070587158
agglomerative,0.91,1884,999,0.3581068237977571,0.58185875415802
agglomerative,0.91,1939,999,0.3685611100551226,0.5744170546531677
agglomerative,0.91,1994,999,0.3790153963124881,0.5650129318237305
agglomerative,0.91,2050,999,0.38965976050180573,0.5556005239486694
agglomerative,0.91,2105,999,0.4001140467591713,0.5464768409729004
agglomerative,0.91,2160,999,0.4105683330165368,0.5345866680145264
agglomerative,0.91,2216,999,0.4212126972058544,0.5255213975906372
agglomerative,0.91,2271,999,0.4316669834632199,0.5166299343109131
agglomerative,0.91,2326,999,0.44212126972058546,0.5064576864242554
agglomerative,0.91,2382,999,0.45276563390990304,0.4955224394798279
agglomerative,0.91,2437,999,0.4632199201672686,0.48364585638046265
agglomerative,0.91,2493,999,0.4738642843565862,0.473310649394989
agglomerative,0.91,2548,999,0.4843185706139517,0.461788535118103
agglomerative,0.91,2603,999,0.4947728568713172,0.45139503479003906
agglomerative,0.91,2659,999,0.5054172210606349,0.4405498504638672
agglomerative,0.91,2714,999,0.5158715073180004,0.42814087867736816
agglomerative,0.91,2769,999,0.5263257935753659,0.4174332618713379
agglomerative,0.91,2825,999,0.5369701577646835,0.4052067995071411
agglomerative,0.91,2880,999,0.547424444022049,0.3914976119995117
agglomerative,0.91,2936,999,0.5580688082113666,0.3770904541015625
agglomerative,0.91,2991,999,0.5685230944687322,0.36223065853118896
agglomerative,0.91,3046,999,0.5789773807260977,0.3482092022895813
agglomerative,0.91,3102,999,0.5896217449154153,0.3333977460861206
agglomerative,0.91,3157,999,0.6000760311727809,0.31867504119873047
agglomerative,0.91,3212,999,0.6105303174301464,0.3033090829849243
agglomerative,0.91,3268,999,0.621174681619464,0.2874416708946228
agglomerative,0.91,3323,999,0.6316289678768295,0.270685076713562
agglomerative,0.91,3378,999,0.642083254134195,0.2526634931564331
agglomerative,0.91,3434,999,0.6527276183235127,0.21341407299041748
agglomerative,0.91,3489,999,0.6631819045808781,0.16455447673797607
agglomerative,0.91,3545,999,0.6738262687701958,0.11211711168289185
agglomerative,0.91,3600,999,0.6842805550275614,0.08668637275695801
agglomerative,0.91,3655,999,0.6947348412849268,0.057610392570495605
agglomerative,0.91,3711,999,0.7053792054742445,0.04494047164916992
agglomerative,0.91,3766,999,0.7158334917316099,0.04286301136016846
agglomerative,0.91,3821,999,0.7262877779889755,0.04103362560272217
agglomerative,0.91,3877,999,0.7369321421782931,0.039183199405670166
agglomerative,0.91,3932,999,0.7473864284356586,0.03760218620300293
agglomerative,0.91,3988,999,0.7580307926249762,0.03598463535308838
agglomerative,0.91,4043,999,0.7684850788823417,0.034270644187927246
agglomerative,0.91,4098,999,0.7789393651397073,0.03257864713668823
agglomerative,0.91,4154,999,0.7895837293290249,0.031046807765960693
agglomerative,0.91,4209,999,0.8000380155863904,0.029582440853118896
agglomerative,0.91,4264,999,0.810492301843756,0.028071463108062744
agglomerative,0.91,4320,999,0.8211366660330736,0.026589572429656982
agglomerative,0.91,4375,999,0.8315909522904391,0.025154531002044678
agglomerative,0.91,4430,999,0.8420452385478046,0.02358412742614746
agglomerative,0.91,4486,999,0.8526896027371222,0.022075355052947998
agglomerative,0.91,4541,999,0.8631438889944877,0.02073150873184204
agglomerative,0.91,4597,999,0.8737882531838054,0.01929372549057007
agglomerative,0.91,4652,999,0.8842425394411709,0.01798790693283081
agglomerative,0.91,4707,999,0.8946968256985364,0.01670616865158081
agglomerative,0.91,4763,999,0.9053411898878541,0.015252530574798584
agglomerative,0.91,4818,999,0.9157954761452195,0.013815999031066895
agglomerative,0.91,4873,999,0.926249762402585,0.012337863445281982
agglomerative,0.91,4929,999,0.9368941265919026,0.010680317878723145
agglomerative,0.91,4984,999,0.9473484128492682,0.009021759033203125
agglomerative,0.91,5040,999,0.9579927770385859,0.007241785526275635
agglomerative,0.91,5095,999,0.9684470632959513,0.005234420299530029
agglomerative,0.91,5150,999,0.9789013495533169,0.0029491186141967773
agglomerative,0.91,5206,999,0.9895457137426344,0.000409543514251709
agglomerative,0.91,5261,999,1.0,0.0
agglomerative,0.92,1,999,0.00019007793195210037,0.9990860819816589
agglomerative,0.92,56,999,0.01064436418931762,0.9367549419403076
agglomerative,0.92,112,999,0.02128872837863524,0.9033899307250977
agglomerative,0.92,167,999,0.03174301463600076,0.8902359008789062
agglomerative,0.92,222,999,0.04219730089336628,0.882365345954895
agglomerative,0.92,278,999,0.0528416650826839,0.8648427128791809
agglomerative,0.92,333,999,0.06329595134004942,0.8513538837432861
agglomerative,0.92,389,999,0.07394031552936704,0.8404185771942139
agglomerative,0.92,444,999,0.08439460178673255,0.8258659839630127
agglomerative,0.92,499,999,0.09484888804409808,0.8173841834068298
agglomerative,0.92,555,999,0.1054932522334157,0.8096174001693726
agglomerative,0.92,610,999,0.11594753849078122,0.803542971611023
agglomerative,0.92,665,999,0.12640182474814673,0.8001307249069214
agglomerative,0.92,721,999,0.13704618893746437,0.7937807440757751
agglomerative,0.92,776,999,0.14750047519482987,0.7867858409881592
agglomerative,0.92,832,999,0.1581448393841475,0.7787880301475525
agglomerative,0.92,887,999,0.16859912564151303,0.7662158012390137
agglomerative,0.92,942,999,0.17905341189887855,0.7574260830879211
agglomerative,0.92,998,999,0.18969777608819616,0.74824059009552
agglomerative,0.92,1053,999,0.20015206234556168,0.7438627481460571
agglomerative,0.92,1108,999,0.2106063486029272,0.7370424270629883
agglomerative,0.92,1164,999,0.2212507127922448,0.7292203903198242
agglomerative,0.92,1219,999,0.23170499904961034,0.7207839488983154
agglomerative,0.92,1274,999,0.24215928530697586,0.7134166955947876
agglomerative,0.92,1330,999,0.25280364949629347,0.705172061920166
agglomerative,0.92,1385,999,0.263257935753659,0.6965764760971069
agglomerative,0.92,1441,999,0.2739022999429766,0.6892305612564087
agglomerative,0.92,1496,999,0.28435658620034215,0.6795763969421387
agglomerative,0.92,1551,999,0.29481087245770765,0.6679661870002747
agglomerative,0.92,1607,999,0.3054552366470253,0.6567010879516602
agglomerative,0.92,1662,999,0.3159095229043908,0.6498990058898926
agglomerative,0.92,1717,999,0.32636380916175634,0.6367592215538025
agglomerative,0.92,1773,999,0.3370081733510739,0.6287498474121094
agglomerative,0.92,1828,999,0.34746245960843947,0.6185005903244019
agglomerative,0.92,1884,999,0.3581068237977571,0.6097745895385742
agglomerative,0.92,1939,999,0.3685611100551226,0.6026219725608826
agglomerative,0.92,1994,999,0.3790153963124881,0.5953220129013062
agglomerative,0.92,2050,999,0.38965976050180573,0.5858888030052185
agglomerative,0.92,2105,999,0.4001140467591713,0.5778995752334595
agglomerative,0.92,2160,999,0.4105683330165368,0.569118857383728
agglomerative,0.92,2216,999,0.4212126972058544,0.5601389408111572
agglomerative,0.92,2271,999,0.4316669834632199,0.5480640530586243
agglomerative,0.92,2326,999,0.44212126972058546,0.5405847430229187
agglomerative,0.92,2382,999,0.45276563390990304,0.5307101011276245
agglomerative,0.92,2437,999,0.4632199201672686,0.5185627937316895
agglomerative,0.92,2493,999,0.4738642843565862,0.5075151324272156
agglomerative,0.92,2548,999,0.4843185706139517,0.4964980483055115
agglomerative,0.92,2603,999,0.4947728568713172,0.4858173131942749
agglomerative,0.92,2659,999,0.5054172210606349,0.47460639476776123
agglomerative,0.92,2714,999,0.5158715073180004,0.46438878774642944
agglomerative,0.92,2769,999,0.5263257935753659,0.4542638063430786
agglomerative,0.92,2825,999,0.5369701577646835,0.4413225054740906
agglomerative,0.92,2880,999,0.547424444022049,0.4298732876777649
agglomerative,0.92,2936,999,0.5580688082113666,0.41778564453125
agglomerative,0.92,2991,999,0.5685230944687322,0.4040868878364563
agglomerative,0.92,3046,999,0.5789773807260977,0.388943076133728
agglomerative,0.92,3102,999,0.5896217449154153,0.3737639784812927
agglomerative,0.92,3157,999,0.6000760311727809,0.3597148060798645
agglomerative,0.92,3212,999,0.6105303174301464,0.34458374977111816
agglomerative,0.92,3268,999,0.621174681619464,0.32948917150497437
agglomerative,0.92,3323,999,0.6316289678768295,0.3134874701499939
agglomerative,0.92,3378,999,0.642083254134195,0.2967315912246704
agglomerative,0.92,3434,999,0.6527276183235127,0.27887028455734253
agglomerative,0.92,3489,999,0.6631819045808781,0.2604382038116455
agglomerative,0.92,3545,999,0.6738262687701958,0.23359692096710205
agglomerative,0.92,3600,999,0.6842805550275614,0.17322272062301636
agglomerative,0.92,3655,999,0.6947348412849268,0.12188398838043213
agglomerative,0.92,3711,999,0.7053792054742445,0.08969223499298096
agglomerative,0.92,3766,999,0.7158334917316099,0.05653369426727295
agglomerative,0.92,3821,999,0.7262877779889755,0.04113757610321045
agglomerative,0.92,3877,999,0.7369321421782931,0.03910541534423828
agglomerative,0.92,3932,999,0.7473864284356586,0.0373307466506958
agglomerative,0.92,3988,999,0.7580307926249762,0.035743892192840576
agglomerative,0.92,4043,999,0.7684850788823417,0.03403240442276001
agglomerative,0.92,4098,999,0.7789393651397073,0.03240704536437988
agglomerative,0.92,4154,999,0.7895837293290249,0.030905723571777344
agglomerative,0.92,4209,999,0.8000380155863904,0.029506444931030273
agglomerative,0.92,4264,999,0.810492301843756,0.028017818927764893
agglomerative,0.92,4320,999,0.8211366660330736,0.026553094387054443
agglomerative,0.92,4375,999,0.8315909522904391,0.025103986263275146
agglomerative,0.92,4430,999,0.8420452385478046,0.023583948612213135
agglomerative,0.92,4486,999,0.8526896027371222,0.022075355052947998
agglomerative,0.92,4541,999,0.8631438889944877,0.020731329917907715
agglomerative,0.92,4597,999,0.8737882531838054,0.019293665885925293
agglomerative,0.92,4652,999,0.8842425394411709,0.01798790693283081
agglomerative,0.92,4707,999,0.8946968256985364,0.016705989837646484
agglomerative,0.92,4763,999,0.9053411898878541,0.01525270938873291
agglomerative,0.92,4818,999,0.9157954761452195,0.013816297054290771
agglomerative,0.92,4873,999,0.926249762402585,0.01233828067779541
agglomerative,0.92,4929,999,0.9368941265919026,0.010680198669433594
agglomerative,0.92,4984,999,0.9473484128492682,0.009021759033203125
agglomerative,0.92,5040,999,0.9579927770385859,0.00724184513092041
agglomerative,0.92,5095,999,0.9684470632959513,0.0052343010902404785
agglomerative,0.92,5150,999,0.9789013495533169,0.0029491782188415527
agglomerative,0.92,5206,999,0.9895457137426344,0.000409543514251709
agglomerative,0.92,5261,999,1.0,0.0
agglomerative,0.93,1,999,0.00019007793195210037,0.9991907477378845
agglomerative,0.93,56,999,0.01064436418931762,0.9406738877296448
agglomerative,0.93,112,999,0.02128872837863524,0.9110035300254822
agglomerative,0.93,167,999,0.03174301463600076,0.8992154598236084
agglomerative,0.93,222,999,0.04219730089336628,0.890701949596405
agglomerative,0.93,278,999,0.0528416650826839,0.8750147223472595
agglomerative,0.93,333,999,0.06329595134004942,0.8611400723457336
agglomerative,0.93,389,999,0.07394031552936704,0.8534482717514038
agglomerative,0.93,444,999,0.08439460178673255,0.8422605991363525
agglomerative,0.93,499,999,0.09484888804409808,0.8337998390197754
agglomerative,0.93,555,999,0.1054932522334157,0.8287085890769958
agglomerative,0.93,610,999,0.11594753849078122,0.8222848176956177
agglomerative,0.93,665,999,0.12640182474814673,0.817038357257843
agglomerative,0.93,721,999,0.13704618893746437,0.8120315074920654
agglomerative,0.93,776,999,0.14750047519482987,0.8053968548774719
agglomerative,0.93,832,999,0.1581448393841475,0.7963066101074219
agglomerative,0.93,887,999,0.16859912564151303,0.7836326360702515
agglomerative,0.93,942,999,0.17905341189887855,0.7755294442176819
agglomerative,0.93,998,999,0.18969777608819616,0.7681801319122314
agglomerative,0.93,1053,999,0.20015206234556168,0.7605396509170532
agglomerative,0.93,1108,999,0.2106063486029272,0.7554528713226318
agglomerative,0.93,1164,999,0.2212507127922448,0.7497665882110596
agglomerative,0.93,1219,999,0.23170499904961034,0.7406613230705261
agglomerative,0.93,1274,999,0.24215928530697586,0.7323424816131592
agglomerative,0.93,1330,999,0.25280364949629347,0.7252379059791565
agglomerative,0.93,1385,999,0.263257935753659,0.7189863920211792
agglomerative,0.93,1441,999,0.2739022999429766,0.7110670804977417
agglomerative,0.93,1496,999,0.28435658620034215,0.7046325206756592
agglomerative,0.93,1551,999,0.29481087245770765,0.6938062906265259
agglomerative,0.93,1607,999,0.3054552366470253,0.6850731372833252
agglomerative,0.93,1662,999,0.3159095229043908,0.6746355295181274
agglomerative,0.93,1717,999,0.32636380916175634,0.6683427095413208
agglomerative,0.93,1773,999,0.3370081733510739,0.6556766033172607
agglomerative,0.93,1828,999,0.34746245960843947,0.6478563547134399
agglomerative,0.93,1884,999,0.3581068237977571,0.6387748122215271
agglomerative,0.93,1939,999,0.3685611100551226,0.6302571892738342
agglomerative,0.93,1994,999,0.3790153963124881,0.6236820220947266
agglomerative,0.93,2050,999,0.38965976050180573,0.6164482235908508
agglomerative,0.93,2105,999,0.4001140467591713,0.6072373390197754
agglomerative,0.93,2160,999,0.4105683330165368,0.6001032590866089
agglomerative,0.93,2216,999,0.4212126972058544,0.5910398960113525
agglomerative,0.93,2271,999,0.4316669834632199,0.5814684629440308
agglomerative,0.93,2326,999,0.44212126972058546,0.5714948773384094
agglomerative,0.93,2382,999,0.45276563390990304,0.5627422332763672
agglomerative,0.93,2437,999,0.4632199201672686,0.5538860559463501
agglomerative,0.93,2493,999,0.4738642843565862,0.5434021949768066
agglomerative,0.93,2548,999,0.4843185706139517,0.5316636562347412
agglomerative,0.93,2603,999,0.4947728568713172,0.5204559564590454
agglomerative,0.93,2659,999,0.5054172210606349,0.5100226402282715
agglomerative,0.93,2714,999,0.5158715073180004,0.4991035461425781
agglomerative,0.93,2769,999,0.5263257935753659,0.4882747530937195
agglomerative,0.93,2825,999,0.5369701577646835,0.4776686429977417
agglomerative,0.93,2880,999,0.547424444022049,0.4658622741699219
agglomerative,0.93,2936,999,0.5580688082113666,0.45402491092681885
agglomerative,0.93,2991,999,0.5685230944687322,0.4417871832847595
agglomerative,0.93,3046,999,0.5789773807260977,0.43006718158721924
agglomerative,0.93,3102,999,0.5896217449154153,0.41483229398727417
agglomerative,0.93,3157,999,0.6000760311727809,0.4009990692138672
agglomerative,0.93,3212,999,0.6105303174301464,0.38600975275039673
agglomerative,0.93,3268,999,0.621174681619464,0.37120509147644043
agglomerative,0.93,3323,999,0.6316289678768295,0.35598742961883545
agglomerative,0.93,3378,999,0.642083254134195,0.3405787944793701
agglomerative,0.93,3434,999,0.6527276183235127,0.3241127133369446
agglomerative,0.93,3489,999,0.6631819045808781,0.306587278842926
agglomerative,0.93,3545,999,0.6738262687701958,0.2883763909339905
agglomerative,0.93,3600,999,0.6842805550275614,0.2689908742904663
agglomerative,0.93,3655,999,0.6947348412849268,0.24800056219100952
agglomerative,0.93,3711,999,0.7053792054742445,0.19270175695419312
agglomerative,0.93,3766,999,0.7158334917316099,0.13992881774902344
agglomerative,0.93,3821,999,0.7262877779889755,0.09379041194915771
agglomerative,0.93,3877,999,0.7369321421782931,0.06006509065628052
agglomerative,0.93,3932,999,0.7473864284356586,0.0374598503112793
agglomerative,0.93,3988,999,0.7580307926249762,0.035607874393463135
agglomerative,0.93,4043,999,0.7684850788823417,0.03389376401901245
agglomerative,0.93,4098,999,0.7789393651397073,0.032333970069885254
agglomerative,0.93,4154,999,0.7895837293290249,0.030827462673187256
agglomerative,0.93,4209,999,0.8000380155863904,0.02938854694366455
agglomerative,0.93,4264,999,0.810492301843756,0.027955234050750732
agglomerative,0.93,4320,999,0.8211366660330736,0.026552975177764893
agglomerative,0.93,4375,999,0.8315909522904391,0.0251045823097229
agglomerative,0.93,4430,999,0.8420452385478046,0.02358478307723999
agglomerative,0.93,4486,999,0.8526896027371222,0.022075533866882324
agglomerative,0.93,4541,999,0.8631438889944877,0.02073138952255249
agglomerative,0.93,4597,999,0.8737882531838054,0.01929372549057007
agglomerative,0.93,4652,999,0.8842425394411709,0.01798766851425171
agglomerative,0.93,4707,999,0.8946968256985364,0.016705989837646484
agglomerative,0.93,4763,999,0.9053411898878541,0.015252470970153809
agglomerative,0.93,4818,999,0.9157954761452195,0.013816356658935547
agglomerative,0.93,4873,999,0.926249762402585,0.012338399887084961
agglomerative,0.93,4929,999,0.9368941265919026,0.010680198669433594
agglomerative,0.93,4984,999,0.9473484128492682,0.009021639823913574
agglomerative,0.93,5040,999,0.9579927770385859,0.007241666316986084
agglomerative,0.93,5095,999,0.9684470632959513,0.005234420299530029
agglomerative,0.93,5150,999,0.9789013495533169,0.0029491782188415527
agglomerative,0.93,5206,999,0.9895457137426344,0.0004096031188964844
agglomerative,0.93,5261,999,1.0,0.0
agglomerative,0.9400000000000001,1,999,0.00019007793195210037,0.999301016330719
agglomerative,0.9400000000000001,56,999,0.01064436418931762,0.9479188323020935
agglomerative,0.9400000000000001,112,999,0.02128872837863524,0.9203543663024902
agglomerative,0.9400000000000001,167,999,0.03174301463600076,0.9102473855018616
agglomerative,0.9400000000000001,222,999,0.04219730089336628,0.9035091400146484
agglomerative,0.9400000000000001,278,999,0.0528416650826839,0.891818106174469
agglomerative,0.9400000000000001,333,999,0.06329595134004942,0.8792276382446289
agglomerative,0.9400000000000001,389,999,0.07394031552936704,0.8721110820770264
agglomerative,0.9400000000000001,444,999,0.08439460178673255,0.8652575016021729
agglomerative,0.9400000000000001,499,999,0.09484888804409808,0.852773904800415
agglomerative,0.9400000000000001,555,999,0.1054932522334157,0.8471051454544067
agglomerative,0.9400000000000001,610,999,0.11594753849078122,0.8411023020744324
agglomerative,0.9400000000000001,665,999,0.12640182474814673,0.8354285359382629
agglomerative,0.9400000000000001,721,999,0.13704618893746437,0.8307209610939026
agglomerative,0.9400000000000001,776,999,0.14750047519482987,0.8253961205482483
agglomerative,0.9400000000000001,832,999,0.1581448393841475,0.8170528411865234
agglomerative,0.9400000000000001,887,999,0.16859912564151303,0.8113173246383667
agglomerative,0.9400000000000001,942,999,0.17905341189887855,0.8027465343475342
agglomerative,0.9400000000000001,998,999,0.18969777608819616,0.7952899932861328
agglomerative,0.9400000000000001,1053,999,0.20015206234556168,0.7873877286911011
agglomerative,0.9400000000000001,1108,999,0.2106063486029272,0.7826904654502869
agglomerative,0.9400000000000001,1164,999,0.2212507127922448,0.7775697112083435
agglomerative,0.9400000000000001,1219,999,0.23170499904961034,0.7706045508384705
agglomerative,0.9400000000000001,1274,999,0.24215928530697586,0.7636170983314514
agglomerative,0.9400000000000001,1330,999,0.25280364949629347,0.7556385397911072
agglomerative,0.9400000000000001,1385,999,0.263257935753659,0.7492561340332031
agglomerative,0.9400000000000001,1441,999,0.2739022999429766,0.7428231835365295
agglomerative,0.9400000000000001,1496,999,0.28435658620034215,0.7368673086166382
agglomerative,0.9400000000000001,1551,999,0.29481087245770765,0.7310405969619751
agglomerative,0.9400000000000001,1607,999,0.3054552366470253,0.7206165194511414
agglomerative,0.9400000000000001,1662,999,0.3159095229043908,0.7127518653869629
agglomerative,0.9400000000000001,1717,999,0.32636380916175634,0.7032629251480103
agglomerative,0.9400000000000001,1773,999,0.3370081733510739,0.6971397399902344
agglomerative,0.9400000000000001,1828,999,0.34746245960843947,0.6830658912658691
agglomerative,0.9400000000000001,1884,999,0.3581068237977571,0.6749393939971924
agglomerative,0.9400000000000001,1939,999,0.3685611100551226,0.6665048599243164
agglomerative,0.9400000000000001,1994,999,0.3790153963124881,0.6588936448097229
agglomerative,0.9400000000000001,2050,999,0.38965976050180573,0.65240478515625
agglomerative,0.9400000000000001,2105,999,0.4001140467591713,0.6459837555885315
agglomerative,0.9400000000000001,2160,999,0.4105683330165368,0.6377160549163818
agglomerative,0.9400000000000001,2216,999,0.4212126972058544,0.6288394927978516
agglomerative,0.9400000000000001,2271,999,0.4316669834632199,0.6210442781448364
agglomerative,0.9400000000000001,2326,999,0.44212126972058546,0.6122029423713684
agglomerative,0.9400000000000001,2382,999,0.45276563390990304,0.6043316721916199
agglomerative,0.9400000000000001,2437,999,0.4632199201672686,0.5933394432067871
agglomerative,0.9400000000000001,2493,999,0.4738642843565862,0.5860339999198914
agglomerative,0.9400000000000001,2548,999,0.4843185706139517,0.5781182050704956
agglomerative,0.9400000000000001,2603,999,0.4947728568713172,0.5694032907485962
agglomerative,0.9400000000000001,2659,999,0.5054172210606349,0.5577253103256226
agglomerative,0.9400000000000001,2714,999,0.5158715073180004,0.5454279184341431
agglomerative,0.9400000000000001,2769,999,0.5263257935753659,0.5356441736221313
agglomerative,0.9400000000000001,2825,999,0.5369701577646835,0.5244971513748169
agglomerative,0.9400000000000001,2880,999,0.547424444022049,0.514126181602478
agglomerative,0.9400000000000001,2936,999,0.5580688082113666,0.5035032033920288
agglomerative,0.9400000000000001,2991,999,0.5685230944687322,0.49157214164733887
agglomerative,0.9400000000000001,3046,999,0.5789773807260977,0.47877782583236694
agglomerative,0.9400000000000001,3102,999,0.5896217449154153,0.46351486444473267
agglomerative,0.9400000000000001,3157,999,0.6000760311727809,0.45163512229919434
agglomerative,0.9400000000000001,3212,999,0.6105303174301464,0.4377164840698242
agglomerative,0.9400000000000001,3268,999,0.621174681619464,0.4238971471786499
agglomerative,0.9400000000000001,3323,999,0.6316289678768295,0.40738141536712646
agglomerative,0.9400000000000001,3378,999,0.642083254134195,0.3924696445465088
agglomerative,0.9400000000000001,3434,999,0.6527276183235127,0.3771166205406189
agglomerative,0.9400000000000001,3489,999,0.6631819045808781,0.36126309633255005
agglomerative,0.9400000000000001,3545,999,0.6738262687701958,0.3442699909210205
agglomerative,0.9400000000000001,3600,999,0.6842805550275614,0.3266764283180237
agglomerative,0.9400000000000001,3655,999,0.6947348412849268,0.3081122040748596
agglomerative,0.9400000000000001,3711,999,0.7053792054742445,0.28812694549560547
agglomerative,0.9400000000000001,3766,999,0.7158334917316099,0.26733630895614624
agglomerative,0.9400000000000001,3821,999,0.7262877779889755,0.2446662187576294
agglomerative,0.9400000000000001,3877,999,0.7369321421782931,0.18114280700683594
agglomerative,0.9400000000000001,3932,999,0.7473864284356586,0.12559181451797485
agglomerative,0.9400000000000001,3988,999,0.7580307926249762,0.0838516354560852
agglomerative,0.9400000000000001,4043,999,0.7684850788823417,0.04812747240066528
agglomerative,0.9400000000000001,4098,999,0.7789393651397073,0.03259718418121338
agglomerative,0.9400000000000001,4154,999,0.7895837293290249,0.030469954013824463
agglomerative,0.9400000000000001,4209,999,0.8000380155863904,0.029015004634857178
agglomerative,0.9400000000000001,4264,999,0.810492301843756,0.027639150619506836
agglomerative,0.9400000000000001,4320,999,0.8211366660330736,0.026248931884765625
agglomerative,0.9400000000000001,4375,999,0.8315909522904391,0.024966418743133545
agglomerative,0.9400000000000001,4430,999,0.8420452385478046,0.023507893085479736
agglomerative,0.9400000000000001,4486,999,0.8526896027371222,0.021994590759277344
agglomerative,0.9400000000000001,4541,999,0.8631438889944877,0.020731210708618164
agglomerative,0.9400000000000001,4597,999,0.8737882531838054,0.019293904304504395
agglomerative,0.9400000000000001,4652,999,0.8842425394411709,0.01798766851425171
agglomerative,0.9400000000000001,4707,999,0.8946968256985364,0.01670616865158081
agglomerative,0.9400000000000001,4763,999,0.9053411898878541,0.01525270938873291
agglomerative,0.9400000000000001,4818,999,0.9157954761452195,0.013816356658935547
agglomerative,0.9400000000000001,4873,999,0.926249762402585,0.01233828067779541
agglomerative,0.9400000000000001,4929,999,0.9368941265919026,0.010680198669433594
agglomerative,0.9400000000000001,4984,999,0.9473484128492682,0.009021759033203125
agglomerative,0.9400000000000001,5040,999,0.9579927770385859,0.007241785526275635
agglomerative,0.9400000000000001,5095,999,0.9684470632959513,0.0052343010902404785
agglomerative,0.9400000000000001,5150,999,0.9789013495533169,0.0029491186141967773
agglomerative,0.9400000000000001,5206,999,0.9895457137426344,0.000409543514251709
agglomerative,0.9400000000000001,5261,999,1.0,0.0
agglomerative,0.95,1,999,0.00019007793195210037,0.9994297027587891
agglomerative,0.95,56,999,0.01064436418931762,0.9549110531806946
agglomerative,0.95,112,999,0.02128872837863524,0.9299876093864441
agglomerative,0.95,167,999,0.03174301463600076,0.9236077666282654
agglomerative,0.95,222,999,0.04219730089336628,0.9150640368461609
agglomerative,0.95,278,999,0.0528416650826839,0.9109675288200378
agglomerative,0.95,333,999,0.06329595134004942,0.8962432146072388
agglomerative,0.95,389,999,0.07394031552936704,0.8899528980255127
agglomerative,0.95,444,999,0.08439460178673255,0.8853697776794434
agglomerative,0.95,499,999,0.09484888804409808,0.8745894432067871
agglomerative,0.95,555,999,0.1054932522334157,0.8676106929779053
agglomerative,0.95,610,999,0.11594753849078122,0.8614280819892883
agglomerative,0.95,665,999,0.12640182474814673,0.8569573163986206
agglomerative,0.95,721,999,0.13704618893746437,0.8541931509971619
agglomerative,0.95,776,999,0.14750047519482987,0.8488928079605103
agglomerative,0.95,832,999,0.1581448393841475,0.8436543345451355
agglomerative,0.95,887,999,0.16859912564151303,0.8370087146759033
agglomerative,0.95,942,999,0.17905341189887855,0.8303953409194946
agglomerative,0.95,998,999,0.18969777608819616,0.8242372274398804
agglomerative,0.95,1053,999,0.20015206234556168,0.8188039064407349
agglomerative,0.95,1108,999,0.2106063486029272,0.812356173992157
agglomerative,0.95,1164,999,0.2212507127922448,0.8071286678314209
agglomerative,0.95,1219,999,0.23170499904961034,0.8004981279373169
agglomerative,0.95,1274,999,0.24215928530697586,0.7946370244026184
agglomerative,0.95,1330,999,0.25280364949629347,0.7887065410614014
agglomerative,0.95,1385,999,0.263257935753659,0.7810106873512268
agglomerative,0.95,1441,999,0.2739022999429766,0.7748917937278748
agglomerative,0.95,1496,999,0.28435658620034215,0.7691296339035034
agglomerative,0.95,1551,999,0.29481087245770765,0.7634912133216858
agglomerative,0.95,1607,999,0.3054552366470253,0.758747398853302
agglomerative,0.95,1662,999,0.3159095229043908,0.7499187588691711
agglomerative,0.95,1717,999,0.32636380916175634,0.7439976930618286
agglomerative,0.95,1773,999,0.3370081733510739,0.7360272407531738
agglomerative,0.95,1828,999,0.34746245960843947,0.730908989906311
agglomerative,0.95,1884,999,0.3581068237977571,0.7179633975028992
agglomerative,0.95,1939,999,0.3685611100551226,0.7100933790206909
agglomerative,0.95,1994,999,0.3790153963124881,0.702543318271637
agglomerative,0.95,2050,999,0.38965976050180573,0.6954255104064941
agglomerative,0.95,2105,999,0.4001140467591713,0.6891308426856995
agglomerative,0.95,2160,999,0.4105683330165368,0.6836063861846924
agglomerative,0.95,2216,999,0.4212126972058544,0.6768282651901245
agglomerative,0.95,2271,999,0.4316669834632199,0.6681858897209167
agglomerative,0.95,2326,999,0.44212126972058546,0.6590064764022827
agglomerative,0.95,2382,999,0.45276563390990304,0.6525169610977173
agglomerative,0.95,2437,999,0.4632199201672686,0.6442744135856628
agglomerative,0.95,2493,999,0.4738642843565862,0.63679438829422
agglomerative,0.95,2548,999,0.4843185706139517,0.6261110901832581
agglomerative,0.95,2603,999,0.4947728568713172,0.6191949844360352
agglomerative,0.95,2659,999,0.5054172210606349,0.6118851900100708
agglomerative,0.95,2714,999,0.5158715073180004,0.602820634841919
agglomerative,0.95,2769,999,0.5263257935753659,0.5909672975540161
agglomerative,0.95,2825,999,0.5369701577646835,0.5790053009986877
agglomerative,0.95,2880,999,0.547424444022049,0.569329023361206
agglomerative,0.95,2936,999,0.5580688082113666,0.559687614440918
agglomerative,0.95,2991,999,0.5685230944687322,0.5498100519180298
agglomerative,0.95,3046,999,0.5789773807260977,0.5389417409896851
agglomerative,0.95,3102,999,0.5896217449154153,0.528020977973938
agglomerative,0.95,3157,999,0.6000760311727809,0.515210747718811
agglomerative,0.95,3212,999,0.6105303174301464,0.5002384185791016
agglomerative,0.95,3268,999,0.621174681619464,0.4870469570159912
agglomerative,0.95,3323,999,0.6316289678768295,0.47468823194503784
agglomerative,0.95,3378,999,0.642083254134195,0.45943403244018555
agglomerative,0.95,3434,999,0.6527276183235127,0.44426780939102173
agglomerative,0.95,3489,999,0.6631819045808781,0.42731744050979614
agglomerative,0.95,3545,999,0.6738262687701958,0.41182416677474976
agglomerative,0.95,3600,999,0.6842805550275614,0.39576923847198486
agglomerative,0.95,3655,999,0.6947348412849268,0.3788130283355713
agglomerative,0.95,3711,999,0.7053792054742445,0.3605417013168335
agglomerative,0.95,3766,999,0.7158334917316099,0.34081095457077026
agglomerative,0.95,3821,999,0.7262877779889755,0.3206116557121277
agglomerative,0.95,3877,999,0.7369321421782931,0.29873126745224
agglomerative,0.95,3932,999,0.7473864284356586,0.2758216857910156
agglomerative,0.95,3988,999,0.7580307926249762,0.2508763074874878
agglomerative,0.95,4043,999,0.7684850788823417,0.1943179965019226
agglomerative,0.95,4098,999,0.7789393651397073,0.12834662199020386
agglomerative,0.95,4154,999,0.7895837293290249,0.08256691694259644
agglomerative,0.95,4209,999,0.8000380155863904,0.04338359832763672
agglomerative,0.95,4264,999,0.810492301843756,0.0273287296295166
agglomerative,0.95,4320,999,0.8211366660330736,0.025898516178131104
agglomerative,0.95,4375,999,0.8315909522904391,0.02458500862121582
agglomerative,0.95,4430,999,0.8420452385478046,0.023231029510498047
agglomerative,0.95,4486,999,0.8526896027371222,0.021927177906036377
agglomerative,0.95,4541,999,0.8631438889944877,0.020654916763305664
agglomerative,0.95,4597,999,0.8737882531838054,0.019293367862701416
agglomerative,0.95,4652,999,0.8842425394411709,0.01798766851425171
agglomerative,0.95,4707,999,0.8946968256985364,0.01670604944229126
agglomerative,0.95,4763,999,0.9053411898878541,0.015252470970153809
agglomerative,0.95,4818,999,0.9157954761452195,0.013815999031066895
agglomerative,0.95,4873,999,0.926249762402585,0.012337863445281982
agglomerative,0.95,4929,999,0.9368941265919026,0.010680079460144043
agglomerative,0.95,4984,999,0.9473484128492682,0.009021580219268799
agglomerative,0.95,5040,999,0.9579927770385859,0.007241606712341309
agglomerative,0.95,5095,999,0.9684470632959513,0.005234420299530029
agglomerative,0.95,5150,999,0.9789013495533169,0.0029492974281311035
agglomerative,0.95,5206,999,0.9895457137426344,0.000409543514251709
agglomerative,0.95,5261,999,1.0,0.0
